legacy_row_id,legacy_profession,legacy_secondary_profession,legacy_tier,legacy_rarity,legacy_name,legacy_category,legacy_craft_type,legacy_description,legacy_use,legacy_output_qty,legacy_base_price_gp,legacy_vendor_price_gp,legacy_sale_price_gp,legacy_component_1,legacy_component_1_qty,legacy_component_1_source,legacy_component_2,legacy_component_2_qty,legacy_component_2_source,legacy_component_3,legacy_component_3_qty,legacy_component_3_source,legacy_components_json
1,Blacksmithing,,1,Common,Armor of Gleaming,Armor/Shield,shield,Crafted item (Common).,Crafting output for Blacksmithing.,1,20,20,10,Frostsalt Crystal (T1),1,Mining,Forge Flux (T1),1,Mining,Wild Heart (T1),1,Hunting,"[{""name"":""Frostsalt Crystal (T1)"",""qty"":1,""gathering_profession"":""Mining""},{""name"":""Forge Flux (T1)"",""qty"":1,""gathering_profession"":""Mining""},{""name"":""Wild Heart (T1)"",""qty"":1,""gathering_profession"":""Hunting""}]"
2,Blacksmithing,,1,Common,Cast-Off Armor,Armor/Shield,shield,Crafted item (Common).,Crafting output for Blacksmithing.,1,20,20,10,Forge Flux (T1),1,Mining,Forge Flux (T1),1,Mining,Wild Heart (T1),1,Hunting,"[{""name"":""Forge Flux (T1)"",""qty"":1,""gathering_profession"":""Mining""},{""name"":""Forge Flux (T1)"",""qty"":1,""gathering_profession"":""Mining""},{""name"":""Wild Heart (T1)"",""qty"":1,""gathering_profession"":""Hunting""}]"
3,Blacksmithing,,1,Common,Shield of Expression,Armor/Shield,shield,Crafted item (Common).,Crafting output for Blacksmithing.,1,20,20,10,Emberstone Chunk (T1),1,Mining,Forge Flux (T1),1,Mining,Wild Heart (T1),1,Hunting,"[{""name"":""Emberstone Chunk (T1)"",""qty"":1,""gathering_profession"":""Mining""},{""name"":""Forge Flux (T1)"",""qty"":1,""gathering_profession"":""Mining""},{""name"":""Wild Heart (T1)"",""qty"":1,""gathering_profession"":""Hunting""}]"
4,Blacksmithing,,1,Common,Smoldering armor,Armor/Shield,shield,Crafted item (Common).,Crafting output for Blacksmithing.,1,20,20,10,Starcut Gem (T1),1,Mining,Forge Flux (T1),1,Mining,Wild Heart (T1),1,Hunting,"[{""name"":""Starcut Gem (T1)"",""qty"":1,""gathering_profession"":""Mining""},{""name"":""Forge Flux (T1)"",""qty"":1,""gathering_profession"":""Mining""},{""name"":""Wild Heart (T1)"",""qty"":1,""gathering_profession"":""Hunting""}]"
5,Blacksmithing,,1,Common,Moon-Touched Sword,Weapon,weapon,Crafted item (Common).,Crafting output for Blacksmithing.,1,20,20,10,Deepvein Ore (T1),1,Mining,Starcut Gem (T1),1,Mining,Keen Eye (T1),1,Hunting,"[{""name"":""Deepvein Ore (T1)"",""qty"":1,""gathering_profession"":""Mining""},{""name"":""Starcut Gem (T1)"",""qty"":1,""gathering_profession"":""Mining""},{""name"":""Keen Eye (T1)"",""qty"":1,""gathering_profession"":""Hunting""}]"
6,Blacksmithing,,1,Common,Silvered Weapon,Weapon,weapon,Crafted item (Common).,Crafting output for Blacksmithing.,1,20,20,10,Emberstone Chunk (T1),1,Mining,Starcut Gem (T1),1,Mining,Keen Eye (T1),1,Hunting,"[{""name"":""Emberstone Chunk (T1)"",""qty"":1,""gathering_profession"":""Mining""},{""name"":""Starcut Gem (T1)"",""qty"":1,""gathering_profession"":""Mining""},{""name"":""Keen Eye (T1)"",""qty"":1,""gathering_profession"":""Hunting""}]"
7,Blacksmithing,,1,Common,Unbreakable arrow,Weapon,weapon,Crafted item (Common).,Crafting output for Blacksmithing.,1,20,20,10,Frostsalt Crystal (T1),1,Mining,Starcut Gem (T1),1,Mining,Keen Eye (T1),1,Hunting,"[{""name"":""Frostsalt Crystal (T1)"",""qty"":1,""gathering_profession"":""Mining""},{""name"":""Starcut Gem (T1)"",""qty"":1,""gathering_profession"":""Mining""},{""name"":""Keen Eye (T1)"",""qty"":1,""gathering_profession"":""Hunting""}]"
8,Blacksmithing,,1,Common,Walloping ammunition,Weapon,weapon,Crafted item (Common).,Crafting output for Blacksmithing.,1,20,20,10,Mythic Alloy (T1),1,Mining,Starcut Gem (T1),1,Mining,Keen Eye (T1),1,Hunting,"[{""name"":""Mythic Alloy (T1)"",""qty"":1,""gathering_profession"":""Mining""},{""name"":""Starcut Gem (T1)"",""qty"":1,""gathering_profession"":""Mining""},{""name"":""Keen Eye (T1)"",""qty"":1,""gathering_profession"":""Hunting""}]"
9,Blacksmithing,,2,Uncommon,Ammunition(10) (+1),Ammunition,smith_misc,Crafted item (Uncommon).,Crafting output for Blacksmithing.,1,200,200,100,Deepvein Ore (T2),1,Mining,Forge Flux (T2),1,Mining,Wild Heart (T2),1,Hunting,"[{""name"":""Deepvein Ore (T2)"",""qty"":1,""gathering_profession"":""Mining""},{""name"":""Forge Flux (T2)"",""qty"":1,""gathering_profession"":""Mining""},{""name"":""Wild Heart (T2)"",""qty"":1,""gathering_profession"":""Hunting""}]"
10,Blacksmithing,,2,Uncommon,Adamantine Armor,Armor/Shield,shield,Crafted item (Uncommon).,Crafting output for Blacksmithing.,1,200,200,100,Forge Flux (T2),1,Mining,Deepvein Ore (T2),1,Mining,Dragon Gland (T2),1,Hunting,"[{""name"":""Forge Flux (T2)"",""qty"":1,""gathering_profession"":""Mining""},{""name"":""Deepvein Ore (T2)"",""qty"":1,""gathering_profession"":""Mining""},{""name"":""Dragon Gland (T2)"",""qty"":1,""gathering_profession"":""Hunting""}]"
11,Blacksmithing,,2,Uncommon,Brooch of shielding,Armor/Shield,shield,Crafted item (Uncommon).,Crafting output for Blacksmithing.,1,200,200,100,Primal Shard (T2),1,Mining,Deepvein Ore (T2),1,Mining,Dragon Gland (T2),1,Hunting,"[{""name"":""Primal Shard (T2)"",""qty"":1,""gathering_profession"":""Mining""},{""name"":""Deepvein Ore (T2)"",""qty"":1,""gathering_profession"":""Mining""},{""name"":""Dragon Gland (T2)"",""qty"":1,""gathering_profession"":""Hunting""}]"
12,Blacksmithing,,2,Uncommon,Enspelled Armour (Level 1),Armor/Shield,shield,Crafted item (Uncommon).,Crafting output for Blacksmithing.,1,200,200,100,Mythic Alloy (T2),1,Mining,Deepvein Ore (T2),1,Mining,Dragon Gland (T2),1,Hunting,"[{""name"":""Mythic Alloy (T2)"",""qty"":1,""gathering_profession"":""Mining""},{""name"":""Deepvein Ore (T2)"",""qty"":1,""gathering_profession"":""Mining""},{""name"":""Dragon Gland (T2)"",""qty"":1,""gathering_profession"":""Hunting""}]"
13,Blacksmithing,,2,Uncommon,Mariner's Armor,Armor/Shield,shield,Crafted item (Uncommon).,Crafting output for Blacksmithing.,1,200,200,100,Deepvein Ore (T2),1,Mining,Deepvein Ore (T2),1,Mining,Dragon Gland (T2),1,Hunting,"[{""name"":""Deepvein Ore (T2)"",""qty"":1,""gathering_profession"":""Mining""},{""name"":""Deepvein Ore (T2)"",""qty"":1,""gathering_profession"":""Mining""},{""name"":""Dragon Gland (T2)"",""qty"":1,""gathering_profession"":""Hunting""}]"
14,Blacksmithing,,2,Uncommon,Mariner’s armor,Armor/Shield,shield,Crafted item (Uncommon).,Crafting output for Blacksmithing.,1,200,200,100,Emberstone Chunk (T2),1,Mining,Deepvein Ore (T2),1,Mining,Dragon Gland (T2),1,Hunting,"[{""name"":""Emberstone Chunk (T2)"",""qty"":1,""gathering_profession"":""Mining""},{""name"":""Deepvein Ore (T2)"",""qty"":1,""gathering_profession"":""Mining""},{""name"":""Dragon Gland (T2)"",""qty"":1,""gathering_profession"":""Hunting""}]"
15,Blacksmithing,,2,Uncommon,Mithral Armor,Armor/Shield,shield,Crafted item (Uncommon).,Crafting output for Blacksmithing.,1,200,200,100,Frostsalt Crystal (T2),1,Mining,Deepvein Ore (T2),1,Mining,Dragon Gland (T2),1,Hunting,"[{""name"":""Frostsalt Crystal (T2)"",""qty"":1,""gathering_profession"":""Mining""},{""name"":""Deepvein Ore (T2)"",""qty"":1,""gathering_profession"":""Mining""},{""name"":""Dragon Gland (T2)"",""qty"":1,""gathering_profession"":""Hunting""}]"
16,Blacksmithing,,2,Uncommon,Ring of mind shielding,Armor/Shield,shield,Crafted item (Uncommon).,Crafting output for Blacksmithing.,1,200,200,100,Starcut Gem (T2),1,Mining,Deepvein Ore (T2),1,Mining,Dragon Gland (T2),1,Hunting,"[{""name"":""Starcut Gem (T2)"",""qty"":1,""gathering_profession"":""Mining""},{""name"":""Deepvein Ore (T2)"",""qty"":1,""gathering_profession"":""Mining""},{""name"":""Dragon Gland (T2)"",""qty"":1,""gathering_profession"":""Hunting""}]"
17,Blacksmithing,,2,Uncommon,Sentinel Shield,Armor/Shield,shield,Crafted item (Uncommon).,Crafting output for Blacksmithing.,1,200,200,100,Emberstone Chunk (T2),1,Mining,Deepvein Ore (T2),1,Mining,Chimera Horn (T2),1,Hunting,"[{""name"":""Emberstone Chunk (T2)"",""qty"":1,""gathering_profession"":""Mining""},{""name"":""Deepvein Ore (T2)"",""qty"":1,""gathering_profession"":""Mining""},{""name"":""Chimera Horn (T2)"",""qty"":1,""gathering_profession"":""Hunting""}]"
18,Blacksmithing,,2,Uncommon,Shield (+1),Armor/Shield,shield,Crafted item (Uncommon).,Crafting output for Blacksmithing.,1,200,200,100,Emberstone Chunk (T2),1,Mining,Deepvein Ore (T2),1,Mining,Wild Heart (T2),1,Hunting,"[{""name"":""Emberstone Chunk (T2)"",""qty"":1,""gathering_profession"":""Mining""},{""name"":""Deepvein Ore (T2)"",""qty"":1,""gathering_profession"":""Mining""},{""name"":""Wild Heart (T2)"",""qty"":1,""gathering_profession"":""Hunting""}]"
19,Blacksmithing,,2,Uncommon,"Shield, +1",Armor/Shield,shield,Crafted item (Uncommon).,Crafting output for Blacksmithing.,1,200,200,100,Emberstone Chunk (T2),1,Mining,Deepvein Ore (T2),1,Mining,Feathered Wing (T2),1,Hunting,"[{""name"":""Emberstone Chunk (T2)"",""qty"":1,""gathering_profession"":""Mining""},{""name"":""Deepvein Ore (T2)"",""qty"":1,""gathering_profession"":""Mining""},{""name"":""Feathered Wing (T2)"",""qty"":1,""gathering_profession"":""Hunting""}]"
20,Blacksmithing,,2,Uncommon,Adamantine Weapon,Weapon,weapon,Crafted item (Uncommon).,Crafting output for Blacksmithing.,1,200,200,100,Mythic Alloy (T2),1,Mining,Forge Flux (T2),1,Mining,Wild Heart (T2),1,Hunting,"[{""name"":""Mythic Alloy (T2)"",""qty"":1,""gathering_profession"":""Mining""},{""name"":""Forge Flux (T2)"",""qty"":1,""gathering_profession"":""Mining""},{""name"":""Wild Heart (T2)"",""qty"":1,""gathering_profession"":""Hunting""}]"
21,Blacksmithing,,2,Uncommon,"Ammunition, +1",Weapon,weapon,Crafted item (Uncommon).,Crafting output for Blacksmithing.,1,200,200,100,Deepvein Ore (T2),1,Mining,Forge Flux (T2),1,Mining,Wild Heart (T2),1,Hunting,"[{""name"":""Deepvein Ore (T2)"",""qty"":1,""gathering_profession"":""Mining""},{""name"":""Forge Flux (T2)"",""qty"":1,""gathering_profession"":""Mining""},{""name"":""Wild Heart (T2)"",""qty"":1,""gathering_profession"":""Hunting""}]"
22,Blacksmithing,,2,Uncommon,Enspelled Weapon (Level 1),Weapon,weapon,Crafted item (Uncommon).,Crafting output for Blacksmithing.,1,200,200,100,Emberstone Chunk (T2),1,Mining,Forge Flux (T2),1,Mining,Wild Heart (T2),1,Hunting,"[{""name"":""Emberstone Chunk (T2)"",""qty"":1,""gathering_profession"":""Mining""},{""name"":""Forge Flux (T2)"",""qty"":1,""gathering_profession"":""Mining""},{""name"":""Wild Heart (T2)"",""qty"":1,""gathering_profession"":""Hunting""}]"
23,Blacksmithing,,2,Uncommon,Javelin of Lightning,Weapon,weapon,Crafted item (Uncommon).,Crafting output for Blacksmithing.,1,200,200,100,Starcut Gem (T2),1,Mining,Forge Flux (T2),1,Mining,Wild Heart (T2),1,Hunting,"[{""name"":""Starcut Gem (T2)"",""qty"":1,""gathering_profession"":""Mining""},{""name"":""Forge Flux (T2)"",""qty"":1,""gathering_profession"":""Mining""},{""name"":""Wild Heart (T2)"",""qty"":1,""gathering_profession"":""Hunting""}]"
24,Blacksmithing,,2,Uncommon,Sword of vengeance,Weapon,weapon,Crafted item (Uncommon).,Crafting output for Blacksmithing.,1,200,200,100,Frostsalt Crystal (T2),1,Mining,Forge Flux (T2),1,Mining,Wild Heart (T2),1,Hunting,"[{""name"":""Frostsalt Crystal (T2)"",""qty"":1,""gathering_profession"":""Mining""},{""name"":""Forge Flux (T2)"",""qty"":1,""gathering_profession"":""Mining""},{""name"":""Wild Heart (T2)"",""qty"":1,""gathering_profession"":""Hunting""}]"
25,Blacksmithing,,2,Uncommon,Trident of Fish Command,Weapon,weapon,Crafted item (Uncommon).,Crafting output for Blacksmithing.,1,200,200,100,Forge Flux (T2),1,Mining,Forge Flux (T2),1,Mining,Wild Heart (T2),1,Hunting,"[{""name"":""Forge Flux (T2)"",""qty"":1,""gathering_profession"":""Mining""},{""name"":""Forge Flux (T2)"",""qty"":1,""gathering_profession"":""Mining""},{""name"":""Wild Heart (T2)"",""qty"":1,""gathering_profession"":""Hunting""}]"
26,Blacksmithing,,2,Uncommon,Weapon (+1),Weapon,weapon,Crafted item (Uncommon).,Crafting output for Blacksmithing.,1,200,200,100,Primal Shard (T2),1,Mining,Forge Flux (T2),1,Mining,Wild Heart (T2),1,Hunting,"[{""name"":""Primal Shard (T2)"",""qty"":1,""gathering_profession"":""Mining""},{""name"":""Forge Flux (T2)"",""qty"":1,""gathering_profession"":""Mining""},{""name"":""Wild Heart (T2)"",""qty"":1,""gathering_profession"":""Hunting""}]"
27,Blacksmithing,,2,Uncommon,Weapon of Warning,Weapon,weapon,Crafted item (Uncommon).,Crafting output for Blacksmithing.,1,200,200,100,Primal Shard (T2),1,Mining,Forge Flux (T2),1,Mining,Feathered Wing (T2),1,Hunting,"[{""name"":""Primal Shard (T2)"",""qty"":1,""gathering_profession"":""Mining""},{""name"":""Forge Flux (T2)"",""qty"":1,""gathering_profession"":""Mining""},{""name"":""Feathered Wing (T2)"",""qty"":1,""gathering_profession"":""Hunting""}]"
28,Blacksmithing,,2,Uncommon,"Weapon, +1",Weapon,weapon,Crafted item (Uncommon).,Crafting output for Blacksmithing.,1,200,200,100,Primal Shard (T2),1,Mining,Forge Flux (T2),1,Mining,Dragon Gland (T2),1,Hunting,"[{""name"":""Primal Shard (T2)"",""qty"":1,""gathering_profession"":""Mining""},{""name"":""Forge Flux (T2)"",""qty"":1,""gathering_profession"":""Mining""},{""name"":""Dragon Gland (T2)"",""qty"":1,""gathering_profession"":""Hunting""}]"
29,Blacksmithing,,3,Rare,Ammunition(10) (+2),Ammunition,smith_misc,Crafted item (Rare).,Crafting output for Blacksmithing.,1,1500,1500,750,Mythic Alloy (T3),1,Mining,Starcut Gem (T3),1,Mining,Keen Eye (T3),1,Hunting,"[{""name"":""Mythic Alloy (T3)"",""qty"":1,""gathering_profession"":""Mining""},{""name"":""Starcut Gem (T3)"",""qty"":1,""gathering_profession"":""Mining""},{""name"":""Keen Eye (T3)"",""qty"":1,""gathering_profession"":""Hunting""}]"
30,Blacksmithing,,3,Rare,Armor of resistance,Armor/Shield,shield,Crafted item (Rare).,Crafting output for Blacksmithing.,1,1500,1500,750,Forge Flux (T3),1,Mining,Primal Shard (T3),1,Mining,Feathered Wing (T3),1,Hunting,"[{""name"":""Forge Flux (T3)"",""qty"":1,""gathering_profession"":""Mining""},{""name"":""Primal Shard (T3)"",""qty"":1,""gathering_profession"":""Mining""},{""name"":""Feathered Wing (T3)"",""qty"":1,""gathering_profession"":""Hunting""}]"
31,Blacksmithing,,3,Rare,Armor of vulnerability,Armor/Shield,shield,Crafted item (Rare).,Crafting output for Blacksmithing.,1,1500,1500,750,Starcut Gem (T3),1,Mining,Primal Shard (T3),1,Mining,Feathered Wing (T3),1,Hunting,"[{""name"":""Starcut Gem (T3)"",""qty"":1,""gathering_profession"":""Mining""},{""name"":""Primal Shard (T3)"",""qty"":1,""gathering_profession"":""Mining""},{""name"":""Feathered Wing (T3)"",""qty"":1,""gathering_profession"":""Hunting""}]"
32,Blacksmithing,,3,Rare,"Armor, +1",Armor/Shield,shield,Crafted item (Rare).,Crafting output for Blacksmithing.,1,1500,1500,750,Mythic Alloy (T3),1,Mining,Primal Shard (T3),1,Mining,Feathered Wing (T3),1,Hunting,"[{""name"":""Mythic Alloy (T3)"",""qty"":1,""gathering_profession"":""Mining""},{""name"":""Primal Shard (T3)"",""qty"":1,""gathering_profession"":""Mining""},{""name"":""Feathered Wing (T3)"",""qty"":1,""gathering_profession"":""Hunting""}]"
33,Blacksmithing,,3,Rare,Armour (+1),Armor/Shield,shield,Crafted item (Rare).,Crafting output for Blacksmithing.,1,1500,1500,750,Deepvein Ore (T3),1,Mining,Primal Shard (T3),1,Mining,Feathered Wing (T3),1,Hunting,"[{""name"":""Deepvein Ore (T3)"",""qty"":1,""gathering_profession"":""Mining""},{""name"":""Primal Shard (T3)"",""qty"":1,""gathering_profession"":""Mining""},{""name"":""Feathered Wing (T3)"",""qty"":1,""gathering_profession"":""Hunting""}]"
34,Blacksmithing,,3,Rare,Armour of Resistance,Armor/Shield,shield,Crafted item (Rare).,Crafting output for Blacksmithing.,1,1500,1500,750,Emberstone Chunk (T3),1,Mining,Primal Shard (T3),1,Mining,Feathered Wing (T3),1,Hunting,"[{""name"":""Emberstone Chunk (T3)"",""qty"":1,""gathering_profession"":""Mining""},{""name"":""Primal Shard (T3)"",""qty"":1,""gathering_profession"":""Mining""},{""name"":""Feathered Wing (T3)"",""qty"":1,""gathering_profession"":""Hunting""}]"
35,Blacksmithing,,3,Rare,Arrow-catching shield,Armor/Shield,shield,Crafted item (Rare).,Crafting output for Blacksmithing.,1,1500,1500,750,Frostsalt Crystal (T3),1,Mining,Primal Shard (T3),1,Mining,Feathered Wing (T3),1,Hunting,"[{""name"":""Frostsalt Crystal (T3)"",""qty"":1,""gathering_profession"":""Mining""},{""name"":""Primal Shard (T3)"",""qty"":1,""gathering_profession"":""Mining""},{""name"":""Feathered Wing (T3)"",""qty"":1,""gathering_profession"":""Hunting""}]"
36,Blacksmithing,,3,Rare,Enspelled Armour (Level 2),Armor/Shield,shield,Crafted item (Rare).,Crafting output for Blacksmithing.,1,1500,1500,750,Primal Shard (T3),1,Mining,Primal Shard (T3),1,Mining,Feathered Wing (T3),1,Hunting,"[{""name"":""Primal Shard (T3)"",""qty"":1,""gathering_profession"":""Mining""},{""name"":""Primal Shard (T3)"",""qty"":1,""gathering_profession"":""Mining""},{""name"":""Feathered Wing (T3)"",""qty"":1,""gathering_profession"":""Hunting""}]"
37,Blacksmithing,,3,Rare,Shield of missile attraction,Armor/Shield,shield,Crafted item (Rare).,Crafting output for Blacksmithing.,1,1500,1500,750,Mythic Alloy (T3),1,Mining,Primal Shard (T3),1,Mining,Keen Eye (T3),1,Hunting,"[{""name"":""Mythic Alloy (T3)"",""qty"":1,""gathering_profession"":""Mining""},{""name"":""Primal Shard (T3)"",""qty"":1,""gathering_profession"":""Mining""},{""name"":""Keen Eye (T3)"",""qty"":1,""gathering_profession"":""Hunting""}]"
38,Blacksmithing,,3,Rare,"Shield, +2",Armor/Shield,shield,Crafted item (Rare).,Crafting output for Blacksmithing.,1,1500,1500,750,Mythic Alloy (T3),1,Mining,Primal Shard (T3),1,Mining,Wild Heart (T3),1,Hunting,"[{""name"":""Mythic Alloy (T3)"",""qty"":1,""gathering_profession"":""Mining""},{""name"":""Primal Shard (T3)"",""qty"":1,""gathering_profession"":""Mining""},{""name"":""Wild Heart (T3)"",""qty"":1,""gathering_profession"":""Hunting""}]"
39,Blacksmithing,,3,Rare,Berserker axe,Weapon,weapon,Crafted item (Rare).,Crafting output for Blacksmithing.,1,1500,1500,750,Starcut Gem (T3),1,Mining,Primal Shard (T3),1,Mining,Feathered Wing (T3),1,Hunting,"[{""name"":""Starcut Gem (T3)"",""qty"":1,""gathering_profession"":""Mining""},{""name"":""Primal Shard (T3)"",""qty"":1,""gathering_profession"":""Mining""},{""name"":""Feathered Wing (T3)"",""qty"":1,""gathering_profession"":""Hunting""}]"
40,Blacksmithing,,3,Rare,Bowl of Commanding Water Elementals,Weapon,weapon,Crafted item (Rare).,Crafting output for Blacksmithing.,1,1500,1500,750,Deepvein Ore (T3),1,Mining,Primal Shard (T3),1,Mining,Feathered Wing (T3),1,Hunting,"[{""name"":""Deepvein Ore (T3)"",""qty"":1,""gathering_profession"":""Mining""},{""name"":""Primal Shard (T3)"",""qty"":1,""gathering_profession"":""Mining""},{""name"":""Feathered Wing (T3)"",""qty"":1,""gathering_profession"":""Hunting""}]"
41,Blacksmithing,,3,Rare,Dagger of Venom,Weapon,weapon,Crafted item (Rare).,Crafting output for Blacksmithing.,1,1500,1500,750,Mythic Alloy (T3),1,Mining,Primal Shard (T3),1,Mining,Feathered Wing (T3),1,Hunting,"[{""name"":""Mythic Alloy (T3)"",""qty"":1,""gathering_profession"":""Mining""},{""name"":""Primal Shard (T3)"",""qty"":1,""gathering_profession"":""Mining""},{""name"":""Feathered Wing (T3)"",""qty"":1,""gathering_profession"":""Hunting""}]"
42,Blacksmithing,,3,Rare,Dragon Slayer,Weapon,weapon,Crafted item (Rare).,Crafting output for Blacksmithing.,1,1500,1500,750,Emberstone Chunk (T3),1,Mining,Primal Shard (T3),1,Mining,Feathered Wing (T3),1,Hunting,"[{""name"":""Emberstone Chunk (T3)"",""qty"":1,""gathering_profession"":""Mining""},{""name"":""Primal Shard (T3)"",""qty"":1,""gathering_profession"":""Mining""},{""name"":""Feathered Wing (T3)"",""qty"":1,""gathering_profession"":""Hunting""}]"
43,Blacksmithing,,3,Rare,Enspelled Weapon (Level 3),Weapon,weapon,Crafted item (Rare).,Crafting output for Blacksmithing.,1,1500,1500,750,Forge Flux (T3),1,Mining,Primal Shard (T3),1,Mining,Feathered Wing (T3),1,Hunting,"[{""name"":""Forge Flux (T3)"",""qty"":1,""gathering_profession"":""Mining""},{""name"":""Primal Shard (T3)"",""qty"":1,""gathering_profession"":""Mining""},{""name"":""Feathered Wing (T3)"",""qty"":1,""gathering_profession"":""Hunting""}]"
44,Blacksmithing,,3,Rare,Flame Tongue,Weapon,weapon,Crafted item (Rare).,Crafting output for Blacksmithing.,1,1500,1500,750,Frostsalt Crystal (T3),1,Mining,Primal Shard (T3),1,Mining,Feathered Wing (T3),1,Hunting,"[{""name"":""Frostsalt Crystal (T3)"",""qty"":1,""gathering_profession"":""Mining""},{""name"":""Primal Shard (T3)"",""qty"":1,""gathering_profession"":""Mining""},{""name"":""Feathered Wing (T3)"",""qty"":1,""gathering_profession"":""Hunting""}]"
45,Blacksmithing,,3,Rare,Giant Slayer,Weapon,weapon,Crafted item (Rare).,Crafting output for Blacksmithing.,1,1500,1500,750,Primal Shard (T3),1,Mining,Primal Shard (T3),1,Mining,Feathered Wing (T3),1,Hunting,"[{""name"":""Primal Shard (T3)"",""qty"":1,""gathering_profession"":""Mining""},{""name"":""Primal Shard (T3)"",""qty"":1,""gathering_profession"":""Mining""},{""name"":""Feathered Wing (T3)"",""qty"":1,""gathering_profession"":""Hunting""}]"
46,Blacksmithing,,3,Rare,Mace of Terror,Weapon,weapon,Crafted item (Rare).,Crafting output for Blacksmithing.,1,1500,1500,750,Mythic Alloy (T3),1,Mining,Primal Shard (T3),1,Mining,Keen Eye (T3),1,Hunting,"[{""name"":""Mythic Alloy (T3)"",""qty"":1,""gathering_profession"":""Mining""},{""name"":""Primal Shard (T3)"",""qty"":1,""gathering_profession"":""Mining""},{""name"":""Keen Eye (T3)"",""qty"":1,""gathering_profession"":""Hunting""}]"
47,Blacksmithing,,3,Rare,Sun Blade,Weapon,weapon,Crafted item (Rare).,Crafting output for Blacksmithing.,1,1500,1500,750,Mythic Alloy (T3),1,Mining,Primal Shard (T3),1,Mining,Razor Fang (T3),1,Hunting,"[{""name"":""Mythic Alloy (T3)"",""qty"":1,""gathering_profession"":""Mining""},{""name"":""Primal Shard (T3)"",""qty"":1,""gathering_profession"":""Mining""},{""name"":""Razor Fang (T3)"",""qty"":1,""gathering_profession"":""Hunting""}]"
48,Blacksmithing,,3,Rare,Sword of Wounding,Weapon,weapon,Crafted item (Rare).,Crafting output for Blacksmithing.,1,1500,1500,750,Mythic Alloy (T3),1,Mining,Primal Shard (T3),1,Mining,Wild Heart (T3),1,Hunting,"[{""name"":""Mythic Alloy (T3)"",""qty"":1,""gathering_profession"":""Mining""},{""name"":""Primal Shard (T3)"",""qty"":1,""gathering_profession"":""Mining""},{""name"":""Wild Heart (T3)"",""qty"":1,""gathering_profession"":""Hunting""}]"
49,Blacksmithing,,3,Rare,Weapon (+2),Weapon,weapon,Crafted item (Rare).,Crafting output for Blacksmithing.,1,1500,1500,750,Mythic Alloy (T3),1,Mining,Primal Shard (T3),1,Mining,Chimera Horn (T3),1,Hunting,"[{""name"":""Mythic Alloy (T3)"",""qty"":1,""gathering_profession"":""Mining""},{""name"":""Primal Shard (T3)"",""qty"":1,""gathering_profession"":""Mining""},{""name"":""Chimera Horn (T3)"",""qty"":1,""gathering_profession"":""Hunting""}]"
50,Blacksmithing,,4,Rare,Arrow-Catching Shield,Ammunition,shield,Crafted item (Rare).,Crafting output for Blacksmithing.,1,3750,3750,1875,Deepvein Ore (T4),1,Mining,Emberstone Chunk (T4),1,Mining,Sturdy Hide (T4),1,Hunting,"[{""name"":""Deepvein Ore (T4)"",""qty"":1,""gathering_profession"":""Mining""},{""name"":""Emberstone Chunk (T4)"",""qty"":1,""gathering_profession"":""Mining""},{""name"":""Sturdy Hide (T4)"",""qty"":1,""gathering_profession"":""Hunting""}]"
51,Blacksmithing,,4,Very Rare,Dwarven Plate,Armor/Shield,shield,Crafted item (Very Rare).,Crafting output for Blacksmithing.,1,7500,7500,3750,Emberstone Chunk (T4),1,Mining,Emberstone Chunk (T4),1,Mining,Sturdy Hide (T4),1,Hunting,"[{""name"":""Emberstone Chunk (T4)"",""qty"":1,""gathering_profession"":""Mining""},{""name"":""Emberstone Chunk (T4)"",""qty"":1,""gathering_profession"":""Mining""},{""name"":""Sturdy Hide (T4)"",""qty"":1,""gathering_profession"":""Hunting""}]"
52,Blacksmithing,,4,Rare,Elven chain,Armor/Shield,shield,Crafted item (Rare).,Crafting output for Blacksmithing.,1,3750,3750,1875,Frostsalt Crystal (T4),1,Mining,Emberstone Chunk (T4),1,Mining,Sturdy Hide (T4),1,Hunting,"[{""name"":""Frostsalt Crystal (T4)"",""qty"":1,""gathering_profession"":""Mining""},{""name"":""Emberstone Chunk (T4)"",""qty"":1,""gathering_profession"":""Mining""},{""name"":""Sturdy Hide (T4)"",""qty"":1,""gathering_profession"":""Hunting""}]"
53,Blacksmithing,,4,Rare,Enspelled Armour (Level 3),Armor/Shield,shield,Crafted item (Rare).,Crafting output for Blacksmithing.,1,3750,3750,1875,Forge Flux (T4),1,Mining,Emberstone Chunk (T4),1,Mining,Sturdy Hide (T4),1,Hunting,"[{""name"":""Forge Flux (T4)"",""qty"":1,""gathering_profession"":""Mining""},{""name"":""Emberstone Chunk (T4)"",""qty"":1,""gathering_profession"":""Mining""},{""name"":""Sturdy Hide (T4)"",""qty"":1,""gathering_profession"":""Hunting""}]"
54,Blacksmithing,,4,Very Rare,Enspelled Armour (Level 4),Armor/Shield,shield,Crafted item (Very Rare).,Crafting output for Blacksmithing.,1,7500,7500,3750,Starcut Gem (T4),1,Mining,Emberstone Chunk (T4),1,Mining,Sturdy Hide (T4),1,Hunting,"[{""name"":""Starcut Gem (T4)"",""qty"":1,""gathering_profession"":""Mining""},{""name"":""Emberstone Chunk (T4)"",""qty"":1,""gathering_profession"":""Mining""},{""name"":""Sturdy Hide (T4)"",""qty"":1,""gathering_profession"":""Hunting""}]"
55,Blacksmithing,,4,Very Rare,Enspelled Armour (Level 5),Armor/Shield,shield,Crafted item (Very Rare).,Crafting output for Blacksmithing.,1,7500,7500,3750,Primal Shard (T4),1,Mining,Emberstone Chunk (T4),1,Mining,Sturdy Hide (T4),1,Hunting,"[{""name"":""Primal Shard (T4)"",""qty"":1,""gathering_profession"":""Mining""},{""name"":""Emberstone Chunk (T4)"",""qty"":1,""gathering_profession"":""Mining""},{""name"":""Sturdy Hide (T4)"",""qty"":1,""gathering_profession"":""Hunting""}]"
56,Blacksmithing,,4,Rare,Shield (+2),Armor/Shield,shield,Crafted item (Rare).,Crafting output for Blacksmithing.,1,3750,3750,1875,Mythic Alloy (T4),1,Mining,Emberstone Chunk (T4),1,Mining,Sturdy Hide (T4),1,Hunting,"[{""name"":""Mythic Alloy (T4)"",""qty"":1,""gathering_profession"":""Mining""},{""name"":""Emberstone Chunk (T4)"",""qty"":1,""gathering_profession"":""Mining""},{""name"":""Sturdy Hide (T4)"",""qty"":1,""gathering_profession"":""Hunting""}]"
57,Blacksmithing,,4,Very Rare,"Shield, +3",Armor/Shield,shield,Crafted item (Very Rare).,Crafting output for Blacksmithing.,1,7500,7500,3750,Frostsalt Crystal (T4),1,Mining,Emberstone Chunk (T4),1,Mining,Razor Fang (T4),1,Hunting,"[{""name"":""Frostsalt Crystal (T4)"",""qty"":1,""gathering_profession"":""Mining""},{""name"":""Emberstone Chunk (T4)"",""qty"":1,""gathering_profession"":""Mining""},{""name"":""Razor Fang (T4)"",""qty"":1,""gathering_profession"":""Hunting""}]"
58,Blacksmithing,,4,Rare,"Ammunition, +2",Weapon,weapon,Crafted item (Rare).,Crafting output for Blacksmithing.,1,3750,3750,1875,Mythic Alloy (T4),1,Mining,Frostsalt Crystal (T4),1,Mining,Razor Fang (T4),1,Hunting,"[{""name"":""Mythic Alloy (T4)"",""qty"":1,""gathering_profession"":""Mining""},{""name"":""Frostsalt Crystal (T4)"",""qty"":1,""gathering_profession"":""Mining""},{""name"":""Razor Fang (T4)"",""qty"":1,""gathering_profession"":""Hunting""}]"
59,Blacksmithing,,4,Very Rare,Arrow of slaying,Weapon,weapon,Crafted item (Very Rare).,Crafting output for Blacksmithing.,1,7500,7500,3750,Starcut Gem (T4),1,Mining,Frostsalt Crystal (T4),1,Mining,Razor Fang (T4),1,Hunting,"[{""name"":""Starcut Gem (T4)"",""qty"":1,""gathering_profession"":""Mining""},{""name"":""Frostsalt Crystal (T4)"",""qty"":1,""gathering_profession"":""Mining""},{""name"":""Razor Fang (T4)"",""qty"":1,""gathering_profession"":""Hunting""}]"
60,Blacksmithing,,4,Very Rare,Dancing Sword,Weapon,weapon,Crafted item (Very Rare).,Crafting output for Blacksmithing.,1,7500,7500,3750,Primal Shard (T4),1,Mining,Frostsalt Crystal (T4),1,Mining,Razor Fang (T4),1,Hunting,"[{""name"":""Primal Shard (T4)"",""qty"":1,""gathering_profession"":""Mining""},{""name"":""Frostsalt Crystal (T4)"",""qty"":1,""gathering_profession"":""Mining""},{""name"":""Razor Fang (T4)"",""qty"":1,""gathering_profession"":""Hunting""}]"
61,Blacksmithing,,4,Very Rare,Dwarven thrower,Weapon,weapon,Crafted item (Very Rare).,Crafting output for Blacksmithing.,1,7500,7500,3750,Emberstone Chunk (T4),1,Mining,Frostsalt Crystal (T4),1,Mining,Razor Fang (T4),1,Hunting,"[{""name"":""Emberstone Chunk (T4)"",""qty"":1,""gathering_profession"":""Mining""},{""name"":""Frostsalt Crystal (T4)"",""qty"":1,""gathering_profession"":""Mining""},{""name"":""Razor Fang (T4)"",""qty"":1,""gathering_profession"":""Hunting""}]"
62,Blacksmithing,,4,Very Rare,Energy Bow,Weapon,weapon,Crafted item (Very Rare).,Crafting output for Blacksmithing.,1,7500,7500,3750,Deepvein Ore (T4),1,Mining,Frostsalt Crystal (T4),1,Mining,Razor Fang (T4),1,Hunting,"[{""name"":""Deepvein Ore (T4)"",""qty"":1,""gathering_profession"":""Mining""},{""name"":""Frostsalt Crystal (T4)"",""qty"":1,""gathering_profession"":""Mining""},{""name"":""Razor Fang (T4)"",""qty"":1,""gathering_profession"":""Hunting""}]"
63,Blacksmithing,,4,Rare,Enspelled Weapon (Level 2),Weapon,weapon,Crafted item (Rare).,Crafting output for Blacksmithing.,1,3750,3750,1875,Frostsalt Crystal (T4),1,Mining,Frostsalt Crystal (T4),1,Mining,Razor Fang (T4),1,Hunting,"[{""name"":""Frostsalt Crystal (T4)"",""qty"":1,""gathering_profession"":""Mining""},{""name"":""Frostsalt Crystal (T4)"",""qty"":1,""gathering_profession"":""Mining""},{""name"":""Razor Fang (T4)"",""qty"":1,""gathering_profession"":""Hunting""}]"
64,Blacksmithing,,4,Very Rare,Executioner's Axe,Weapon,weapon,Crafted item (Very Rare).,Crafting output for Blacksmithing.,1,7500,7500,3750,Forge Flux (T4),1,Mining,Frostsalt Crystal (T4),1,Mining,Razor Fang (T4),1,Hunting,"[{""name"":""Forge Flux (T4)"",""qty"":1,""gathering_profession"":""Mining""},{""name"":""Frostsalt Crystal (T4)"",""qty"":1,""gathering_profession"":""Mining""},{""name"":""Razor Fang (T4)"",""qty"":1,""gathering_profession"":""Hunting""}]"
65,Blacksmithing,,4,Rare,Mace of Disruption,Weapon,weapon,Crafted item (Rare).,Crafting output for Blacksmithing.,1,3750,3750,1875,Starcut Gem (T4),1,Mining,Frostsalt Crystal (T4),1,Mining,Feathered Wing (T4),1,Hunting,"[{""name"":""Starcut Gem (T4)"",""qty"":1,""gathering_profession"":""Mining""},{""name"":""Frostsalt Crystal (T4)"",""qty"":1,""gathering_profession"":""Mining""},{""name"":""Feathered Wing (T4)"",""qty"":1,""gathering_profession"":""Hunting""}]"
66,Blacksmithing,,4,Rare,Mace of Smiting,Weapon,weapon,Crafted item (Rare).,Crafting output for Blacksmithing.,1,3750,3750,1875,Starcut Gem (T4),1,Mining,Frostsalt Crystal (T4),1,Mining,Sturdy Hide (T4),1,Hunting,"[{""name"":""Starcut Gem (T4)"",""qty"":1,""gathering_profession"":""Mining""},{""name"":""Frostsalt Crystal (T4)"",""qty"":1,""gathering_profession"":""Mining""},{""name"":""Sturdy Hide (T4)"",""qty"":1,""gathering_profession"":""Hunting""}]"
67,Blacksmithing,,4,Very Rare,Oathbow,Weapon,weapon,Crafted item (Very Rare).,Crafting output for Blacksmithing.,1,7500,7500,3750,Starcut Gem (T4),1,Mining,Frostsalt Crystal (T4),1,Mining,Keen Eye (T4),1,Hunting,"[{""name"":""Starcut Gem (T4)"",""qty"":1,""gathering_profession"":""Mining""},{""name"":""Frostsalt Crystal (T4)"",""qty"":1,""gathering_profession"":""Mining""},{""name"":""Keen Eye (T4)"",""qty"":1,""gathering_profession"":""Hunting""}]"
68,Blacksmithing,,4,Very Rare,Scimitar of speed,Weapon,weapon,Crafted item (Very Rare).,Crafting output for Blacksmithing.,1,7500,7500,3750,Starcut Gem (T4),1,Mining,Frostsalt Crystal (T4),1,Mining,Chimera Horn (T4),1,Hunting,"[{""name"":""Starcut Gem (T4)"",""qty"":1,""gathering_profession"":""Mining""},{""name"":""Frostsalt Crystal (T4)"",""qty"":1,""gathering_profession"":""Mining""},{""name"":""Chimera Horn (T4)"",""qty"":1,""gathering_profession"":""Hunting""}]"
69,Blacksmithing,,4,Rare,Sword of Life Stealing,Weapon,weapon,Crafted item (Rare).,Crafting output for Blacksmithing.,1,3750,3750,1875,Starcut Gem (T4),1,Mining,Frostsalt Crystal (T4),1,Mining,Wild Heart (T4),1,Hunting,"[{""name"":""Starcut Gem (T4)"",""qty"":1,""gathering_profession"":""Mining""},{""name"":""Frostsalt Crystal (T4)"",""qty"":1,""gathering_profession"":""Mining""},{""name"":""Wild Heart (T4)"",""qty"":1,""gathering_profession"":""Hunting""}]"
70,Blacksmithing,,4,Rare,Vicious Weapon,Weapon,weapon,Crafted item (Rare).,Crafting output for Blacksmithing.,1,3750,3750,1875,Starcut Gem (T4),1,Mining,Primal Shard (T4),1,Mining,Chimera Horn (T4),1,Hunting,"[{""name"":""Starcut Gem (T4)"",""qty"":1,""gathering_profession"":""Mining""},{""name"":""Primal Shard (T4)"",""qty"":1,""gathering_profession"":""Mining""},{""name"":""Chimera Horn (T4)"",""qty"":1,""gathering_profession"":""Hunting""}]"
71,Blacksmithing,,4,Rare,"Weapon, +2",Weapon,weapon,Crafted item (Rare).,Crafting output for Blacksmithing.,1,3750,3750,1875,Starcut Gem (T4),1,Mining,Frostsalt Crystal (T4),1,Mining,Dragon Gland (T4),1,Hunting,"[{""name"":""Starcut Gem (T4)"",""qty"":1,""gathering_profession"":""Mining""},{""name"":""Frostsalt Crystal (T4)"",""qty"":1,""gathering_profession"":""Mining""},{""name"":""Dragon Gland (T4)"",""qty"":1,""gathering_profession"":""Hunting""}]"
72,Blacksmithing,,5,Very Rare,Ammunition (10) (+3),Ammunition,smith_misc,Crafted item (Very Rare).,Crafting output for Blacksmithing.,1,15000,15000,7500,Primal Shard (T5),1,Mining,Frostsalt Crystal (T5),1,Mining,Razor Fang (T5),1,Hunting,"[{""name"":""Primal Shard (T5)"",""qty"":1,""gathering_profession"":""Mining""},{""name"":""Frostsalt Crystal (T5)"",""qty"":1,""gathering_profession"":""Mining""},{""name"":""Razor Fang (T5)"",""qty"":1,""gathering_profession"":""Hunting""}]"
73,Blacksmithing,,5,Very Rare,Ammunition of Slaying,Ammunition,smith_misc,Crafted item (Very Rare).,Crafting output for Blacksmithing.,1,15000,15000,7500,Deepvein Ore (T5),1,Mining,Frostsalt Crystal (T5),1,Mining,Razor Fang (T5),1,Hunting,"[{""name"":""Deepvein Ore (T5)"",""qty"":1,""gathering_profession"":""Mining""},{""name"":""Frostsalt Crystal (T5)"",""qty"":1,""gathering_profession"":""Mining""},{""name"":""Razor Fang (T5)"",""qty"":1,""gathering_profession"":""Hunting""}]"
74,Blacksmithing,,5,Very Rare,Animated Shield,Armor/Shield,shield,Crafted item (Very Rare).,Crafting output for Blacksmithing.,1,15000,15000,7500,Deepvein Ore (T5),1,Mining,Frostsalt Crystal (T5),1,Mining,Razor Fang (T5),1,Hunting,"[{""name"":""Deepvein Ore (T5)"",""qty"":1,""gathering_profession"":""Mining""},{""name"":""Frostsalt Crystal (T5)"",""qty"":1,""gathering_profession"":""Mining""},{""name"":""Razor Fang (T5)"",""qty"":1,""gathering_profession"":""Hunting""}]"
75,Blacksmithing,,5,Very Rare,Armor (+2),Armor/Shield,shield,Crafted item (Very Rare).,Crafting output for Blacksmithing.,1,15000,15000,7500,Primal Shard (T5),1,Mining,Frostsalt Crystal (T5),1,Mining,Razor Fang (T5),1,Hunting,"[{""name"":""Primal Shard (T5)"",""qty"":1,""gathering_profession"":""Mining""},{""name"":""Frostsalt Crystal (T5)"",""qty"":1,""gathering_profession"":""Mining""},{""name"":""Razor Fang (T5)"",""qty"":1,""gathering_profession"":""Hunting""}]"
76,Blacksmithing,,5,Very Rare,"Armor, +2",Armor/Shield,shield,Crafted item (Very Rare).,Crafting output for Blacksmithing.,1,15000,15000,7500,Frostsalt Crystal (T5),1,Mining,Frostsalt Crystal (T5),1,Mining,Razor Fang (T5),1,Hunting,"[{""name"":""Frostsalt Crystal (T5)"",""qty"":1,""gathering_profession"":""Mining""},{""name"":""Frostsalt Crystal (T5)"",""qty"":1,""gathering_profession"":""Mining""},{""name"":""Razor Fang (T5)"",""qty"":1,""gathering_profession"":""Hunting""}]"
77,Blacksmithing,,5,Very Rare,Demon armor,Armor/Shield,shield,Crafted item (Very Rare).,Crafting output for Blacksmithing.,1,15000,15000,7500,Mythic Alloy (T5),1,Mining,Frostsalt Crystal (T5),1,Mining,Razor Fang (T5),1,Hunting,"[{""name"":""Mythic Alloy (T5)"",""qty"":1,""gathering_profession"":""Mining""},{""name"":""Frostsalt Crystal (T5)"",""qty"":1,""gathering_profession"":""Mining""},{""name"":""Razor Fang (T5)"",""qty"":1,""gathering_profession"":""Hunting""}]"
78,Blacksmithing,,5,Very Rare,Dragon Scale Mail,Armor/Shield,shield,Crafted item (Very Rare).,Crafting output for Blacksmithing.,1,15000,15000,7500,Starcut Gem (T5),1,Mining,Frostsalt Crystal (T5),1,Mining,Razor Fang (T5),1,Hunting,"[{""name"":""Starcut Gem (T5)"",""qty"":1,""gathering_profession"":""Mining""},{""name"":""Frostsalt Crystal (T5)"",""qty"":1,""gathering_profession"":""Mining""},{""name"":""Razor Fang (T5)"",""qty"":1,""gathering_profession"":""Hunting""}]"
79,Blacksmithing,,5,Very Rare,Shield (+3),Armor/Shield,shield,Crafted item (Very Rare).,Crafting output for Blacksmithing.,1,15000,15000,7500,Forge Flux (T5),1,Mining,Frostsalt Crystal (T5),1,Mining,Razor Fang (T5),1,Hunting,"[{""name"":""Forge Flux (T5)"",""qty"":1,""gathering_profession"":""Mining""},{""name"":""Frostsalt Crystal (T5)"",""qty"":1,""gathering_profession"":""Mining""},{""name"":""Razor Fang (T5)"",""qty"":1,""gathering_profession"":""Hunting""}]"
80,Blacksmithing,,5,Very Rare,Shield of the Cavalier,Armor/Shield,shield,Crafted item (Very Rare).,Crafting output for Blacksmithing.,1,15000,15000,7500,Emberstone Chunk (T5),1,Mining,Frostsalt Crystal (T5),1,Mining,Razor Fang (T5),1,Hunting,"[{""name"":""Emberstone Chunk (T5)"",""qty"":1,""gathering_profession"":""Mining""},{""name"":""Frostsalt Crystal (T5)"",""qty"":1,""gathering_profession"":""Mining""},{""name"":""Razor Fang (T5)"",""qty"":1,""gathering_profession"":""Hunting""}]"
81,Blacksmithing,,5,Very Rare,Spellguard Shield,Armor/Shield,shield,Crafted item (Very Rare).,Crafting output for Blacksmithing.,1,15000,15000,7500,Starcut Gem (T5),1,Mining,Frostsalt Crystal (T5),1,Mining,Chimera Horn (T5),1,Hunting,"[{""name"":""Starcut Gem (T5)"",""qty"":1,""gathering_profession"":""Mining""},{""name"":""Frostsalt Crystal (T5)"",""qty"":1,""gathering_profession"":""Mining""},{""name"":""Chimera Horn (T5)"",""qty"":1,""gathering_profession"":""Hunting""}]"
82,Blacksmithing,,5,Very Rare,"Ammunition, +3",Weapon,weapon,Crafted item (Very Rare).,Crafting output for Blacksmithing.,1,15000,15000,7500,Emberstone Chunk (T5),1,Mining,Frostsalt Crystal (T5),1,Mining,Razor Fang (T5),1,Hunting,"[{""name"":""Emberstone Chunk (T5)"",""qty"":1,""gathering_profession"":""Mining""},{""name"":""Frostsalt Crystal (T5)"",""qty"":1,""gathering_profession"":""Mining""},{""name"":""Razor Fang (T5)"",""qty"":1,""gathering_profession"":""Hunting""}]"
83,Blacksmithing,,5,Very Rare,Enspelled Weapon (Level 4),Weapon,weapon,Crafted item (Very Rare).,Crafting output for Blacksmithing.,1,15000,15000,7500,Mythic Alloy (T5),1,Mining,Frostsalt Crystal (T5),1,Mining,Razor Fang (T5),1,Hunting,"[{""name"":""Mythic Alloy (T5)"",""qty"":1,""gathering_profession"":""Mining""},{""name"":""Frostsalt Crystal (T5)"",""qty"":1,""gathering_profession"":""Mining""},{""name"":""Razor Fang (T5)"",""qty"":1,""gathering_profession"":""Hunting""}]"
84,Blacksmithing,,5,Very Rare,Enspelled Weapon (Level 5),Weapon,weapon,Crafted item (Very Rare).,Crafting output for Blacksmithing.,1,15000,15000,7500,Frostsalt Crystal (T5),1,Mining,Frostsalt Crystal (T5),1,Mining,Razor Fang (T5),1,Hunting,"[{""name"":""Frostsalt Crystal (T5)"",""qty"":1,""gathering_profession"":""Mining""},{""name"":""Frostsalt Crystal (T5)"",""qty"":1,""gathering_profession"":""Mining""},{""name"":""Razor Fang (T5)"",""qty"":1,""gathering_profession"":""Hunting""}]"
85,Blacksmithing,,5,Very Rare,Frost Brand,Weapon,weapon,Crafted item (Very Rare).,Crafting output for Blacksmithing.,1,15000,15000,7500,Starcut Gem (T5),1,Mining,Frostsalt Crystal (T5),1,Mining,Razor Fang (T5),1,Hunting,"[{""name"":""Starcut Gem (T5)"",""qty"":1,""gathering_profession"":""Mining""},{""name"":""Frostsalt Crystal (T5)"",""qty"":1,""gathering_profession"":""Mining""},{""name"":""Razor Fang (T5)"",""qty"":1,""gathering_profession"":""Hunting""}]"
86,Blacksmithing,,5,Very Rare,Nine lives stealer,Weapon,weapon,Crafted item (Very Rare).,Crafting output for Blacksmithing.,1,15000,15000,7500,Deepvein Ore (T5),1,Mining,Frostsalt Crystal (T5),1,Mining,Razor Fang (T5),1,Hunting,"[{""name"":""Deepvein Ore (T5)"",""qty"":1,""gathering_profession"":""Mining""},{""name"":""Frostsalt Crystal (T5)"",""qty"":1,""gathering_profession"":""Mining""},{""name"":""Razor Fang (T5)"",""qty"":1,""gathering_profession"":""Hunting""}]"
87,Blacksmithing,,5,Very Rare,Sword of Sharpness,Weapon,weapon,Crafted item (Very Rare).,Crafting output for Blacksmithing.,1,15000,15000,7500,Forge Flux (T5),1,Mining,Frostsalt Crystal (T5),1,Mining,Razor Fang (T5),1,Hunting,"[{""name"":""Forge Flux (T5)"",""qty"":1,""gathering_profession"":""Mining""},{""name"":""Frostsalt Crystal (T5)"",""qty"":1,""gathering_profession"":""Mining""},{""name"":""Razor Fang (T5)"",""qty"":1,""gathering_profession"":""Hunting""}]"
88,Blacksmithing,,5,Very Rare,Weapon (+3),Weapon,weapon,Crafted item (Very Rare).,Crafting output for Blacksmithing.,1,15000,15000,7500,Primal Shard (T5),1,Mining,Frostsalt Crystal (T5),1,Mining,Razor Fang (T5),1,Hunting,"[{""name"":""Primal Shard (T5)"",""qty"":1,""gathering_profession"":""Mining""},{""name"":""Frostsalt Crystal (T5)"",""qty"":1,""gathering_profession"":""Mining""},{""name"":""Razor Fang (T5)"",""qty"":1,""gathering_profession"":""Hunting""}]"
89,Blacksmithing,,5,Very Rare,"Weapon, +3",Weapon,weapon,Crafted item (Very Rare).,Crafting output for Blacksmithing.,1,15000,15000,7500,Starcut Gem (T5),1,Mining,Frostsalt Crystal (T5),1,Mining,Wild Heart (T5),1,Hunting,"[{""name"":""Starcut Gem (T5)"",""qty"":1,""gathering_profession"":""Mining""},{""name"":""Frostsalt Crystal (T5)"",""qty"":1,""gathering_profession"":""Mining""},{""name"":""Wild Heart (T5)"",""qty"":1,""gathering_profession"":""Hunting""}]"
90,Blacksmithing,,6,Legendary,Armor of Invulnerability,Armor/Shield,shield,Crafted item (Legendary).,Crafting output for Blacksmithing.,1,160000,160000,80000,Frostsalt Crystal (T6),1,Mining,Forge Flux (T6),1,Mining,Wild Heart (T6),1,Hunting,"[{""name"":""Frostsalt Crystal (T6)"",""qty"":1,""gathering_profession"":""Mining""},{""name"":""Forge Flux (T6)"",""qty"":1,""gathering_profession"":""Mining""},{""name"":""Wild Heart (T6)"",""qty"":1,""gathering_profession"":""Hunting""}]"
91,Blacksmithing,,6,Legendary,"Armor, +3",Armor/Shield,shield,Crafted item (Legendary).,Crafting output for Blacksmithing.,1,160000,160000,80000,Starcut Gem (T6),1,Mining,Forge Flux (T6),1,Mining,Wild Heart (T6),1,Hunting,"[{""name"":""Starcut Gem (T6)"",""qty"":1,""gathering_profession"":""Mining""},{""name"":""Forge Flux (T6)"",""qty"":1,""gathering_profession"":""Mining""},{""name"":""Wild Heart (T6)"",""qty"":1,""gathering_profession"":""Hunting""}]"
92,Blacksmithing,,6,Legendary,Armour (+3),Armor/Shield,shield,Crafted item (Legendary).,Crafting output for Blacksmithing.,1,160000,160000,80000,Forge Flux (T6),1,Mining,Forge Flux (T6),1,Mining,Wild Heart (T6),1,Hunting,"[{""name"":""Forge Flux (T6)"",""qty"":1,""gathering_profession"":""Mining""},{""name"":""Forge Flux (T6)"",""qty"":1,""gathering_profession"":""Mining""},{""name"":""Wild Heart (T6)"",""qty"":1,""gathering_profession"":""Hunting""}]"
93,Blacksmithing,,6,Legendary,Efreeti chain,Armor/Shield,shield,Crafted item (Legendary).,Crafting output for Blacksmithing.,1,160000,160000,80000,Primal Shard (T6),1,Mining,Forge Flux (T6),1,Mining,Wild Heart (T6),1,Hunting,"[{""name"":""Primal Shard (T6)"",""qty"":1,""gathering_profession"":""Mining""},{""name"":""Forge Flux (T6)"",""qty"":1,""gathering_profession"":""Mining""},{""name"":""Wild Heart (T6)"",""qty"":1,""gathering_profession"":""Hunting""}]"
94,Blacksmithing,,6,Legendary,Enspelled Armour (Level 6),Armor/Shield,shield,Crafted item (Legendary).,Crafting output for Blacksmithing.,1,160000,160000,80000,Mythic Alloy (T6),1,Mining,Forge Flux (T6),1,Mining,Wild Heart (T6),1,Hunting,"[{""name"":""Mythic Alloy (T6)"",""qty"":1,""gathering_profession"":""Mining""},{""name"":""Forge Flux (T6)"",""qty"":1,""gathering_profession"":""Mining""},{""name"":""Wild Heart (T6)"",""qty"":1,""gathering_profession"":""Hunting""}]"
95,Blacksmithing,,6,Legendary,Enspelled Armour (Level 7),Armor/Shield,shield,Crafted item (Legendary).,Crafting output for Blacksmithing.,1,160000,160000,80000,Deepvein Ore (T6),1,Mining,Forge Flux (T6),1,Mining,Wild Heart (T6),1,Hunting,"[{""name"":""Deepvein Ore (T6)"",""qty"":1,""gathering_profession"":""Mining""},{""name"":""Forge Flux (T6)"",""qty"":1,""gathering_profession"":""Mining""},{""name"":""Wild Heart (T6)"",""qty"":1,""gathering_profession"":""Hunting""}]"
96,Blacksmithing,,6,Legendary,Enspelled Armour (Level 8),Armor/Shield,shield,Crafted item (Legendary).,Crafting output for Blacksmithing.,1,160000,160000,80000,Emberstone Chunk (T6),1,Mining,Forge Flux (T6),1,Mining,Wild Heart (T6),1,Hunting,"[{""name"":""Emberstone Chunk (T6)"",""qty"":1,""gathering_profession"":""Mining""},{""name"":""Forge Flux (T6)"",""qty"":1,""gathering_profession"":""Mining""},{""name"":""Wild Heart (T6)"",""qty"":1,""gathering_profession"":""Hunting""}]"
97,Blacksmithing,,6,Legendary,Plate Armor of Etherealness,Armor/Shield,shield,Crafted item (Legendary).,Crafting output for Blacksmithing.,1,160000,160000,80000,Primal Shard (T6),1,Mining,Forge Flux (T6),1,Mining,Keen Eye (T6),1,Hunting,"[{""name"":""Primal Shard (T6)"",""qty"":1,""gathering_profession"":""Mining""},{""name"":""Forge Flux (T6)"",""qty"":1,""gathering_profession"":""Mining""},{""name"":""Keen Eye (T6)"",""qty"":1,""gathering_profession"":""Hunting""}]"
98,Blacksmithing,,6,Legendary,Defender,Weapon,weapon,Crafted item (Legendary).,Crafting output for Blacksmithing.,1,160000,160000,80000,Primal Shard (T6),1,Mining,Emberstone Chunk (T6),1,Mining,Sturdy Hide (T6),1,Hunting,"[{""name"":""Primal Shard (T6)"",""qty"":1,""gathering_profession"":""Mining""},{""name"":""Emberstone Chunk (T6)"",""qty"":1,""gathering_profession"":""Mining""},{""name"":""Sturdy Hide (T6)"",""qty"":1,""gathering_profession"":""Hunting""}]"
99,Blacksmithing,,6,Legendary,Enspelled Weapon (Level 6),Weapon,weapon,Crafted item (Legendary).,Crafting output for Blacksmithing.,1,160000,160000,80000,Mythic Alloy (T6),1,Mining,Emberstone Chunk (T6),1,Mining,Sturdy Hide (T6),1,Hunting,"[{""name"":""Mythic Alloy (T6)"",""qty"":1,""gathering_profession"":""Mining""},{""name"":""Emberstone Chunk (T6)"",""qty"":1,""gathering_profession"":""Mining""},{""name"":""Sturdy Hide (T6)"",""qty"":1,""gathering_profession"":""Hunting""}]"
100,Blacksmithing,,6,Legendary,Enspelled Weapon (Level 7),Weapon,weapon,Crafted item (Legendary).,Crafting output for Blacksmithing.,1,160000,160000,80000,Forge Flux (T6),1,Mining,Emberstone Chunk (T6),1,Mining,Sturdy Hide (T6),1,Hunting,"[{""name"":""Forge Flux (T6)"",""qty"":1,""gathering_profession"":""Mining""},{""name"":""Emberstone Chunk (T6)"",""qty"":1,""gathering_profession"":""Mining""},{""name"":""Sturdy Hide (T6)"",""qty"":1,""gathering_profession"":""Hunting""}]"
101,Blacksmithing,,6,Legendary,Enspelled Weapon (Level 8),Weapon,weapon,Crafted item (Legendary).,Crafting output for Blacksmithing.,1,160000,160000,80000,Emberstone Chunk (T6),1,Mining,Emberstone Chunk (T6),1,Mining,Sturdy Hide (T6),1,Hunting,"[{""name"":""Emberstone Chunk (T6)"",""qty"":1,""gathering_profession"":""Mining""},{""name"":""Emberstone Chunk (T6)"",""qty"":1,""gathering_profession"":""Mining""},{""name"":""Sturdy Hide (T6)"",""qty"":1,""gathering_profession"":""Hunting""}]"
102,Blacksmithing,,6,Legendary,Hammer of Thunderbolts,Weapon,weapon,Crafted item (Legendary).,Crafting output for Blacksmithing.,1,160000,160000,80000,Deepvein Ore (T6),1,Mining,Emberstone Chunk (T6),1,Mining,Sturdy Hide (T6),1,Hunting,"[{""name"":""Deepvein Ore (T6)"",""qty"":1,""gathering_profession"":""Mining""},{""name"":""Emberstone Chunk (T6)"",""qty"":1,""gathering_profession"":""Mining""},{""name"":""Sturdy Hide (T6)"",""qty"":1,""gathering_profession"":""Hunting""}]"
103,Blacksmithing,,6,Legendary,Holy avenger,Weapon,weapon,Crafted item (Legendary).,Crafting output for Blacksmithing.,1,160000,160000,80000,Frostsalt Crystal (T6),1,Mining,Emberstone Chunk (T6),1,Mining,Sturdy Hide (T6),1,Hunting,"[{""name"":""Frostsalt Crystal (T6)"",""qty"":1,""gathering_profession"":""Mining""},{""name"":""Emberstone Chunk (T6)"",""qty"":1,""gathering_profession"":""Mining""},{""name"":""Sturdy Hide (T6)"",""qty"":1,""gathering_profession"":""Hunting""}]"
104,Blacksmithing,,6,Legendary,Luck Blade,Weapon,weapon,Crafted item (Legendary).,Crafting output for Blacksmithing.,1,160000,160000,80000,Starcut Gem (T6),1,Mining,Emberstone Chunk (T6),1,Mining,Sturdy Hide (T6),1,Hunting,"[{""name"":""Starcut Gem (T6)"",""qty"":1,""gathering_profession"":""Mining""},{""name"":""Emberstone Chunk (T6)"",""qty"":1,""gathering_profession"":""Mining""},{""name"":""Sturdy Hide (T6)"",""qty"":1,""gathering_profession"":""Hunting""}]"
105,Blacksmithing,,6,Legendary,Moonblade,Weapon,weapon,Crafted item (Legendary).,Crafting output for Blacksmithing.,1,160000,160000,80000,Frostsalt Crystal (T6),1,Mining,Emberstone Chunk (T6),1,Mining,Feathered Wing (T6),1,Hunting,"[{""name"":""Frostsalt Crystal (T6)"",""qty"":1,""gathering_profession"":""Mining""},{""name"":""Emberstone Chunk (T6)"",""qty"":1,""gathering_profession"":""Mining""},{""name"":""Feathered Wing (T6)"",""qty"":1,""gathering_profession"":""Hunting""}]"
106,Blacksmithing,,6,Legendary,Sword of answering,Weapon,weapon,Crafted item (Legendary).,Crafting output for Blacksmithing.,1,160000,160000,80000,Frostsalt Crystal (T6),1,Mining,Emberstone Chunk (T6),1,Mining,Dragon Gland (T6),1,Hunting,"[{""name"":""Frostsalt Crystal (T6)"",""qty"":1,""gathering_profession"":""Mining""},{""name"":""Emberstone Chunk (T6)"",""qty"":1,""gathering_profession"":""Mining""},{""name"":""Dragon Gland (T6)"",""qty"":1,""gathering_profession"":""Hunting""}]"
107,Blacksmithing,,6,Legendary,Tome of the Stilled Tongue,Weapon,weapon,Crafted item (Legendary).,Crafting output for Blacksmithing.,1,160000,160000,80000,Frostsalt Crystal (T6),1,Mining,Emberstone Chunk (T6),1,Mining,Keen Eye (T6),1,Hunting,"[{""name"":""Frostsalt Crystal (T6)"",""qty"":1,""gathering_profession"":""Mining""},{""name"":""Emberstone Chunk (T6)"",""qty"":1,""gathering_profession"":""Mining""},{""name"":""Keen Eye (T6)"",""qty"":1,""gathering_profession"":""Hunting""}]"
108,Blacksmithing,,6,Legendary,Vorpal Sword,Weapon,weapon,Crafted item (Legendary).,Crafting output for Blacksmithing.,1,160000,160000,80000,Frostsalt Crystal (T6),1,Mining,Emberstone Chunk (T6),1,Mining,Chimera Horn (T6),1,Hunting,"[{""name"":""Frostsalt Crystal (T6)"",""qty"":1,""gathering_profession"":""Mining""},{""name"":""Emberstone Chunk (T6)"",""qty"":1,""gathering_profession"":""Mining""},{""name"":""Chimera Horn (T6)"",""qty"":1,""gathering_profession"":""Hunting""}]"
109,Blacksmithing,,7,Artifact,Breastplate,Armor/Shield,shield,Crafted item (Artifact).,Crafting output for Blacksmithing.,1,2000000,2000000,1000000,Emberstone Chunk (T7),1,Mining,Emberstone Chunk (T7),1,Mining,Sturdy Hide (T7),1,Hunting,"[{""name"":""Emberstone Chunk (T7)"",""qty"":1,""gathering_profession"":""Mining""},{""name"":""Emberstone Chunk (T7)"",""qty"":1,""gathering_profession"":""Mining""},{""name"":""Sturdy Hide (T7)"",""qty"":1,""gathering_profession"":""Hunting""}]"
110,Blacksmithing,,7,Artifact,Chain Mail,Armor/Shield,shield,Crafted item (Artifact).,Crafting output for Blacksmithing.,1,2000000,2000000,1000000,Primal Shard (T7),1,Mining,Emberstone Chunk (T7),1,Mining,Sturdy Hide (T7),1,Hunting,"[{""name"":""Primal Shard (T7)"",""qty"":1,""gathering_profession"":""Mining""},{""name"":""Emberstone Chunk (T7)"",""qty"":1,""gathering_profession"":""Mining""},{""name"":""Sturdy Hide (T7)"",""qty"":1,""gathering_profession"":""Hunting""}]"
111,Blacksmithing,,7,Artifact,Half Plate Armour,Armor/Shield,shield,Crafted item (Artifact).,Crafting output for Blacksmithing.,1,2000000,2000000,1000000,Forge Flux (T7),1,Mining,Emberstone Chunk (T7),1,Mining,Sturdy Hide (T7),1,Hunting,"[{""name"":""Forge Flux (T7)"",""qty"":1,""gathering_profession"":""Mining""},{""name"":""Emberstone Chunk (T7)"",""qty"":1,""gathering_profession"":""Mining""},{""name"":""Sturdy Hide (T7)"",""qty"":1,""gathering_profession"":""Hunting""}]"
112,Blacksmithing,,7,Artifact,Plate Armour,Armor/Shield,shield,Crafted item (Artifact).,Crafting output for Blacksmithing.,1,2000000,2000000,1000000,Deepvein Ore (T7),1,Mining,Emberstone Chunk (T7),1,Mining,Sturdy Hide (T7),1,Hunting,"[{""name"":""Deepvein Ore (T7)"",""qty"":1,""gathering_profession"":""Mining""},{""name"":""Emberstone Chunk (T7)"",""qty"":1,""gathering_profession"":""Mining""},{""name"":""Sturdy Hide (T7)"",""qty"":1,""gathering_profession"":""Hunting""}]"
113,Blacksmithing,,7,Artifact,Scale Mail,Armor/Shield,shield,Crafted item (Artifact).,Crafting output for Blacksmithing.,1,2000000,2000000,1000000,Mythic Alloy (T7),1,Mining,Emberstone Chunk (T7),1,Mining,Sturdy Hide (T7),1,Hunting,"[{""name"":""Mythic Alloy (T7)"",""qty"":1,""gathering_profession"":""Mining""},{""name"":""Emberstone Chunk (T7)"",""qty"":1,""gathering_profession"":""Mining""},{""name"":""Sturdy Hide (T7)"",""qty"":1,""gathering_profession"":""Hunting""}]"
114,Blacksmithing,,7,Artifact,Splint Armour,Armor/Shield,shield,Crafted item (Artifact).,Crafting output for Blacksmithing.,1,2000000,2000000,1000000,Starcut Gem (T7),1,Mining,Emberstone Chunk (T7),1,Mining,Sturdy Hide (T7),1,Hunting,"[{""name"":""Starcut Gem (T7)"",""qty"":1,""gathering_profession"":""Mining""},{""name"":""Emberstone Chunk (T7)"",""qty"":1,""gathering_profession"":""Mining""},{""name"":""Sturdy Hide (T7)"",""qty"":1,""gathering_profession"":""Hunting""}]"
115,Blacksmithing,,7,Artifact,Axe of the Dwarvish Lords,Weapon,weapon,Crafted item (Artifact).,Crafting output for Blacksmithing.,1,2000000,2000000,1000000,Starcut Gem (T7),1,Mining,Mythic Alloy (T7),1,Mining,Chimera Horn (T7),1,Hunting,"[{""name"":""Starcut Gem (T7)"",""qty"":1,""gathering_profession"":""Mining""},{""name"":""Mythic Alloy (T7)"",""qty"":1,""gathering_profession"":""Mining""},{""name"":""Chimera Horn (T7)"",""qty"":1,""gathering_profession"":""Hunting""}]"
116,Blacksmithing,,7,Artifact,Battleaxe,Weapon,weapon,Crafted item (Artifact).,Crafting output for Blacksmithing.,1,2000000,2000000,1000000,Forge Flux (T7),1,Mining,Mythic Alloy (T7),1,Mining,Chimera Horn (T7),1,Hunting,"[{""name"":""Forge Flux (T7)"",""qty"":1,""gathering_profession"":""Mining""},{""name"":""Mythic Alloy (T7)"",""qty"":1,""gathering_profession"":""Mining""},{""name"":""Chimera Horn (T7)"",""qty"":1,""gathering_profession"":""Hunting""}]"
117,Blacksmithing,,7,Artifact,Dagger,Weapon,weapon,Crafted item (Artifact).,Crafting output for Blacksmithing.,1,2000000,2000000,1000000,Emberstone Chunk (T7),1,Mining,Mythic Alloy (T7),1,Mining,Chimera Horn (T7),1,Hunting,"[{""name"":""Emberstone Chunk (T7)"",""qty"":1,""gathering_profession"":""Mining""},{""name"":""Mythic Alloy (T7)"",""qty"":1,""gathering_profession"":""Mining""},{""name"":""Chimera Horn (T7)"",""qty"":1,""gathering_profession"":""Hunting""}]"
118,Blacksmithing,,7,Artifact,Greataxe,Weapon,weapon,Crafted item (Artifact).,Crafting output for Blacksmithing.,1,2000000,2000000,1000000,Mythic Alloy (T7),1,Mining,Mythic Alloy (T7),1,Mining,Chimera Horn (T7),1,Hunting,"[{""name"":""Mythic Alloy (T7)"",""qty"":1,""gathering_profession"":""Mining""},{""name"":""Mythic Alloy (T7)"",""qty"":1,""gathering_profession"":""Mining""},{""name"":""Chimera Horn (T7)"",""qty"":1,""gathering_profession"":""Hunting""}]"
119,Blacksmithing,,7,Artifact,Greatsword,Weapon,weapon,Crafted item (Artifact).,Crafting output for Blacksmithing.,1,2000000,2000000,1000000,Frostsalt Crystal (T7),1,Mining,Mythic Alloy (T7),1,Mining,Chimera Horn (T7),1,Hunting,"[{""name"":""Frostsalt Crystal (T7)"",""qty"":1,""gathering_profession"":""Mining""},{""name"":""Mythic Alloy (T7)"",""qty"":1,""gathering_profession"":""Mining""},{""name"":""Chimera Horn (T7)"",""qty"":1,""gathering_profession"":""Hunting""}]"
120,Blacksmithing,,7,Artifact,Hand Crossbow,Weapon,weapon,Crafted item (Artifact).,Crafting output for Blacksmithing.,1,2000000,2000000,1000000,Primal Shard (T7),1,Mining,Mythic Alloy (T7),1,Mining,Chimera Horn (T7),1,Hunting,"[{""name"":""Primal Shard (T7)"",""qty"":1,""gathering_profession"":""Mining""},{""name"":""Mythic Alloy (T7)"",""qty"":1,""gathering_profession"":""Mining""},{""name"":""Chimera Horn (T7)"",""qty"":1,""gathering_profession"":""Hunting""}]"
121,Blacksmithing,,7,Artifact,Heavy Crossbow,Weapon,weapon,Crafted item (Artifact).,Crafting output for Blacksmithing.,1,2000000,2000000,1000000,Deepvein Ore (T7),1,Mining,Mythic Alloy (T7),1,Mining,Chimera Horn (T7),1,Hunting,"[{""name"":""Deepvein Ore (T7)"",""qty"":1,""gathering_profession"":""Mining""},{""name"":""Mythic Alloy (T7)"",""qty"":1,""gathering_profession"":""Mining""},{""name"":""Chimera Horn (T7)"",""qty"":1,""gathering_profession"":""Hunting""}]"
122,Blacksmithing,,7,Artifact,Longbow,Weapon,weapon,Crafted item (Artifact).,Crafting output for Blacksmithing.,1,2000000,2000000,1000000,Deepvein Ore (T7),1,Mining,Mythic Alloy (T7),1,Mining,Feathered Wing (T7),1,Hunting,"[{""name"":""Deepvein Ore (T7)"",""qty"":1,""gathering_profession"":""Mining""},{""name"":""Mythic Alloy (T7)"",""qty"":1,""gathering_profession"":""Mining""},{""name"":""Feathered Wing (T7)"",""qty"":1,""gathering_profession"":""Hunting""}]"
123,Blacksmithing,,7,Artifact,Longsword,Weapon,weapon,Crafted item (Artifact).,Crafting output for Blacksmithing.,1,2000000,2000000,1000000,Deepvein Ore (T7),1,Mining,Mythic Alloy (T7),1,Mining,Razor Fang (T7),1,Hunting,"[{""name"":""Deepvein Ore (T7)"",""qty"":1,""gathering_profession"":""Mining""},{""name"":""Mythic Alloy (T7)"",""qty"":1,""gathering_profession"":""Mining""},{""name"":""Razor Fang (T7)"",""qty"":1,""gathering_profession"":""Hunting""}]"
124,Blacksmithing,,7,Artifact,Shortbow,Weapon,weapon,Crafted item (Artifact).,Crafting output for Blacksmithing.,1,2000000,2000000,1000000,Deepvein Ore (T7),1,Mining,Mythic Alloy (T7),1,Mining,Dragon Gland (T7),1,Hunting,"[{""name"":""Deepvein Ore (T7)"",""qty"":1,""gathering_profession"":""Mining""},{""name"":""Mythic Alloy (T7)"",""qty"":1,""gathering_profession"":""Mining""},{""name"":""Dragon Gland (T7)"",""qty"":1,""gathering_profession"":""Hunting""}]"
125,Blacksmithing,,7,Artifact,Shortsword,Weapon,weapon,Crafted item (Artifact).,Crafting output for Blacksmithing.,1,2000000,2000000,1000000,Deepvein Ore (T7),1,Mining,Mythic Alloy (T7),1,Mining,Keen Eye (T7),1,Hunting,"[{""name"":""Deepvein Ore (T7)"",""qty"":1,""gathering_profession"":""Mining""},{""name"":""Mythic Alloy (T7)"",""qty"":1,""gathering_profession"":""Mining""},{""name"":""Keen Eye (T7)"",""qty"":1,""gathering_profession"":""Hunting""}]"
126,Blacksmithing,,7,Artifact,Sword of Kas,Weapon,weapon,Crafted item (Artifact).,Crafting output for Blacksmithing.,1,2000000,2000000,1000000,Deepvein Ore (T7),1,Mining,Mythic Alloy (T7),1,Mining,Wild Heart (T7),1,Hunting,"[{""name"":""Deepvein Ore (T7)"",""qty"":1,""gathering_profession"":""Mining""},{""name"":""Mythic Alloy (T7)"",""qty"":1,""gathering_profession"":""Mining""},{""name"":""Wild Heart (T7)"",""qty"":1,""gathering_profession"":""Hunting""}]"
127,Blacksmithing,,7,Artifact,Trident,Weapon,weapon,Crafted item (Artifact).,Crafting output for Blacksmithing.,1,2000000,2000000,1000000,Deepvein Ore (T7),1,Mining,Mythic Alloy (T7),1,Mining,Sturdy Hide (T7),1,Hunting,"[{""name"":""Deepvein Ore (T7)"",""qty"":1,""gathering_profession"":""Mining""},{""name"":""Mythic Alloy (T7)"",""qty"":1,""gathering_profession"":""Mining""},{""name"":""Sturdy Hide (T7)"",""qty"":1,""gathering_profession"":""Hunting""}]"
128,Blacksmithing,,7,Artifact,Warhammer,Weapon,weapon,Crafted item (Artifact).,Crafting output for Blacksmithing.,1,2000000,2000000,1000000,Deepvein Ore (T7),1,Mining,Forge Flux (T7),1,Mining,Wild Heart (T7),1,Hunting,"[{""name"":""Deepvein Ore (T7)"",""qty"":1,""gathering_profession"":""Mining""},{""name"":""Forge Flux (T7)"",""qty"":1,""gathering_profession"":""Mining""},{""name"":""Wild Heart (T7)"",""qty"":1,""gathering_profession"":""Hunting""}]"
129,Cooking,,1,Common,Bead of nourishment,Potion,food_misc,Crafted item (Common).,Crafting output for Cooking.,1,20,20,10,Rootcap Mushroom (T1),1,Herbalism,Feathered Wing (T1),1,Hunting,Starcut Gem (T1),1,Mining,"[{""name"":""Rootcap Mushroom (T1)"",""qty"":1,""gathering_profession"":""Herbalism""},{""name"":""Feathered Wing (T1)"",""qty"":1,""gathering_profession"":""Hunting""},{""name"":""Starcut Gem (T1)"",""qty"":1,""gathering_profession"":""Mining""}]"
130,Cooking,,1,Common,Bead of refreshment,Potion,food_misc,Crafted item (Common).,Crafting output for Cooking.,1,20,20,10,Sunpetal Bloom (T1),1,Herbalism,Feathered Wing (T1),1,Hunting,Starcut Gem (T1),1,Mining,"[{""name"":""Sunpetal Bloom (T1)"",""qty"":1,""gathering_profession"":""Herbalism""},{""name"":""Feathered Wing (T1)"",""qty"":1,""gathering_profession"":""Hunting""},{""name"":""Starcut Gem (T1)"",""qty"":1,""gathering_profession"":""Mining""}]"
131,Cooking,,1,Common,Potion of climbing,Potion,potion,Crafted item (Common).,Crafting output for Cooking.,1,20,20,10,Duskleaf Frond (T1),1,Herbalism,Keen Eye (T1),1,Hunting,Emberstone Chunk (T1),1,Mining,"[{""name"":""Duskleaf Frond (T1)"",""qty"":1,""gathering_profession"":""Herbalism""},{""name"":""Keen Eye (T1)"",""qty"":1,""gathering_profession"":""Hunting""},{""name"":""Emberstone Chunk (T1)"",""qty"":1,""gathering_profession"":""Mining""}]"
132,Cooking,,1,Common,Potion of healing,Potion,potion,Crafted item (Common).,Crafting output for Cooking.,1,20,20,10,Phoenixheart Seed (T1),1,Herbalism,Keen Eye (T1),1,Hunting,Emberstone Chunk (T1),1,Mining,"[{""name"":""Phoenixheart Seed (T1)"",""qty"":1,""gathering_profession"":""Herbalism""},{""name"":""Keen Eye (T1)"",""qty"":1,""gathering_profession"":""Hunting""},{""name"":""Emberstone Chunk (T1)"",""qty"":1,""gathering_profession"":""Mining""}]"
133,Cooking,,1,Common,Potion of Climbing,Potion/Oil,potion,Crafted item (Common).,Crafting output for Cooking.,1,20,20,10,Rootcap Mushroom (T1),1,Herbalism,Keen Eye (T1),1,Hunting,Emberstone Chunk (T1),1,Mining,"[{""name"":""Rootcap Mushroom (T1)"",""qty"":1,""gathering_profession"":""Herbalism""},{""name"":""Keen Eye (T1)"",""qty"":1,""gathering_profession"":""Hunting""},{""name"":""Emberstone Chunk (T1)"",""qty"":1,""gathering_profession"":""Mining""}]"
134,Cooking,,1,Common,Potion of Comprehension,Potion/Oil,potion,Crafted item (Common).,Crafting output for Cooking.,1,20,20,10,Bitterthorn Berry (T1),1,Herbalism,Keen Eye (T1),1,Hunting,Emberstone Chunk (T1),1,Mining,"[{""name"":""Bitterthorn Berry (T1)"",""qty"":1,""gathering_profession"":""Herbalism""},{""name"":""Keen Eye (T1)"",""qty"":1,""gathering_profession"":""Hunting""},{""name"":""Emberstone Chunk (T1)"",""qty"":1,""gathering_profession"":""Mining""}]"
135,Cooking,,1,Common,Potion of Healing,Potion/Oil,potion,Crafted item (Common).,Crafting output for Cooking.,1,20,20,10,Sunpetal Bloom (T1),1,Herbalism,Keen Eye (T1),1,Hunting,Emberstone Chunk (T1),1,Mining,"[{""name"":""Sunpetal Bloom (T1)"",""qty"":1,""gathering_profession"":""Herbalism""},{""name"":""Keen Eye (T1)"",""qty"":1,""gathering_profession"":""Hunting""},{""name"":""Emberstone Chunk (T1)"",""qty"":1,""gathering_profession"":""Mining""}]"
136,Cooking,,2,Uncommon,Potion of animal friendship,Potion,potion,Crafted item (Uncommon).,Crafting output for Cooking.,1,200,200,100,Rootcap Mushroom (T2),1,Herbalism,Chimera Horn (T2),1,Hunting,Forge Flux (T2),1,Mining,"[{""name"":""Rootcap Mushroom (T2)"",""qty"":1,""gathering_profession"":""Herbalism""},{""name"":""Chimera Horn (T2)"",""qty"":1,""gathering_profession"":""Hunting""},{""name"":""Forge Flux (T2)"",""qty"":1,""gathering_profession"":""Mining""}]"
137,Cooking,,2,Uncommon,Potion of fire breath,Potion,potion,Crafted item (Uncommon).,Crafting output for Cooking.,1,200,200,100,Duskleaf Frond (T2),1,Herbalism,Chimera Horn (T2),1,Hunting,Forge Flux (T2),1,Mining,"[{""name"":""Duskleaf Frond (T2)"",""qty"":1,""gathering_profession"":""Herbalism""},{""name"":""Chimera Horn (T2)"",""qty"":1,""gathering_profession"":""Hunting""},{""name"":""Forge Flux (T2)"",""qty"":1,""gathering_profession"":""Mining""}]"
138,Cooking,,2,Uncommon,Potion of growth,Potion,potion,Crafted item (Uncommon).,Crafting output for Cooking.,1,200,200,100,Moonshade Orchid (T2),1,Herbalism,Chimera Horn (T2),1,Hunting,Forge Flux (T2),1,Mining,"[{""name"":""Moonshade Orchid (T2)"",""qty"":1,""gathering_profession"":""Herbalism""},{""name"":""Chimera Horn (T2)"",""qty"":1,""gathering_profession"":""Hunting""},{""name"":""Forge Flux (T2)"",""qty"":1,""gathering_profession"":""Mining""}]"
139,Cooking,,2,Uncommon,"Potion of healing, greater",Potion,potion,Crafted item (Uncommon).,Crafting output for Cooking.,1,200,200,100,Bitterthorn Berry (T2),1,Herbalism,Chimera Horn (T2),1,Hunting,Forge Flux (T2),1,Mining,"[{""name"":""Bitterthorn Berry (T2)"",""qty"":1,""gathering_profession"":""Herbalism""},{""name"":""Chimera Horn (T2)"",""qty"":1,""gathering_profession"":""Hunting""},{""name"":""Forge Flux (T2)"",""qty"":1,""gathering_profession"":""Mining""}]"
140,Cooking,,2,Uncommon,Potion of hill giant strength,Potion,potion,Crafted item (Uncommon).,Crafting output for Cooking.,1,200,200,100,Silvermint Sprig (T2),1,Herbalism,Chimera Horn (T2),1,Hunting,Forge Flux (T2),1,Mining,"[{""name"":""Silvermint Sprig (T2)"",""qty"":1,""gathering_profession"":""Herbalism""},{""name"":""Chimera Horn (T2)"",""qty"":1,""gathering_profession"":""Hunting""},{""name"":""Forge Flux (T2)"",""qty"":1,""gathering_profession"":""Mining""}]"
141,Cooking,,2,Uncommon,Potion of poison,Potion,potion,Crafted item (Uncommon).,Crafting output for Cooking.,1,200,200,100,Phoenixheart Seed (T2),1,Herbalism,Chimera Horn (T2),1,Hunting,Forge Flux (T2),1,Mining,"[{""name"":""Phoenixheart Seed (T2)"",""qty"":1,""gathering_profession"":""Herbalism""},{""name"":""Chimera Horn (T2)"",""qty"":1,""gathering_profession"":""Hunting""},{""name"":""Forge Flux (T2)"",""qty"":1,""gathering_profession"":""Mining""}]"
142,Cooking,,2,Uncommon,Potion of resistance,Potion,potion,Crafted item (Uncommon).,Crafting output for Cooking.,1,200,200,100,Sunpetal Bloom (T2),1,Herbalism,Chimera Horn (T2),1,Hunting,Forge Flux (T2),1,Mining,"[{""name"":""Sunpetal Bloom (T2)"",""qty"":1,""gathering_profession"":""Herbalism""},{""name"":""Chimera Horn (T2)"",""qty"":1,""gathering_profession"":""Hunting""},{""name"":""Forge Flux (T2)"",""qty"":1,""gathering_profession"":""Mining""}]"
143,Cooking,,2,Uncommon,Potion of water breathing,Potion,potion,Crafted item (Uncommon).,Crafting output for Cooking.,1,200,200,100,Phoenixheart Seed (T2),1,Herbalism,Chimera Horn (T2),1,Hunting,Frostsalt Crystal (T2),1,Mining,"[{""name"":""Phoenixheart Seed (T2)"",""qty"":1,""gathering_profession"":""Herbalism""},{""name"":""Chimera Horn (T2)"",""qty"":1,""gathering_profession"":""Hunting""},{""name"":""Frostsalt Crystal (T2)"",""qty"":1,""gathering_profession"":""Mining""}]"
144,Cooking,Enchanting,2,Uncommon,Oil of Slipperiness,Potion/Oil,food_misc,Crafted item (Uncommon).,Crafting output for Cooking.,1,200,200,100,Rootcap Mushroom (T2),1,Herbalism,Sturdy Hide (T2),1,Hunting,Mythic Alloy (T2),1,Mining,"[{""name"":""Rootcap Mushroom (T2)"",""qty"":1,""gathering_profession"":""Herbalism""},{""name"":""Sturdy Hide (T2)"",""qty"":1,""gathering_profession"":""Hunting""},{""name"":""Mythic Alloy (T2)"",""qty"":1,""gathering_profession"":""Mining""}]"
145,Cooking,,2,Uncommon,Philter of Love,Potion/Oil,food_misc,Crafted item (Uncommon).,Crafting output for Cooking.,1,200,200,100,Bitterthorn Berry (T2),1,Herbalism,Sturdy Hide (T2),1,Hunting,Mythic Alloy (T2),1,Mining,"[{""name"":""Bitterthorn Berry (T2)"",""qty"":1,""gathering_profession"":""Herbalism""},{""name"":""Sturdy Hide (T2)"",""qty"":1,""gathering_profession"":""Hunting""},{""name"":""Mythic Alloy (T2)"",""qty"":1,""gathering_profession"":""Mining""}]"
146,Cooking,,2,Uncommon,Potion of Animal Friendship,Potion/Oil,potion,Crafted item (Uncommon).,Crafting output for Cooking.,1,200,200,100,Phoenixheart Seed (T2),1,Herbalism,Chimera Horn (T2),1,Hunting,Mythic Alloy (T2),1,Mining,"[{""name"":""Phoenixheart Seed (T2)"",""qty"":1,""gathering_profession"":""Herbalism""},{""name"":""Chimera Horn (T2)"",""qty"":1,""gathering_profession"":""Hunting""},{""name"":""Mythic Alloy (T2)"",""qty"":1,""gathering_profession"":""Mining""}]"
147,Cooking,,2,Uncommon,Potion of Fire Breath,Potion/Oil,potion,Crafted item (Uncommon).,Crafting output for Cooking.,1,200,200,100,Phoenixheart Seed (T2),1,Herbalism,Chimera Horn (T2),1,Hunting,Emberstone Chunk (T2),1,Mining,"[{""name"":""Phoenixheart Seed (T2)"",""qty"":1,""gathering_profession"":""Herbalism""},{""name"":""Chimera Horn (T2)"",""qty"":1,""gathering_profession"":""Hunting""},{""name"":""Emberstone Chunk (T2)"",""qty"":1,""gathering_profession"":""Mining""}]"
148,Cooking,,2,Uncommon,Potion of Giant Strength(Hill),Potion/Oil,potion,Crafted item (Uncommon).,Crafting output for Cooking.,1,200,200,100,Phoenixheart Seed (T2),1,Herbalism,Chimera Horn (T2),1,Hunting,Primal Shard (T2),1,Mining,"[{""name"":""Phoenixheart Seed (T2)"",""qty"":1,""gathering_profession"":""Herbalism""},{""name"":""Chimera Horn (T2)"",""qty"":1,""gathering_profession"":""Hunting""},{""name"":""Primal Shard (T2)"",""qty"":1,""gathering_profession"":""Mining""}]"
149,Cooking,,2,Uncommon,Potion of Growth,Potion/Oil,potion,Crafted item (Uncommon).,Crafting output for Cooking.,1,200,200,100,Phoenixheart Seed (T2),1,Herbalism,Sturdy Hide (T2),1,Hunting,Primal Shard (T2),1,Mining,"[{""name"":""Phoenixheart Seed (T2)"",""qty"":1,""gathering_profession"":""Herbalism""},{""name"":""Sturdy Hide (T2)"",""qty"":1,""gathering_profession"":""Hunting""},{""name"":""Primal Shard (T2)"",""qty"":1,""gathering_profession"":""Mining""}]"
150,Cooking,,2,Uncommon,Potion of Healing (Greater),Potion/Oil,potion,Crafted item (Uncommon).,Crafting output for Cooking.,1,200,200,100,Phoenixheart Seed (T2),1,Herbalism,Chimera Horn (T2),1,Hunting,Deepvein Ore (T2),1,Mining,"[{""name"":""Phoenixheart Seed (T2)"",""qty"":1,""gathering_profession"":""Herbalism""},{""name"":""Chimera Horn (T2)"",""qty"":1,""gathering_profession"":""Hunting""},{""name"":""Deepvein Ore (T2)"",""qty"":1,""gathering_profession"":""Mining""}]"
151,Cooking,,2,Uncommon,Potion of Pugilism,Potion/Oil,potion,Crafted item (Uncommon).,Crafting output for Cooking.,1,200,200,100,Phoenixheart Seed (T2),1,Herbalism,Razor Fang (T2),1,Hunting,Primal Shard (T2),1,Mining,"[{""name"":""Phoenixheart Seed (T2)"",""qty"":1,""gathering_profession"":""Herbalism""},{""name"":""Razor Fang (T2)"",""qty"":1,""gathering_profession"":""Hunting""},{""name"":""Primal Shard (T2)"",""qty"":1,""gathering_profession"":""Mining""}]"
152,Cooking,,2,Uncommon,Potion of Resistance,Potion/Oil,potion,Crafted item (Uncommon).,Crafting output for Cooking.,1,200,200,100,Phoenixheart Seed (T2),1,Herbalism,Chimera Horn (T2),1,Hunting,Starcut Gem (T2),1,Mining,"[{""name"":""Phoenixheart Seed (T2)"",""qty"":1,""gathering_profession"":""Herbalism""},{""name"":""Chimera Horn (T2)"",""qty"":1,""gathering_profession"":""Hunting""},{""name"":""Starcut Gem (T2)"",""qty"":1,""gathering_profession"":""Mining""}]"
153,Cooking,,2,Uncommon,Potion of Water Breathing,Potion/Oil,potion,Crafted item (Uncommon).,Crafting output for Cooking.,1,200,200,100,Phoenixheart Seed (T2),1,Herbalism,Keen Eye (T2),1,Hunting,Primal Shard (T2),1,Mining,"[{""name"":""Phoenixheart Seed (T2)"",""qty"":1,""gathering_profession"":""Herbalism""},{""name"":""Keen Eye (T2)"",""qty"":1,""gathering_profession"":""Hunting""},{""name"":""Primal Shard (T2)"",""qty"":1,""gathering_profession"":""Mining""}]"
154,Cooking,,3,Rare,Bead of force,Potion,food_misc,Crafted item (Rare).,Crafting output for Cooking.,1,1500,1500,750,Silvermint Sprig (T3),1,Herbalism,Wild Heart (T3),1,Hunting,Frostsalt Crystal (T3),1,Mining,"[{""name"":""Silvermint Sprig (T3)"",""qty"":1,""gathering_profession"":""Herbalism""},{""name"":""Wild Heart (T3)"",""qty"":1,""gathering_profession"":""Hunting""},{""name"":""Frostsalt Crystal (T3)"",""qty"":1,""gathering_profession"":""Mining""}]"
155,Cooking,,3,Rare,Necklace of prayer beads,Potion,food_misc,Crafted item (Rare).,Crafting output for Cooking.,1,1500,1500,750,Bitterthorn Berry (T3),1,Herbalism,Wild Heart (T3),1,Hunting,Frostsalt Crystal (T3),1,Mining,"[{""name"":""Bitterthorn Berry (T3)"",""qty"":1,""gathering_profession"":""Herbalism""},{""name"":""Wild Heart (T3)"",""qty"":1,""gathering_profession"":""Hunting""},{""name"":""Frostsalt Crystal (T3)"",""qty"":1,""gathering_profession"":""Mining""}]"
156,Cooking,,3,Rare,Potion of clairvoyance,Potion,potion,Crafted item (Rare).,Crafting output for Cooking.,1,1500,1500,750,Sunpetal Bloom (T3),1,Herbalism,Wild Heart (T3),1,Hunting,Frostsalt Crystal (T3),1,Mining,"[{""name"":""Sunpetal Bloom (T3)"",""qty"":1,""gathering_profession"":""Herbalism""},{""name"":""Wild Heart (T3)"",""qty"":1,""gathering_profession"":""Hunting""},{""name"":""Frostsalt Crystal (T3)"",""qty"":1,""gathering_profession"":""Mining""}]"
157,Cooking,,3,Rare,Potion of fire giant strength,Potion,potion,Crafted item (Rare).,Crafting output for Cooking.,1,1500,1500,750,Bitterthorn Berry (T3),1,Herbalism,Wild Heart (T3),1,Hunting,Frostsalt Crystal (T3),1,Mining,"[{""name"":""Bitterthorn Berry (T3)"",""qty"":1,""gathering_profession"":""Herbalism""},{""name"":""Wild Heart (T3)"",""qty"":1,""gathering_profession"":""Hunting""},{""name"":""Frostsalt Crystal (T3)"",""qty"":1,""gathering_profession"":""Mining""}]"
158,Cooking,,3,Rare,Potion of frost giant strength,Potion,potion,Crafted item (Rare).,Crafting output for Cooking.,1,1500,1500,750,Moonshade Orchid (T3),1,Herbalism,Wild Heart (T3),1,Hunting,Frostsalt Crystal (T3),1,Mining,"[{""name"":""Moonshade Orchid (T3)"",""qty"":1,""gathering_profession"":""Herbalism""},{""name"":""Wild Heart (T3)"",""qty"":1,""gathering_profession"":""Hunting""},{""name"":""Frostsalt Crystal (T3)"",""qty"":1,""gathering_profession"":""Mining""}]"
159,Cooking,,3,Rare,Potion of invulnerability,Potion,potion,Crafted item (Rare).,Crafting output for Cooking.,1,1500,1500,750,Phoenixheart Seed (T3),1,Herbalism,Wild Heart (T3),1,Hunting,Frostsalt Crystal (T3),1,Mining,"[{""name"":""Phoenixheart Seed (T3)"",""qty"":1,""gathering_profession"":""Herbalism""},{""name"":""Wild Heart (T3)"",""qty"":1,""gathering_profession"":""Hunting""},{""name"":""Frostsalt Crystal (T3)"",""qty"":1,""gathering_profession"":""Mining""}]"
160,Cooking,,3,Rare,Potion of mind reading,Potion,potion,Crafted item (Rare).,Crafting output for Cooking.,1,1500,1500,750,Duskleaf Frond (T3),1,Herbalism,Wild Heart (T3),1,Hunting,Frostsalt Crystal (T3),1,Mining,"[{""name"":""Duskleaf Frond (T3)"",""qty"":1,""gathering_profession"":""Herbalism""},{""name"":""Wild Heart (T3)"",""qty"":1,""gathering_profession"":""Hunting""},{""name"":""Frostsalt Crystal (T3)"",""qty"":1,""gathering_profession"":""Mining""}]"
161,Cooking,,3,Rare,Potion of stone giant strength,Potion,potion,Crafted item (Rare).,Crafting output for Cooking.,1,1500,1500,750,Silvermint Sprig (T3),1,Herbalism,Wild Heart (T3),1,Hunting,Frostsalt Crystal (T3),1,Mining,"[{""name"":""Silvermint Sprig (T3)"",""qty"":1,""gathering_profession"":""Herbalism""},{""name"":""Wild Heart (T3)"",""qty"":1,""gathering_profession"":""Hunting""},{""name"":""Frostsalt Crystal (T3)"",""qty"":1,""gathering_profession"":""Mining""}]"
162,Cooking,Enchanting,3,Rare,Oil of Etherealness,Potion/Oil,food_misc,Crafted item (Rare).,Crafting output for Cooking.,1,1500,1500,750,Moonshade Orchid (T3),1,Herbalism,Wild Heart (T3),1,Hunting,Frostsalt Crystal (T3),1,Mining,"[{""name"":""Moonshade Orchid (T3)"",""qty"":1,""gathering_profession"":""Herbalism""},{""name"":""Wild Heart (T3)"",""qty"":1,""gathering_profession"":""Hunting""},{""name"":""Frostsalt Crystal (T3)"",""qty"":1,""gathering_profession"":""Mining""}]"
163,Cooking,,3,Rare,Potion of Clairvoyance,Potion/Oil,potion,Crafted item (Rare).,Crafting output for Cooking.,1,1500,1500,750,Rootcap Mushroom (T3),1,Herbalism,Wild Heart (T3),1,Hunting,Frostsalt Crystal (T3),1,Mining,"[{""name"":""Rootcap Mushroom (T3)"",""qty"":1,""gathering_profession"":""Herbalism""},{""name"":""Wild Heart (T3)"",""qty"":1,""gathering_profession"":""Hunting""},{""name"":""Frostsalt Crystal (T3)"",""qty"":1,""gathering_profession"":""Mining""}]"
164,Cooking,,3,Rare,Potion of Diminution,Potion/Oil,potion,Crafted item (Rare).,Crafting output for Cooking.,1,1500,1500,750,Silvermint Sprig (T3),1,Herbalism,Wild Heart (T3),1,Hunting,Emberstone Chunk (T3),1,Mining,"[{""name"":""Silvermint Sprig (T3)"",""qty"":1,""gathering_profession"":""Herbalism""},{""name"":""Wild Heart (T3)"",""qty"":1,""gathering_profession"":""Hunting""},{""name"":""Emberstone Chunk (T3)"",""qty"":1,""gathering_profession"":""Mining""}]"
165,Cooking,,3,Rare,Potion of Giant Strength (Fire),Potion/Oil,potion,Crafted item (Rare).,Crafting output for Cooking.,1,1500,1500,750,Silvermint Sprig (T3),1,Herbalism,Wild Heart (T3),1,Hunting,Forge Flux (T3),1,Mining,"[{""name"":""Silvermint Sprig (T3)"",""qty"":1,""gathering_profession"":""Herbalism""},{""name"":""Wild Heart (T3)"",""qty"":1,""gathering_profession"":""Hunting""},{""name"":""Forge Flux (T3)"",""qty"":1,""gathering_profession"":""Mining""}]"
166,Cooking,,3,Rare,Potion of Giant Strength (Frost),Potion/Oil,potion,Crafted item (Rare).,Crafting output for Cooking.,1,1500,1500,750,Silvermint Sprig (T3),1,Herbalism,Wild Heart (T3),1,Hunting,Deepvein Ore (T3),1,Mining,"[{""name"":""Silvermint Sprig (T3)"",""qty"":1,""gathering_profession"":""Herbalism""},{""name"":""Wild Heart (T3)"",""qty"":1,""gathering_profession"":""Hunting""},{""name"":""Deepvein Ore (T3)"",""qty"":1,""gathering_profession"":""Mining""}]"
167,Cooking,,3,Rare,Potion of Giant Strength (Stone),Potion/Oil,potion,Crafted item (Rare).,Crafting output for Cooking.,1,1500,1500,750,Silvermint Sprig (T3),1,Herbalism,Wild Heart (T3),1,Hunting,Starcut Gem (T3),1,Mining,"[{""name"":""Silvermint Sprig (T3)"",""qty"":1,""gathering_profession"":""Herbalism""},{""name"":""Wild Heart (T3)"",""qty"":1,""gathering_profession"":""Hunting""},{""name"":""Starcut Gem (T3)"",""qty"":1,""gathering_profession"":""Mining""}]"
168,Cooking,,3,Rare,Potion of Invulnerability,Potion/Oil,potion,Crafted item (Rare).,Crafting output for Cooking.,1,1500,1500,750,Silvermint Sprig (T3),1,Herbalism,Wild Heart (T3),1,Hunting,Primal Shard (T3),1,Mining,"[{""name"":""Silvermint Sprig (T3)"",""qty"":1,""gathering_profession"":""Herbalism""},{""name"":""Wild Heart (T3)"",""qty"":1,""gathering_profession"":""Hunting""},{""name"":""Primal Shard (T3)"",""qty"":1,""gathering_profession"":""Mining""}]"
169,Cooking,,4,Rare,Elixir of health,Potion,tonic,Crafted item (Rare).,Crafting output for Cooking.,1,3750,3750,1875,Moonshade Orchid (T4),1,Herbalism,Razor Fang (T4),1,Hunting,Deepvein Ore (T4),1,Mining,"[{""name"":""Moonshade Orchid (T4)"",""qty"":1,""gathering_profession"":""Herbalism""},{""name"":""Razor Fang (T4)"",""qty"":1,""gathering_profession"":""Hunting""},{""name"":""Deepvein Ore (T4)"",""qty"":1,""gathering_profession"":""Mining""}]"
170,Cooking,,4,Rare,Potion of diminution,Potion,potion,Crafted item (Rare).,Crafting output for Cooking.,1,3750,3750,1875,Moonshade Orchid (T4),1,Herbalism,Keen Eye (T4),1,Hunting,Emberstone Chunk (T4),1,Mining,"[{""name"":""Moonshade Orchid (T4)"",""qty"":1,""gathering_profession"":""Herbalism""},{""name"":""Keen Eye (T4)"",""qty"":1,""gathering_profession"":""Hunting""},{""name"":""Emberstone Chunk (T4)"",""qty"":1,""gathering_profession"":""Mining""}]"
171,Cooking,,4,Very Rare,Potion of flying,Potion,potion,Crafted item (Very Rare).,Crafting output for Cooking.,1,7500,7500,3750,Rootcap Mushroom (T4),1,Herbalism,Keen Eye (T4),1,Hunting,Emberstone Chunk (T4),1,Mining,"[{""name"":""Rootcap Mushroom (T4)"",""qty"":1,""gathering_profession"":""Herbalism""},{""name"":""Keen Eye (T4)"",""qty"":1,""gathering_profession"":""Hunting""},{""name"":""Emberstone Chunk (T4)"",""qty"":1,""gathering_profession"":""Mining""}]"
172,Cooking,,4,Rare,Potion of gaseous form,Potion,potion,Crafted item (Rare).,Crafting output for Cooking.,1,3750,3750,1875,Duskleaf Frond (T4),1,Herbalism,Keen Eye (T4),1,Hunting,Emberstone Chunk (T4),1,Mining,"[{""name"":""Duskleaf Frond (T4)"",""qty"":1,""gathering_profession"":""Herbalism""},{""name"":""Keen Eye (T4)"",""qty"":1,""gathering_profession"":""Hunting""},{""name"":""Emberstone Chunk (T4)"",""qty"":1,""gathering_profession"":""Mining""}]"
173,Cooking,,4,Rare,"Potion of healing, superior",Potion,potion,Crafted item (Rare).,Crafting output for Cooking.,1,3750,3750,1875,Phoenixheart Seed (T4),1,Herbalism,Keen Eye (T4),1,Hunting,Emberstone Chunk (T4),1,Mining,"[{""name"":""Phoenixheart Seed (T4)"",""qty"":1,""gathering_profession"":""Herbalism""},{""name"":""Keen Eye (T4)"",""qty"":1,""gathering_profession"":""Hunting""},{""name"":""Emberstone Chunk (T4)"",""qty"":1,""gathering_profession"":""Mining""}]"
174,Cooking,,4,Very Rare,"Potion of healing, supreme",Potion,potion,Crafted item (Very Rare).,Crafting output for Cooking.,1,7500,7500,3750,Bitterthorn Berry (T4),1,Herbalism,Keen Eye (T4),1,Hunting,Emberstone Chunk (T4),1,Mining,"[{""name"":""Bitterthorn Berry (T4)"",""qty"":1,""gathering_profession"":""Herbalism""},{""name"":""Keen Eye (T4)"",""qty"":1,""gathering_profession"":""Hunting""},{""name"":""Emberstone Chunk (T4)"",""qty"":1,""gathering_profession"":""Mining""}]"
175,Cooking,,4,Rare,Potion of heroism,Potion,potion,Crafted item (Rare).,Crafting output for Cooking.,1,3750,3750,1875,Silvermint Sprig (T4),1,Herbalism,Keen Eye (T4),1,Hunting,Emberstone Chunk (T4),1,Mining,"[{""name"":""Silvermint Sprig (T4)"",""qty"":1,""gathering_profession"":""Herbalism""},{""name"":""Keen Eye (T4)"",""qty"":1,""gathering_profession"":""Hunting""},{""name"":""Emberstone Chunk (T4)"",""qty"":1,""gathering_profession"":""Mining""}]"
176,Cooking,,4,Very Rare,Potion of speed,Potion,potion,Crafted item (Very Rare).,Crafting output for Cooking.,1,7500,7500,3750,Sunpetal Bloom (T4),1,Herbalism,Keen Eye (T4),1,Hunting,Emberstone Chunk (T4),1,Mining,"[{""name"":""Sunpetal Bloom (T4)"",""qty"":1,""gathering_profession"":""Herbalism""},{""name"":""Keen Eye (T4)"",""qty"":1,""gathering_profession"":""Hunting""},{""name"":""Emberstone Chunk (T4)"",""qty"":1,""gathering_profession"":""Mining""}]"
177,Cooking,,4,Rare,Elixir of Health,Potion/Oil,tonic,Crafted item (Rare).,Crafting output for Cooking.,1,3750,3750,1875,Duskleaf Frond (T4),1,Herbalism,Razor Fang (T4),1,Hunting,Deepvein Ore (T4),1,Mining,"[{""name"":""Duskleaf Frond (T4)"",""qty"":1,""gathering_profession"":""Herbalism""},{""name"":""Razor Fang (T4)"",""qty"":1,""gathering_profession"":""Hunting""},{""name"":""Deepvein Ore (T4)"",""qty"":1,""gathering_profession"":""Mining""}]"
178,Cooking,,4,Very Rare,Potion of Flying,Potion/Oil,potion,Crafted item (Very Rare).,Crafting output for Cooking.,1,7500,7500,3750,Bitterthorn Berry (T4),1,Herbalism,Keen Eye (T4),1,Hunting,Frostsalt Crystal (T4),1,Mining,"[{""name"":""Bitterthorn Berry (T4)"",""qty"":1,""gathering_profession"":""Herbalism""},{""name"":""Keen Eye (T4)"",""qty"":1,""gathering_profession"":""Hunting""},{""name"":""Frostsalt Crystal (T4)"",""qty"":1,""gathering_profession"":""Mining""}]"
179,Cooking,,4,Rare,Potion of Gaseous Form,Potion/Oil,potion,Crafted item (Rare).,Crafting output for Cooking.,1,3750,3750,1875,Bitterthorn Berry (T4),1,Herbalism,Keen Eye (T4),1,Hunting,Deepvein Ore (T4),1,Mining,"[{""name"":""Bitterthorn Berry (T4)"",""qty"":1,""gathering_profession"":""Herbalism""},{""name"":""Keen Eye (T4)"",""qty"":1,""gathering_profession"":""Hunting""},{""name"":""Deepvein Ore (T4)"",""qty"":1,""gathering_profession"":""Mining""}]"
180,Cooking,,4,Rare,Potion of Healing (Superior),Potion/Oil,potion,Crafted item (Rare).,Crafting output for Cooking.,1,3750,3750,1875,Bitterthorn Berry (T4),1,Herbalism,Keen Eye (T4),1,Hunting,Starcut Gem (T4),1,Mining,"[{""name"":""Bitterthorn Berry (T4)"",""qty"":1,""gathering_profession"":""Herbalism""},{""name"":""Keen Eye (T4)"",""qty"":1,""gathering_profession"":""Hunting""},{""name"":""Starcut Gem (T4)"",""qty"":1,""gathering_profession"":""Mining""}]"
181,Cooking,,4,Rare,Potion of Heroism,Potion/Oil,potion,Crafted item (Rare).,Crafting output for Cooking.,1,3750,3750,1875,Bitterthorn Berry (T4),1,Herbalism,Keen Eye (T4),1,Hunting,Forge Flux (T4),1,Mining,"[{""name"":""Bitterthorn Berry (T4)"",""qty"":1,""gathering_profession"":""Herbalism""},{""name"":""Keen Eye (T4)"",""qty"":1,""gathering_profession"":""Hunting""},{""name"":""Forge Flux (T4)"",""qty"":1,""gathering_profession"":""Mining""}]"
182,Cooking,,4,Rare,Potion of Invisibility,Potion/Oil,potion,Crafted item (Rare).,Crafting output for Cooking.,1,3750,3750,1875,Bitterthorn Berry (T4),1,Herbalism,Keen Eye (T4),1,Hunting,Primal Shard (T4),1,Mining,"[{""name"":""Bitterthorn Berry (T4)"",""qty"":1,""gathering_profession"":""Herbalism""},{""name"":""Keen Eye (T4)"",""qty"":1,""gathering_profession"":""Hunting""},{""name"":""Primal Shard (T4)"",""qty"":1,""gathering_profession"":""Mining""}]"
183,Cooking,,4,Very Rare,Potion of Longevity,Potion/Oil,potion,Crafted item (Very Rare).,Crafting output for Cooking.,1,7500,7500,3750,Bitterthorn Berry (T4),1,Herbalism,Keen Eye (T4),1,Hunting,Mythic Alloy (T4),1,Mining,"[{""name"":""Bitterthorn Berry (T4)"",""qty"":1,""gathering_profession"":""Herbalism""},{""name"":""Keen Eye (T4)"",""qty"":1,""gathering_profession"":""Hunting""},{""name"":""Mythic Alloy (T4)"",""qty"":1,""gathering_profession"":""Mining""}]"
184,Cooking,,4,Rare,Potion of Mind Reading,Potion/Oil,potion,Crafted item (Rare).,Crafting output for Cooking.,1,3750,3750,1875,Bitterthorn Berry (T4),1,Herbalism,Dragon Gland (T4),1,Hunting,Primal Shard (T4),1,Mining,"[{""name"":""Bitterthorn Berry (T4)"",""qty"":1,""gathering_profession"":""Herbalism""},{""name"":""Dragon Gland (T4)"",""qty"":1,""gathering_profession"":""Hunting""},{""name"":""Primal Shard (T4)"",""qty"":1,""gathering_profession"":""Mining""}]"
185,Cooking,,5,Very Rare,Potion of cloud giant strength,Potion,potion,Crafted item (Very Rare).,Crafting output for Cooking.,1,15000,15000,7500,Phoenixheart Seed (T5),1,Herbalism,Dragon Gland (T5),1,Hunting,Primal Shard (T5),1,Mining,"[{""name"":""Phoenixheart Seed (T5)"",""qty"":1,""gathering_profession"":""Herbalism""},{""name"":""Dragon Gland (T5)"",""qty"":1,""gathering_profession"":""Hunting""},{""name"":""Primal Shard (T5)"",""qty"":1,""gathering_profession"":""Mining""}]"
186,Cooking,,5,Very Rare,Potion of invisibility,Potion,potion,Crafted item (Very Rare).,Crafting output for Cooking.,1,15000,15000,7500,Rootcap Mushroom (T5),1,Herbalism,Dragon Gland (T5),1,Hunting,Primal Shard (T5),1,Mining,"[{""name"":""Rootcap Mushroom (T5)"",""qty"":1,""gathering_profession"":""Herbalism""},{""name"":""Dragon Gland (T5)"",""qty"":1,""gathering_profession"":""Hunting""},{""name"":""Primal Shard (T5)"",""qty"":1,""gathering_profession"":""Mining""}]"
187,Cooking,,5,Very Rare,Potion of longevity,Potion,potion,Crafted item (Very Rare).,Crafting output for Cooking.,1,15000,15000,7500,Bitterthorn Berry (T5),1,Herbalism,Dragon Gland (T5),1,Hunting,Primal Shard (T5),1,Mining,"[{""name"":""Bitterthorn Berry (T5)"",""qty"":1,""gathering_profession"":""Herbalism""},{""name"":""Dragon Gland (T5)"",""qty"":1,""gathering_profession"":""Hunting""},{""name"":""Primal Shard (T5)"",""qty"":1,""gathering_profession"":""Mining""}]"
188,Cooking,,5,Very Rare,Potion of vitality,Potion,potion,Crafted item (Very Rare).,Crafting output for Cooking.,1,15000,15000,7500,Silvermint Sprig (T5),1,Herbalism,Dragon Gland (T5),1,Hunting,Primal Shard (T5),1,Mining,"[{""name"":""Silvermint Sprig (T5)"",""qty"":1,""gathering_profession"":""Herbalism""},{""name"":""Dragon Gland (T5)"",""qty"":1,""gathering_profession"":""Hunting""},{""name"":""Primal Shard (T5)"",""qty"":1,""gathering_profession"":""Mining""}]"
189,Cooking,Enchanting,5,Very Rare,Oil of Sharpness,Potion/Oil,food_misc,Crafted item (Very Rare).,Crafting output for Cooking.,1,15000,15000,7500,Phoenixheart Seed (T5),1,Herbalism,Wild Heart (T5),1,Hunting,Frostsalt Crystal (T5),1,Mining,"[{""name"":""Phoenixheart Seed (T5)"",""qty"":1,""gathering_profession"":""Herbalism""},{""name"":""Wild Heart (T5)"",""qty"":1,""gathering_profession"":""Hunting""},{""name"":""Frostsalt Crystal (T5)"",""qty"":1,""gathering_profession"":""Mining""}]"
190,Cooking,,5,Very Rare,Potion of Giant Strength (Cloud),Potion/Oil,potion,Crafted item (Very Rare).,Crafting output for Cooking.,1,15000,15000,7500,Duskleaf Frond (T5),1,Herbalism,Dragon Gland (T5),1,Hunting,Primal Shard (T5),1,Mining,"[{""name"":""Duskleaf Frond (T5)"",""qty"":1,""gathering_profession"":""Herbalism""},{""name"":""Dragon Gland (T5)"",""qty"":1,""gathering_profession"":""Hunting""},{""name"":""Primal Shard (T5)"",""qty"":1,""gathering_profession"":""Mining""}]"
191,Cooking,,5,Very Rare,Potion of Giant Strength (Stone),Potion/Oil,potion,Crafted item (Very Rare).,Crafting output for Cooking.,1,15000,15000,7500,Sunpetal Bloom (T5),1,Herbalism,Dragon Gland (T5),1,Hunting,Primal Shard (T5),1,Mining,"[{""name"":""Sunpetal Bloom (T5)"",""qty"":1,""gathering_profession"":""Herbalism""},{""name"":""Dragon Gland (T5)"",""qty"":1,""gathering_profession"":""Hunting""},{""name"":""Primal Shard (T5)"",""qty"":1,""gathering_profession"":""Mining""}]"
192,Cooking,,5,Very Rare,Potion of Greater Invisibility,Potion/Oil,potion,Crafted item (Very Rare).,Crafting output for Cooking.,1,15000,15000,7500,Moonshade Orchid (T5),1,Herbalism,Dragon Gland (T5),1,Hunting,Primal Shard (T5),1,Mining,"[{""name"":""Moonshade Orchid (T5)"",""qty"":1,""gathering_profession"":""Herbalism""},{""name"":""Dragon Gland (T5)"",""qty"":1,""gathering_profession"":""Hunting""},{""name"":""Primal Shard (T5)"",""qty"":1,""gathering_profession"":""Mining""}]"
193,Cooking,,5,Very Rare,Potion of Speed,Potion/Oil,potion,Crafted item (Very Rare).,Crafting output for Cooking.,1,15000,15000,7500,Sunpetal Bloom (T5),1,Herbalism,Dragon Gland (T5),1,Hunting,Forge Flux (T5),1,Mining,"[{""name"":""Sunpetal Bloom (T5)"",""qty"":1,""gathering_profession"":""Herbalism""},{""name"":""Dragon Gland (T5)"",""qty"":1,""gathering_profession"":""Hunting""},{""name"":""Forge Flux (T5)"",""qty"":1,""gathering_profession"":""Mining""}]"
194,Cooking,,5,Very Rare,Potion of Vitality,Potion/Oil,potion,Crafted item (Very Rare).,Crafting output for Cooking.,1,15000,15000,7500,Sunpetal Bloom (T5),1,Herbalism,Dragon Gland (T5),1,Hunting,Frostsalt Crystal (T5),1,Mining,"[{""name"":""Sunpetal Bloom (T5)"",""qty"":1,""gathering_profession"":""Herbalism""},{""name"":""Dragon Gland (T5)"",""qty"":1,""gathering_profession"":""Hunting""},{""name"":""Frostsalt Crystal (T5)"",""qty"":1,""gathering_profession"":""Mining""}]"
195,Cooking,,5,Very Rare,Potions of Healing (Superior),Potion/Oil,potion,Crafted item (Very Rare).,Crafting output for Cooking.,1,15000,15000,7500,Sunpetal Bloom (T5),1,Herbalism,Dragon Gland (T5),1,Hunting,Emberstone Chunk (T5),1,Mining,"[{""name"":""Sunpetal Bloom (T5)"",""qty"":1,""gathering_profession"":""Herbalism""},{""name"":""Dragon Gland (T5)"",""qty"":1,""gathering_profession"":""Hunting""},{""name"":""Emberstone Chunk (T5)"",""qty"":1,""gathering_profession"":""Mining""}]"
196,Cooking,,6,Legendary,Potion of storm giant strength,Potion,potion,Crafted item (Legendary).,Crafting output for Cooking.,1,160000,160000,80000,Rootcap Mushroom (T6),1,Herbalism,Sturdy Hide (T6),1,Hunting,Mythic Alloy (T6),1,Mining,"[{""name"":""Rootcap Mushroom (T6)"",""qty"":1,""gathering_profession"":""Herbalism""},{""name"":""Sturdy Hide (T6)"",""qty"":1,""gathering_profession"":""Hunting""},{""name"":""Mythic Alloy (T6)"",""qty"":1,""gathering_profession"":""Mining""}]"
197,Cooking,,6,Legendary,Potion of Giant Strength (Storm),Potion/Oil,potion,Crafted item (Legendary).,Crafting output for Cooking.,1,160000,160000,80000,Duskleaf Frond (T6),1,Herbalism,Sturdy Hide (T6),1,Hunting,Mythic Alloy (T6),1,Mining,"[{""name"":""Duskleaf Frond (T6)"",""qty"":1,""gathering_profession"":""Herbalism""},{""name"":""Sturdy Hide (T6)"",""qty"":1,""gathering_profession"":""Hunting""},{""name"":""Mythic Alloy (T6)"",""qty"":1,""gathering_profession"":""Mining""}]"
198,Enchanting,,1,Common,Ear Horn of Hearing,Ring,jewelry_ring,Crafted item (Common).,Crafting output for Enchanting.,1,20,20,10,Rift Glass (T1),1,Arcane Extraction,Frostsalt Crystal (T1),1,Mining,Rootcap Mushroom (T1),1,Herbalism,"[{""name"":""Rift Glass (T1)"",""qty"":1,""gathering_profession"":""Arcane Extraction""},{""name"":""Frostsalt Crystal (T1)"",""qty"":1,""gathering_profession"":""Mining""},{""name"":""Rootcap Mushroom (T1)"",""qty"":1,""gathering_profession"":""Herbalism""}]"
199,Enchanting,,1,Common,Smoldering Armor,Ring,jewelry_ring,Crafted item (Common).,Crafting output for Enchanting.,1,20,20,10,Luminous Pearl (T1),1,Arcane Extraction,Frostsalt Crystal (T1),1,Mining,Rootcap Mushroom (T1),1,Herbalism,"[{""name"":""Luminous Pearl (T1)"",""qty"":1,""gathering_profession"":""Arcane Extraction""},{""name"":""Frostsalt Crystal (T1)"",""qty"":1,""gathering_profession"":""Mining""},{""name"":""Rootcap Mushroom (T1)"",""qty"":1,""gathering_profession"":""Herbalism""}]"
200,Enchanting,,1,Common,Wand of Conducting,Wand,focus_wand,Crafted item (Common).,Crafting output for Enchanting.,1,20,20,10,Mana Thread (T1),1,Arcane Extraction,Mythic Alloy (T1),1,Mining,Moonshade Orchid (T1),1,Herbalism,"[{""name"":""Mana Thread (T1)"",""qty"":1,""gathering_profession"":""Arcane Extraction""},{""name"":""Mythic Alloy (T1)"",""qty"":1,""gathering_profession"":""Mining""},{""name"":""Moonshade Orchid (T1)"",""qty"":1,""gathering_profession"":""Herbalism""}]"
201,Enchanting,,1,Common,Wand of Pyrotechnics,Wand,focus_wand,Crafted item (Common).,Crafting output for Enchanting.,1,20,20,10,Rift Glass (T1),1,Arcane Extraction,Mythic Alloy (T1),1,Mining,Moonshade Orchid (T1),1,Herbalism,"[{""name"":""Rift Glass (T1)"",""qty"":1,""gathering_profession"":""Arcane Extraction""},{""name"":""Mythic Alloy (T1)"",""qty"":1,""gathering_profession"":""Mining""},{""name"":""Moonshade Orchid (T1)"",""qty"":1,""gathering_profession"":""Herbalism""}]"
202,Enchanting,,1,Common,Wand of scowls,Wand,focus_wand,Crafted item (Common).,Crafting output for Enchanting.,1,20,20,10,Astral Prism (T1),1,Arcane Extraction,Mythic Alloy (T1),1,Mining,Moonshade Orchid (T1),1,Herbalism,"[{""name"":""Astral Prism (T1)"",""qty"":1,""gathering_profession"":""Arcane Extraction""},{""name"":""Mythic Alloy (T1)"",""qty"":1,""gathering_profession"":""Mining""},{""name"":""Moonshade Orchid (T1)"",""qty"":1,""gathering_profession"":""Herbalism""}]"
203,Enchanting,,1,Common,Wand of smiles,Wand,focus_wand,Crafted item (Common).,Crafting output for Enchanting.,1,20,20,10,Aether Sand (T1),1,Arcane Extraction,Mythic Alloy (T1),1,Mining,Moonshade Orchid (T1),1,Herbalism,"[{""name"":""Aether Sand (T1)"",""qty"":1,""gathering_profession"":""Arcane Extraction""},{""name"":""Mythic Alloy (T1)"",""qty"":1,""gathering_profession"":""Mining""},{""name"":""Moonshade Orchid (T1)"",""qty"":1,""gathering_profession"":""Herbalism""}]"
204,Enchanting,,1,Common,Clockwork amulet,Wearable,jewelry_amulet,Crafted item (Common).,Crafting output for Enchanting.,1,20,20,10,Aether Sand (T1),1,Arcane Extraction,Mythic Alloy (T1),1,Mining,Moonshade Orchid (T1),1,Herbalism,"[{""name"":""Aether Sand (T1)"",""qty"":1,""gathering_profession"":""Arcane Extraction""},{""name"":""Mythic Alloy (T1)"",""qty"":1,""gathering_profession"":""Mining""},{""name"":""Moonshade Orchid (T1)"",""qty"":1,""gathering_profession"":""Herbalism""}]"
205,Enchanting,,1,Common,Dark Shard Amulet,Wearable,jewelry_amulet,Crafted item (Common).,Crafting output for Enchanting.,1,20,20,10,Mana Thread (T1),1,Arcane Extraction,Mythic Alloy (T1),1,Mining,Moonshade Orchid (T1),1,Herbalism,"[{""name"":""Mana Thread (T1)"",""qty"":1,""gathering_profession"":""Arcane Extraction""},{""name"":""Mythic Alloy (T1)"",""qty"":1,""gathering_profession"":""Mining""},{""name"":""Moonshade Orchid (T1)"",""qty"":1,""gathering_profession"":""Herbalism""}]"
206,Enchanting,,1,Common,Bead of Nourishment,Wondrous Item,enchant_misc,Crafted item (Common).,Crafting output for Enchanting.,1,20,20,10,Void Essence (T1),1,Arcane Extraction,Emberstone Chunk (T1),1,Mining,Sunpetal Bloom (T1),1,Herbalism,"[{""name"":""Void Essence (T1)"",""qty"":1,""gathering_profession"":""Arcane Extraction""},{""name"":""Emberstone Chunk (T1)"",""qty"":1,""gathering_profession"":""Mining""},{""name"":""Sunpetal Bloom (T1)"",""qty"":1,""gathering_profession"":""Herbalism""}]"
207,Enchanting,,1,Common,Bead of Refreshment,Wondrous Item,enchant_misc,Crafted item (Common).,Crafting output for Enchanting.,1,20,20,10,Astral Prism (T1),1,Arcane Extraction,Emberstone Chunk (T1),1,Mining,Sunpetal Bloom (T1),1,Herbalism,"[{""name"":""Astral Prism (T1)"",""qty"":1,""gathering_profession"":""Arcane Extraction""},{""name"":""Emberstone Chunk (T1)"",""qty"":1,""gathering_profession"":""Mining""},{""name"":""Sunpetal Bloom (T1)"",""qty"":1,""gathering_profession"":""Herbalism""}]"
208,Enchanting,,1,Common,Candle of the Deep,Wondrous Item,enchant_misc,Crafted item (Common).,Crafting output for Enchanting.,1,20,20,10,Aether Sand (T1),1,Arcane Extraction,Emberstone Chunk (T1),1,Mining,Sunpetal Bloom (T1),1,Herbalism,"[{""name"":""Aether Sand (T1)"",""qty"":1,""gathering_profession"":""Arcane Extraction""},{""name"":""Emberstone Chunk (T1)"",""qty"":1,""gathering_profession"":""Mining""},{""name"":""Sunpetal Bloom (T1)"",""qty"":1,""gathering_profession"":""Herbalism""}]"
209,Enchanting,,1,Common,Charlatan’s die,Wondrous Item,enchant_misc,Crafted item (Common).,Crafting output for Enchanting.,1,20,20,10,Mana Thread (T1),1,Arcane Extraction,Emberstone Chunk (T1),1,Mining,Sunpetal Bloom (T1),1,Herbalism,"[{""name"":""Mana Thread (T1)"",""qty"":1,""gathering_profession"":""Arcane Extraction""},{""name"":""Emberstone Chunk (T1)"",""qty"":1,""gathering_profession"":""Mining""},{""name"":""Sunpetal Bloom (T1)"",""qty"":1,""gathering_profession"":""Herbalism""}]"
210,Enchanting,,1,Common,Clothes of Mending,Wondrous Item,enchant_misc,Crafted item (Common).,Crafting output for Enchanting.,1,20,20,10,Luminous Pearl (T1),1,Arcane Extraction,Emberstone Chunk (T1),1,Mining,Sunpetal Bloom (T1),1,Herbalism,"[{""name"":""Luminous Pearl (T1)"",""qty"":1,""gathering_profession"":""Arcane Extraction""},{""name"":""Emberstone Chunk (T1)"",""qty"":1,""gathering_profession"":""Mining""},{""name"":""Sunpetal Bloom (T1)"",""qty"":1,""gathering_profession"":""Herbalism""}]"
211,Enchanting,,1,Common,Ear horn of hearing,Wondrous Item,jewelry_ring,Crafted item (Common).,Crafting output for Enchanting.,1,20,20,10,Void Essence (T1),1,Arcane Extraction,Frostsalt Crystal (T1),1,Mining,Rootcap Mushroom (T1),1,Herbalism,"[{""name"":""Void Essence (T1)"",""qty"":1,""gathering_profession"":""Arcane Extraction""},{""name"":""Frostsalt Crystal (T1)"",""qty"":1,""gathering_profession"":""Mining""},{""name"":""Rootcap Mushroom (T1)"",""qty"":1,""gathering_profession"":""Herbalism""}]"
212,Enchanting,,1,Common,Ersatz Eye,Wondrous Item,enchant_misc,Crafted item (Common).,Crafting output for Enchanting.,1,20,20,10,Rift Glass (T1),1,Arcane Extraction,Emberstone Chunk (T1),1,Mining,Sunpetal Bloom (T1),1,Herbalism,"[{""name"":""Rift Glass (T1)"",""qty"":1,""gathering_profession"":""Arcane Extraction""},{""name"":""Emberstone Chunk (T1)"",""qty"":1,""gathering_profession"":""Mining""},{""name"":""Sunpetal Bloom (T1)"",""qty"":1,""gathering_profession"":""Herbalism""}]"
213,Enchanting,,1,Common,Heward’s handy spice pouch,Wondrous Item,enchant_misc,Crafted item (Common).,Crafting output for Enchanting.,1,20,20,10,Spell Soot (T1),1,Arcane Extraction,Emberstone Chunk (T1),1,Mining,Sunpetal Bloom (T1),1,Herbalism,"[{""name"":""Spell Soot (T1)"",""qty"":1,""gathering_profession"":""Arcane Extraction""},{""name"":""Emberstone Chunk (T1)"",""qty"":1,""gathering_profession"":""Mining""},{""name"":""Sunpetal Bloom (T1)"",""qty"":1,""gathering_profession"":""Herbalism""}]"
214,Enchanting,,1,Common,Horn of Silent Alarm,Wondrous Item,enchant_misc,Crafted item (Common).,Crafting output for Enchanting.,1,20,20,10,Rift Glass (T1),1,Arcane Extraction,Emberstone Chunk (T1),1,Mining,Rootcap Mushroom (T1),1,Herbalism,"[{""name"":""Rift Glass (T1)"",""qty"":1,""gathering_profession"":""Arcane Extraction""},{""name"":""Emberstone Chunk (T1)"",""qty"":1,""gathering_profession"":""Mining""},{""name"":""Rootcap Mushroom (T1)"",""qty"":1,""gathering_profession"":""Herbalism""}]"
215,Enchanting,,1,Common,Illuminator’s Tattoo,Wondrous Item,enchant_misc,Crafted item (Common).,Crafting output for Enchanting.,1,20,20,10,Rift Glass (T1),1,Arcane Extraction,Emberstone Chunk (T1),1,Mining,Bitterthorn Berry (T1),1,Herbalism,"[{""name"":""Rift Glass (T1)"",""qty"":1,""gathering_profession"":""Arcane Extraction""},{""name"":""Emberstone Chunk (T1)"",""qty"":1,""gathering_profession"":""Mining""},{""name"":""Bitterthorn Berry (T1)"",""qty"":1,""gathering_profession"":""Herbalism""}]"
216,Enchanting,,1,Common,Lock of Trickery,Wondrous Item,enchant_misc,Crafted item (Common).,Crafting output for Enchanting.,1,20,20,10,Rift Glass (T1),1,Arcane Extraction,Emberstone Chunk (T1),1,Mining,Duskleaf Frond (T1),1,Herbalism,"[{""name"":""Rift Glass (T1)"",""qty"":1,""gathering_profession"":""Arcane Extraction""},{""name"":""Emberstone Chunk (T1)"",""qty"":1,""gathering_profession"":""Mining""},{""name"":""Duskleaf Frond (T1)"",""qty"":1,""gathering_profession"":""Herbalism""}]"
217,Enchanting,,1,Common,Masquerade Tattoo,Wondrous Item,enchant_misc,Crafted item (Common).,Crafting output for Enchanting.,1,20,20,10,Rift Glass (T1),1,Arcane Extraction,Primal Shard (T1),1,Mining,Bitterthorn Berry (T1),1,Herbalism,"[{""name"":""Rift Glass (T1)"",""qty"":1,""gathering_profession"":""Arcane Extraction""},{""name"":""Primal Shard (T1)"",""qty"":1,""gathering_profession"":""Mining""},{""name"":""Bitterthorn Berry (T1)"",""qty"":1,""gathering_profession"":""Herbalism""}]"
218,Enchanting,,1,Common,Mystery key,Wondrous Item,enchant_misc,Crafted item (Common).,Crafting output for Enchanting.,1,20,20,10,Rift Glass (T1),1,Arcane Extraction,Emberstone Chunk (T1),1,Mining,Phoenixheart Seed (T1),1,Herbalism,"[{""name"":""Rift Glass (T1)"",""qty"":1,""gathering_profession"":""Arcane Extraction""},{""name"":""Emberstone Chunk (T1)"",""qty"":1,""gathering_profession"":""Mining""},{""name"":""Phoenixheart Seed (T1)"",""qty"":1,""gathering_profession"":""Herbalism""}]"
219,Enchanting,,1,Common,Orb of Direction,Wondrous Item,focus_gem,Crafted item (Common).,Crafting output for Enchanting.,1,20,20,10,Astral Prism (T1),1,Arcane Extraction,Deepvein Ore (T1),1,Mining,Phoenixheart Seed (T1),1,Herbalism,"[{""name"":""Astral Prism (T1)"",""qty"":1,""gathering_profession"":""Arcane Extraction""},{""name"":""Deepvein Ore (T1)"",""qty"":1,""gathering_profession"":""Mining""},{""name"":""Phoenixheart Seed (T1)"",""qty"":1,""gathering_profession"":""Herbalism""}]"
220,Enchanting,,1,Common,Orb of Time,Wondrous Item,focus_gem,Crafted item (Common).,Crafting output for Enchanting.,1,20,20,10,Void Essence (T1),1,Arcane Extraction,Deepvein Ore (T1),1,Mining,Phoenixheart Seed (T1),1,Herbalism,"[{""name"":""Void Essence (T1)"",""qty"":1,""gathering_profession"":""Arcane Extraction""},{""name"":""Deepvein Ore (T1)"",""qty"":1,""gathering_profession"":""Mining""},{""name"":""Phoenixheart Seed (T1)"",""qty"":1,""gathering_profession"":""Herbalism""}]"
221,Enchanting,,1,Common,Perfume of Bewitching,Wondrous Item,enchant_misc,Crafted item (Common).,Crafting output for Enchanting.,1,20,20,10,Rift Glass (T1),1,Arcane Extraction,Frostsalt Crystal (T1),1,Mining,Bitterthorn Berry (T1),1,Herbalism,"[{""name"":""Rift Glass (T1)"",""qty"":1,""gathering_profession"":""Arcane Extraction""},{""name"":""Frostsalt Crystal (T1)"",""qty"":1,""gathering_profession"":""Mining""},{""name"":""Bitterthorn Berry (T1)"",""qty"":1,""gathering_profession"":""Herbalism""}]"
222,Enchanting,,1,Common,Pipe of Smoke Monsters,Wondrous Item,enchant_misc,Crafted item (Common).,Crafting output for Enchanting.,1,20,20,10,Rift Glass (T1),1,Arcane Extraction,Frostsalt Crystal (T1),1,Mining,Rootcap Mushroom (T1),1,Herbalism,"[{""name"":""Rift Glass (T1)"",""qty"":1,""gathering_profession"":""Arcane Extraction""},{""name"":""Frostsalt Crystal (T1)"",""qty"":1,""gathering_profession"":""Mining""},{""name"":""Rootcap Mushroom (T1)"",""qty"":1,""gathering_profession"":""Herbalism""}]"
223,Enchanting,,1,Common,Pole of Angling,Wondrous Item,enchant_misc,Crafted item (Common).,Crafting output for Enchanting.,1,20,20,10,Rift Glass (T1),1,Arcane Extraction,Emberstone Chunk (T1),1,Mining,Silvermint Sprig (T1),1,Herbalism,"[{""name"":""Rift Glass (T1)"",""qty"":1,""gathering_profession"":""Arcane Extraction""},{""name"":""Emberstone Chunk (T1)"",""qty"":1,""gathering_profession"":""Mining""},{""name"":""Silvermint Sprig (T1)"",""qty"":1,""gathering_profession"":""Herbalism""}]"
224,Enchanting,,1,Common,Pole of Collapsing,Wondrous Item,enchant_misc,Crafted item (Common).,Crafting output for Enchanting.,1,20,20,10,Rift Glass (T1),1,Arcane Extraction,Forge Flux (T1),1,Mining,Bitterthorn Berry (T1),1,Herbalism,"[{""name"":""Rift Glass (T1)"",""qty"":1,""gathering_profession"":""Arcane Extraction""},{""name"":""Forge Flux (T1)"",""qty"":1,""gathering_profession"":""Mining""},{""name"":""Bitterthorn Berry (T1)"",""qty"":1,""gathering_profession"":""Herbalism""}]"
225,Enchanting,,1,Common,Pot of Awakening,Wondrous Item,enchant_misc,Crafted item (Common).,Crafting output for Enchanting.,1,20,20,10,Rift Glass (T1),1,Arcane Extraction,Deepvein Ore (T1),1,Mining,Bitterthorn Berry (T1),1,Herbalism,"[{""name"":""Rift Glass (T1)"",""qty"":1,""gathering_profession"":""Arcane Extraction""},{""name"":""Deepvein Ore (T1)"",""qty"":1,""gathering_profession"":""Mining""},{""name"":""Bitterthorn Berry (T1)"",""qty"":1,""gathering_profession"":""Herbalism""}]"
226,Enchanting,,1,Common,Prosthetic Limb,Wondrous Item,enchant_misc,Crafted item (Common).,Crafting output for Enchanting.,1,20,20,10,Rift Glass (T1),1,Arcane Extraction,Primal Shard (T1),1,Mining,Duskleaf Frond (T1),1,Herbalism,"[{""name"":""Rift Glass (T1)"",""qty"":1,""gathering_profession"":""Arcane Extraction""},{""name"":""Primal Shard (T1)"",""qty"":1,""gathering_profession"":""Mining""},{""name"":""Duskleaf Frond (T1)"",""qty"":1,""gathering_profession"":""Herbalism""}]"
227,Enchanting,,1,Common,Rival Coin,Wondrous Item,enchant_misc,Crafted item (Common).,Crafting output for Enchanting.,1,20,20,10,Rift Glass (T1),1,Arcane Extraction,Mythic Alloy (T1),1,Mining,Bitterthorn Berry (T1),1,Herbalism,"[{""name"":""Rift Glass (T1)"",""qty"":1,""gathering_profession"":""Arcane Extraction""},{""name"":""Mythic Alloy (T1)"",""qty"":1,""gathering_profession"":""Mining""},{""name"":""Bitterthorn Berry (T1)"",""qty"":1,""gathering_profession"":""Herbalism""}]"
228,Enchanting,,1,Common,Rope of mending,Wondrous Item,enchant_misc,Crafted item (Common).,Crafting output for Enchanting.,1,20,20,10,Rift Glass (T1),1,Arcane Extraction,Deepvein Ore (T1),1,Mining,Sunpetal Bloom (T1),1,Herbalism,"[{""name"":""Rift Glass (T1)"",""qty"":1,""gathering_profession"":""Arcane Extraction""},{""name"":""Deepvein Ore (T1)"",""qty"":1,""gathering_profession"":""Mining""},{""name"":""Sunpetal Bloom (T1)"",""qty"":1,""gathering_profession"":""Herbalism""}]"
229,Enchanting,,1,Common,Ruby of the War Mage,Wondrous Item,enchant_misc,Crafted item (Common).,Crafting output for Enchanting.,1,20,20,10,Rift Glass (T1),1,Arcane Extraction,Primal Shard (T1),1,Mining,Silvermint Sprig (T1),1,Herbalism,"[{""name"":""Rift Glass (T1)"",""qty"":1,""gathering_profession"":""Arcane Extraction""},{""name"":""Primal Shard (T1)"",""qty"":1,""gathering_profession"":""Mining""},{""name"":""Silvermint Sprig (T1)"",""qty"":1,""gathering_profession"":""Herbalism""}]"
230,Enchanting,,1,Common,Sylvan Talon,Wondrous Item,enchant_misc,Crafted item (Common).,Crafting output for Enchanting.,1,20,20,10,Rift Glass (T1),1,Arcane Extraction,Starcut Gem (T1),1,Mining,Bitterthorn Berry (T1),1,Herbalism,"[{""name"":""Rift Glass (T1)"",""qty"":1,""gathering_profession"":""Arcane Extraction""},{""name"":""Starcut Gem (T1)"",""qty"":1,""gathering_profession"":""Mining""},{""name"":""Bitterthorn Berry (T1)"",""qty"":1,""gathering_profession"":""Herbalism""}]"
231,Enchanting,,1,Common,Talking Doll,Wondrous Item,enchant_misc,Crafted item (Common).,Crafting output for Enchanting.,1,20,20,10,Rift Glass (T1),1,Arcane Extraction,Starcut Gem (T1),1,Mining,Duskleaf Frond (T1),1,Herbalism,"[{""name"":""Rift Glass (T1)"",""qty"":1,""gathering_profession"":""Arcane Extraction""},{""name"":""Starcut Gem (T1)"",""qty"":1,""gathering_profession"":""Mining""},{""name"":""Duskleaf Frond (T1)"",""qty"":1,""gathering_profession"":""Herbalism""}]"
232,Enchanting,,1,Common,Tankard of sobriety,Wondrous Item,enchant_misc,Crafted item (Common).,Crafting output for Enchanting.,1,20,20,10,Rift Glass (T1),1,Arcane Extraction,Emberstone Chunk (T1),1,Mining,Moonshade Orchid (T1),1,Herbalism,"[{""name"":""Rift Glass (T1)"",""qty"":1,""gathering_profession"":""Arcane Extraction""},{""name"":""Emberstone Chunk (T1)"",""qty"":1,""gathering_profession"":""Mining""},{""name"":""Moonshade Orchid (T1)"",""qty"":1,""gathering_profession"":""Herbalism""}]"
233,Enchanting,,1,Common,Veteran's Cane,Wondrous Item,enchant_misc,Crafted item (Common).,Crafting output for Enchanting.,1,20,20,10,Rift Glass (T1),1,Arcane Extraction,Forge Flux (T1),1,Mining,Rootcap Mushroom (T1),1,Herbalism,"[{""name"":""Rift Glass (T1)"",""qty"":1,""gathering_profession"":""Arcane Extraction""},{""name"":""Forge Flux (T1)"",""qty"":1,""gathering_profession"":""Mining""},{""name"":""Rootcap Mushroom (T1)"",""qty"":1,""gathering_profession"":""Herbalism""}]"
234,Enchanting,,1,Common,Veteran’s cane,Wondrous Item,enchant_misc,Crafted item (Common).,Crafting output for Enchanting.,1,20,20,10,Rift Glass (T1),1,Arcane Extraction,Mythic Alloy (T1),1,Mining,Duskleaf Frond (T1),1,Herbalism,"[{""name"":""Rift Glass (T1)"",""qty"":1,""gathering_profession"":""Arcane Extraction""},{""name"":""Mythic Alloy (T1)"",""qty"":1,""gathering_profession"":""Mining""},{""name"":""Duskleaf Frond (T1)"",""qty"":1,""gathering_profession"":""Herbalism""}]"
235,Enchanting,,2,Uncommon,Ring of Jumping,Ring,jewelry_ring,Crafted item (Uncommon).,Crafting output for Enchanting.,1,200,200,100,Rift Glass (T2),1,Arcane Extraction,Primal Shard (T2),1,Mining,Silvermint Sprig (T2),1,Herbalism,"[{""name"":""Rift Glass (T2)"",""qty"":1,""gathering_profession"":""Arcane Extraction""},{""name"":""Primal Shard (T2)"",""qty"":1,""gathering_profession"":""Mining""},{""name"":""Silvermint Sprig (T2)"",""qty"":1,""gathering_profession"":""Herbalism""}]"
236,Enchanting,,2,Uncommon,Ring of Mind Shielding,Ring,jewelry_ring,Crafted item (Uncommon).,Crafting output for Enchanting.,1,200,200,100,Spell Soot (T2),1,Arcane Extraction,Primal Shard (T2),1,Mining,Silvermint Sprig (T2),1,Herbalism,"[{""name"":""Spell Soot (T2)"",""qty"":1,""gathering_profession"":""Arcane Extraction""},{""name"":""Primal Shard (T2)"",""qty"":1,""gathering_profession"":""Mining""},{""name"":""Silvermint Sprig (T2)"",""qty"":1,""gathering_profession"":""Herbalism""}]"
237,Enchanting,,2,Uncommon,Ring of Swimming,Ring,jewelry_ring,Crafted item (Uncommon).,Crafting output for Enchanting.,1,200,200,100,Void Essence (T2),1,Arcane Extraction,Primal Shard (T2),1,Mining,Silvermint Sprig (T2),1,Herbalism,"[{""name"":""Void Essence (T2)"",""qty"":1,""gathering_profession"":""Arcane Extraction""},{""name"":""Primal Shard (T2)"",""qty"":1,""gathering_profession"":""Mining""},{""name"":""Silvermint Sprig (T2)"",""qty"":1,""gathering_profession"":""Herbalism""}]"
238,Enchanting,,2,Uncommon,Ring of Warmth,Ring,jewelry_ring,Crafted item (Uncommon).,Crafting output for Enchanting.,1,200,200,100,Mana Thread (T2),1,Arcane Extraction,Primal Shard (T2),1,Mining,Silvermint Sprig (T2),1,Herbalism,"[{""name"":""Mana Thread (T2)"",""qty"":1,""gathering_profession"":""Arcane Extraction""},{""name"":""Primal Shard (T2)"",""qty"":1,""gathering_profession"":""Mining""},{""name"":""Silvermint Sprig (T2)"",""qty"":1,""gathering_profession"":""Herbalism""}]"
239,Enchanting,,2,Uncommon,Ring of Water Walking,Ring,jewelry_ring,Crafted item (Uncommon).,Crafting output for Enchanting.,1,200,200,100,Luminous Pearl (T2),1,Arcane Extraction,Primal Shard (T2),1,Mining,Silvermint Sprig (T2),1,Herbalism,"[{""name"":""Luminous Pearl (T2)"",""qty"":1,""gathering_profession"":""Arcane Extraction""},{""name"":""Primal Shard (T2)"",""qty"":1,""gathering_profession"":""Mining""},{""name"":""Silvermint Sprig (T2)"",""qty"":1,""gathering_profession"":""Herbalism""}]"
240,Enchanting,,2,Uncommon,Immovable Rod,Rod,focus_wand,Crafted item (Uncommon).,Crafting output for Enchanting.,1,200,200,100,Mana Thread (T2),1,Arcane Extraction,Starcut Gem (T2),1,Mining,Duskleaf Frond (T2),1,Herbalism,"[{""name"":""Mana Thread (T2)"",""qty"":1,""gathering_profession"":""Arcane Extraction""},{""name"":""Starcut Gem (T2)"",""qty"":1,""gathering_profession"":""Mining""},{""name"":""Duskleaf Frond (T2)"",""qty"":1,""gathering_profession"":""Herbalism""}]"
241,Enchanting,,2,Uncommon,Rod of the Pact Keeper (+1),Rod,focus_wand,Crafted item (Uncommon).,Crafting output for Enchanting.,1,200,200,100,Rift Glass (T2),1,Arcane Extraction,Starcut Gem (T2),1,Mining,Duskleaf Frond (T2),1,Herbalism,"[{""name"":""Rift Glass (T2)"",""qty"":1,""gathering_profession"":""Arcane Extraction""},{""name"":""Starcut Gem (T2)"",""qty"":1,""gathering_profession"":""Mining""},{""name"":""Duskleaf Frond (T2)"",""qty"":1,""gathering_profession"":""Herbalism""}]"
242,Enchanting,,2,Uncommon,"Rod of the pact keeper, +1",Rod,focus_wand,Crafted item (Uncommon).,Crafting output for Enchanting.,1,200,200,100,Astral Prism (T2),1,Arcane Extraction,Starcut Gem (T2),1,Mining,Duskleaf Frond (T2),1,Herbalism,"[{""name"":""Astral Prism (T2)"",""qty"":1,""gathering_profession"":""Arcane Extraction""},{""name"":""Starcut Gem (T2)"",""qty"":1,""gathering_profession"":""Mining""},{""name"":""Duskleaf Frond (T2)"",""qty"":1,""gathering_profession"":""Herbalism""}]"
243,Enchanting,,2,Uncommon,Wand of Magic Detection,Wand,focus_wand,Crafted item (Uncommon).,Crafting output for Enchanting.,1,200,200,100,Aether Sand (T2),1,Arcane Extraction,Starcut Gem (T2),1,Mining,Duskleaf Frond (T2),1,Herbalism,"[{""name"":""Aether Sand (T2)"",""qty"":1,""gathering_profession"":""Arcane Extraction""},{""name"":""Starcut Gem (T2)"",""qty"":1,""gathering_profession"":""Mining""},{""name"":""Duskleaf Frond (T2)"",""qty"":1,""gathering_profession"":""Herbalism""}]"
244,Enchanting,,2,Uncommon,Wand of Magic Missile,Wand,focus_wand,Crafted item (Uncommon).,Crafting output for Enchanting.,1,200,200,100,Luminous Pearl (T2),1,Arcane Extraction,Starcut Gem (T2),1,Mining,Duskleaf Frond (T2),1,Herbalism,"[{""name"":""Luminous Pearl (T2)"",""qty"":1,""gathering_profession"":""Arcane Extraction""},{""name"":""Starcut Gem (T2)"",""qty"":1,""gathering_profession"":""Mining""},{""name"":""Duskleaf Frond (T2)"",""qty"":1,""gathering_profession"":""Herbalism""}]"
245,Enchanting,,2,Uncommon,Wand of Secrets,Wand,focus_wand,Crafted item (Uncommon).,Crafting output for Enchanting.,1,200,200,100,Spell Soot (T2),1,Arcane Extraction,Starcut Gem (T2),1,Mining,Duskleaf Frond (T2),1,Herbalism,"[{""name"":""Spell Soot (T2)"",""qty"":1,""gathering_profession"":""Arcane Extraction""},{""name"":""Starcut Gem (T2)"",""qty"":1,""gathering_profession"":""Mining""},{""name"":""Duskleaf Frond (T2)"",""qty"":1,""gathering_profession"":""Herbalism""}]"
246,Enchanting,,2,Uncommon,Wand of Web,Wand,focus_wand,Crafted item (Uncommon).,Crafting output for Enchanting.,1,200,200,100,Void Essence (T2),1,Arcane Extraction,Starcut Gem (T2),1,Mining,Duskleaf Frond (T2),1,Herbalism,"[{""name"":""Void Essence (T2)"",""qty"":1,""gathering_profession"":""Arcane Extraction""},{""name"":""Starcut Gem (T2)"",""qty"":1,""gathering_profession"":""Mining""},{""name"":""Duskleaf Frond (T2)"",""qty"":1,""gathering_profession"":""Herbalism""}]"
247,Enchanting,,2,Uncommon,Wand of magic missiles,Wand,focus_wand,Crafted item (Uncommon).,Crafting output for Enchanting.,1,200,200,100,Luminous Pearl (T2),1,Arcane Extraction,Starcut Gem (T2),1,Mining,Silvermint Sprig (T2),1,Herbalism,"[{""name"":""Luminous Pearl (T2)"",""qty"":1,""gathering_profession"":""Arcane Extraction""},{""name"":""Starcut Gem (T2)"",""qty"":1,""gathering_profession"":""Mining""},{""name"":""Silvermint Sprig (T2)"",""qty"":1,""gathering_profession"":""Herbalism""}]"
248,Enchanting,,2,Uncommon,Wand of the War Mage (+1),Wand,focus_wand,Crafted item (Uncommon).,Crafting output for Enchanting.,1,200,200,100,Luminous Pearl (T2),1,Arcane Extraction,Starcut Gem (T2),1,Mining,Phoenixheart Seed (T2),1,Herbalism,"[{""name"":""Luminous Pearl (T2)"",""qty"":1,""gathering_profession"":""Arcane Extraction""},{""name"":""Starcut Gem (T2)"",""qty"":1,""gathering_profession"":""Mining""},{""name"":""Phoenixheart Seed (T2)"",""qty"":1,""gathering_profession"":""Herbalism""}]"
249,Enchanting,,2,Uncommon,"Wand of the war mage, +1",Wand,focus_wand,Crafted item (Uncommon).,Crafting output for Enchanting.,1,200,200,100,Luminous Pearl (T2),1,Arcane Extraction,Starcut Gem (T2),1,Mining,Sunpetal Bloom (T2),1,Herbalism,"[{""name"":""Luminous Pearl (T2)"",""qty"":1,""gathering_profession"":""Arcane Extraction""},{""name"":""Starcut Gem (T2)"",""qty"":1,""gathering_profession"":""Mining""},{""name"":""Sunpetal Bloom (T2)"",""qty"":1,""gathering_profession"":""Herbalism""}]"
250,Enchanting,,2,Uncommon,Amulet of Proof against Detection and Location,Wearable,jewelry_amulet,Crafted item (Uncommon).,Crafting output for Enchanting.,1,200,200,100,Void Essence (T2),1,Arcane Extraction,Forge Flux (T2),1,Mining,Bitterthorn Berry (T2),1,Herbalism,"[{""name"":""Void Essence (T2)"",""qty"":1,""gathering_profession"":""Arcane Extraction""},{""name"":""Forge Flux (T2)"",""qty"":1,""gathering_profession"":""Mining""},{""name"":""Bitterthorn Berry (T2)"",""qty"":1,""gathering_profession"":""Herbalism""}]"
251,Enchanting,,2,Uncommon,Brooch of Shielding,Wearable,jewelry_amulet,Crafted item (Uncommon).,Crafting output for Enchanting.,1,200,200,100,Astral Prism (T2),1,Arcane Extraction,Forge Flux (T2),1,Mining,Bitterthorn Berry (T2),1,Herbalism,"[{""name"":""Astral Prism (T2)"",""qty"":1,""gathering_profession"":""Arcane Extraction""},{""name"":""Forge Flux (T2)"",""qty"":1,""gathering_profession"":""Mining""},{""name"":""Bitterthorn Berry (T2)"",""qty"":1,""gathering_profession"":""Herbalism""}]"
252,Enchanting,,2,Uncommon,Medallion of Thoughts,Wearable,jewelry_amulet,Crafted item (Uncommon).,Crafting output for Enchanting.,1,200,200,100,Mana Thread (T2),1,Arcane Extraction,Forge Flux (T2),1,Mining,Bitterthorn Berry (T2),1,Herbalism,"[{""name"":""Mana Thread (T2)"",""qty"":1,""gathering_profession"":""Arcane Extraction""},{""name"":""Forge Flux (T2)"",""qty"":1,""gathering_profession"":""Mining""},{""name"":""Bitterthorn Berry (T2)"",""qty"":1,""gathering_profession"":""Herbalism""}]"
253,Enchanting,,2,Uncommon,Necklace of Adaptation,Wearable,jewelry_amulet,Crafted item (Uncommon).,Crafting output for Enchanting.,1,200,200,100,Spell Soot (T2),1,Arcane Extraction,Forge Flux (T2),1,Mining,Bitterthorn Berry (T2),1,Herbalism,"[{""name"":""Spell Soot (T2)"",""qty"":1,""gathering_profession"":""Arcane Extraction""},{""name"":""Forge Flux (T2)"",""qty"":1,""gathering_profession"":""Mining""},{""name"":""Bitterthorn Berry (T2)"",""qty"":1,""gathering_profession"":""Herbalism""}]"
254,Enchanting,,2,Uncommon,Periapt of Health,Wearable,jewelry_amulet,Crafted item (Uncommon).,Crafting output for Enchanting.,1,200,200,100,Rift Glass (T2),1,Arcane Extraction,Forge Flux (T2),1,Mining,Bitterthorn Berry (T2),1,Herbalism,"[{""name"":""Rift Glass (T2)"",""qty"":1,""gathering_profession"":""Arcane Extraction""},{""name"":""Forge Flux (T2)"",""qty"":1,""gathering_profession"":""Mining""},{""name"":""Bitterthorn Berry (T2)"",""qty"":1,""gathering_profession"":""Herbalism""}]"
255,Enchanting,,2,Uncommon,Periapt of Wound Closure,Wearable,jewelry_amulet,Crafted item (Uncommon).,Crafting output for Enchanting.,1,200,200,100,Luminous Pearl (T2),1,Arcane Extraction,Forge Flux (T2),1,Mining,Bitterthorn Berry (T2),1,Herbalism,"[{""name"":""Luminous Pearl (T2)"",""qty"":1,""gathering_profession"":""Arcane Extraction""},{""name"":""Forge Flux (T2)"",""qty"":1,""gathering_profession"":""Mining""},{""name"":""Bitterthorn Berry (T2)"",""qty"":1,""gathering_profession"":""Herbalism""}]"
256,Enchanting,,2,Uncommon,1 Rare Permanent Item,Wondrous Item,enchant_misc,Crafted item (Uncommon).,Crafting output for Enchanting.,1,200,200,100,Luminous Pearl (T2),1,Arcane Extraction,Emberstone Chunk (T2),1,Mining,Sunpetal Bloom (T2),1,Herbalism,"[{""name"":""Luminous Pearl (T2)"",""qty"":1,""gathering_profession"":""Arcane Extraction""},{""name"":""Emberstone Chunk (T2)"",""qty"":1,""gathering_profession"":""Mining""},{""name"":""Sunpetal Bloom (T2)"",""qty"":1,""gathering_profession"":""Herbalism""}]"
257,Enchanting,,2,Uncommon,1 Rare consumable/minor item,Wondrous Item,enchant_misc,Crafted item (Uncommon).,Crafting output for Enchanting.,1,200,200,100,Void Essence (T2),1,Arcane Extraction,Emberstone Chunk (T2),1,Mining,Sunpetal Bloom (T2),1,Herbalism,"[{""name"":""Void Essence (T2)"",""qty"":1,""gathering_profession"":""Arcane Extraction""},{""name"":""Emberstone Chunk (T2)"",""qty"":1,""gathering_profession"":""Mining""},{""name"":""Sunpetal Bloom (T2)"",""qty"":1,""gathering_profession"":""Herbalism""}]"
258,Enchanting,,2,Uncommon,Alchemy jug,Wondrous Item,enchant_misc,Crafted item (Uncommon).,Crafting output for Enchanting.,1,200,200,100,Rift Glass (T2),1,Arcane Extraction,Emberstone Chunk (T2),1,Mining,Sunpetal Bloom (T2),1,Herbalism,"[{""name"":""Rift Glass (T2)"",""qty"":1,""gathering_profession"":""Arcane Extraction""},{""name"":""Emberstone Chunk (T2)"",""qty"":1,""gathering_profession"":""Mining""},{""name"":""Sunpetal Bloom (T2)"",""qty"":1,""gathering_profession"":""Herbalism""}]"
259,Enchanting,,2,Uncommon,Baba Yaga's Dancing Broom,Wondrous Item,enchant_misc,Crafted item (Uncommon).,Crafting output for Enchanting.,1,200,200,100,Astral Prism (T2),1,Arcane Extraction,Emberstone Chunk (T2),1,Mining,Sunpetal Bloom (T2),1,Herbalism,"[{""name"":""Astral Prism (T2)"",""qty"":1,""gathering_profession"":""Arcane Extraction""},{""name"":""Emberstone Chunk (T2)"",""qty"":1,""gathering_profession"":""Mining""},{""name"":""Sunpetal Bloom (T2)"",""qty"":1,""gathering_profession"":""Herbalism""}]"
260,Enchanting,,2,Uncommon,Bag of holding,Wondrous Item,enchant_misc,Crafted item (Uncommon).,Crafting output for Enchanting.,1,200,200,100,Spell Soot (T2),1,Arcane Extraction,Emberstone Chunk (T2),1,Mining,Sunpetal Bloom (T2),1,Herbalism,"[{""name"":""Spell Soot (T2)"",""qty"":1,""gathering_profession"":""Arcane Extraction""},{""name"":""Emberstone Chunk (T2)"",""qty"":1,""gathering_profession"":""Mining""},{""name"":""Sunpetal Bloom (T2)"",""qty"":1,""gathering_profession"":""Herbalism""}]"
261,Enchanting,,2,Uncommon,Bag of tricks,Wondrous Item,enchant_misc,Crafted item (Uncommon).,Crafting output for Enchanting.,1,200,200,100,Aether Sand (T2),1,Arcane Extraction,Emberstone Chunk (T2),1,Mining,Sunpetal Bloom (T2),1,Herbalism,"[{""name"":""Aether Sand (T2)"",""qty"":1,""gathering_profession"":""Arcane Extraction""},{""name"":""Emberstone Chunk (T2)"",""qty"":1,""gathering_profession"":""Mining""},{""name"":""Sunpetal Bloom (T2)"",""qty"":1,""gathering_profession"":""Herbalism""}]"
262,Enchanting,,2,Uncommon,Broom of Flying,Wondrous Item,enchant_misc,Crafted item (Uncommon).,Crafting output for Enchanting.,1,200,200,100,Mana Thread (T2),1,Arcane Extraction,Emberstone Chunk (T2),1,Mining,Sunpetal Bloom (T2),1,Herbalism,"[{""name"":""Mana Thread (T2)"",""qty"":1,""gathering_profession"":""Arcane Extraction""},{""name"":""Emberstone Chunk (T2)"",""qty"":1,""gathering_profession"":""Mining""},{""name"":""Sunpetal Bloom (T2)"",""qty"":1,""gathering_profession"":""Herbalism""}]"
263,Enchanting,,2,Uncommon,Cap of Water Breathing,Wondrous Item,enchant_misc,Crafted item (Uncommon).,Crafting output for Enchanting.,1,200,200,100,Rift Glass (T2),1,Arcane Extraction,Emberstone Chunk (T2),1,Mining,Moonshade Orchid (T2),1,Herbalism,"[{""name"":""Rift Glass (T2)"",""qty"":1,""gathering_profession"":""Arcane Extraction""},{""name"":""Emberstone Chunk (T2)"",""qty"":1,""gathering_profession"":""Mining""},{""name"":""Moonshade Orchid (T2)"",""qty"":1,""gathering_profession"":""Herbalism""}]"
264,Enchanting,,2,Uncommon,Circlet of blasting,Wondrous Item,enchant_misc,Crafted item (Uncommon).,Crafting output for Enchanting.,1,200,200,100,Rift Glass (T2),1,Arcane Extraction,Emberstone Chunk (T2),1,Mining,Rootcap Mushroom (T2),1,Herbalism,"[{""name"":""Rift Glass (T2)"",""qty"":1,""gathering_profession"":""Arcane Extraction""},{""name"":""Emberstone Chunk (T2)"",""qty"":1,""gathering_profession"":""Mining""},{""name"":""Rootcap Mushroom (T2)"",""qty"":1,""gathering_profession"":""Herbalism""}]"
265,Enchanting,,2,Uncommon,Coiling Grasp Tattoo,Wondrous Item,enchant_misc,Crafted item (Uncommon).,Crafting output for Enchanting.,1,200,200,100,Rift Glass (T2),1,Arcane Extraction,Mythic Alloy (T2),1,Mining,Rootcap Mushroom (T2),1,Herbalism,"[{""name"":""Rift Glass (T2)"",""qty"":1,""gathering_profession"":""Arcane Extraction""},{""name"":""Mythic Alloy (T2)"",""qty"":1,""gathering_profession"":""Mining""},{""name"":""Rootcap Mushroom (T2)"",""qty"":1,""gathering_profession"":""Herbalism""}]"
266,Enchanting,,2,Uncommon,Decanter of Endless Water,Wondrous Item,enchant_misc,Crafted item (Uncommon).,Crafting output for Enchanting.,1,200,200,100,Rift Glass (T2),1,Arcane Extraction,Emberstone Chunk (T2),1,Mining,Phoenixheart Seed (T2),1,Herbalism,"[{""name"":""Rift Glass (T2)"",""qty"":1,""gathering_profession"":""Arcane Extraction""},{""name"":""Emberstone Chunk (T2)"",""qty"":1,""gathering_profession"":""Mining""},{""name"":""Phoenixheart Seed (T2)"",""qty"":1,""gathering_profession"":""Herbalism""}]"
267,Enchanting,,2,Uncommon,Deck of illusions,Wondrous Item,enchant_misc,Crafted item (Uncommon).,Crafting output for Enchanting.,1,200,200,100,Rift Glass (T2),1,Arcane Extraction,Forge Flux (T2),1,Mining,Moonshade Orchid (T2),1,Herbalism,"[{""name"":""Rift Glass (T2)"",""qty"":1,""gathering_profession"":""Arcane Extraction""},{""name"":""Forge Flux (T2)"",""qty"":1,""gathering_profession"":""Mining""},{""name"":""Moonshade Orchid (T2)"",""qty"":1,""gathering_profession"":""Herbalism""}]"
268,Enchanting,,2,Uncommon,Driftglobe,Wondrous Item,enchant_misc,Crafted item (Uncommon).,Crafting output for Enchanting.,1,200,200,100,Rift Glass (T2),1,Arcane Extraction,Deepvein Ore (T2),1,Mining,Moonshade Orchid (T2),1,Herbalism,"[{""name"":""Rift Glass (T2)"",""qty"":1,""gathering_profession"":""Arcane Extraction""},{""name"":""Deepvein Ore (T2)"",""qty"":1,""gathering_profession"":""Mining""},{""name"":""Moonshade Orchid (T2)"",""qty"":1,""gathering_profession"":""Herbalism""}]"
269,Enchanting,,2,Uncommon,Dust of Disappearance,Wondrous Item,enchant_misc,Crafted item (Uncommon).,Crafting output for Enchanting.,1,200,200,100,Rift Glass (T2),1,Arcane Extraction,Emberstone Chunk (T2),1,Mining,Silvermint Sprig (T2),1,Herbalism,"[{""name"":""Rift Glass (T2)"",""qty"":1,""gathering_profession"":""Arcane Extraction""},{""name"":""Emberstone Chunk (T2)"",""qty"":1,""gathering_profession"":""Mining""},{""name"":""Silvermint Sprig (T2)"",""qty"":1,""gathering_profession"":""Herbalism""}]"
270,Enchanting,,2,Uncommon,Dust of Dryness,Wondrous Item,enchant_misc,Crafted item (Uncommon).,Crafting output for Enchanting.,1,200,200,100,Rift Glass (T2),1,Arcane Extraction,Emberstone Chunk (T2),1,Mining,Duskleaf Frond (T2),1,Herbalism,"[{""name"":""Rift Glass (T2)"",""qty"":1,""gathering_profession"":""Arcane Extraction""},{""name"":""Emberstone Chunk (T2)"",""qty"":1,""gathering_profession"":""Mining""},{""name"":""Duskleaf Frond (T2)"",""qty"":1,""gathering_profession"":""Herbalism""}]"
271,Enchanting,,2,Uncommon,Dust of Sneezing and Choking,Wondrous Item,enchant_misc,Crafted item (Uncommon).,Crafting output for Enchanting.,1,200,200,100,Rift Glass (T2),1,Arcane Extraction,Frostsalt Crystal (T2),1,Mining,Duskleaf Frond (T2),1,Herbalism,"[{""name"":""Rift Glass (T2)"",""qty"":1,""gathering_profession"":""Arcane Extraction""},{""name"":""Frostsalt Crystal (T2)"",""qty"":1,""gathering_profession"":""Mining""},{""name"":""Duskleaf Frond (T2)"",""qty"":1,""gathering_profession"":""Herbalism""}]"
272,Enchanting,,2,Uncommon,Eldritch Claw Tattoo,Wondrous Item,enchant_misc,Crafted item (Uncommon).,Crafting output for Enchanting.,1,200,200,100,Rift Glass (T2),1,Arcane Extraction,Forge Flux (T2),1,Mining,Phoenixheart Seed (T2),1,Herbalism,"[{""name"":""Rift Glass (T2)"",""qty"":1,""gathering_profession"":""Arcane Extraction""},{""name"":""Forge Flux (T2)"",""qty"":1,""gathering_profession"":""Mining""},{""name"":""Phoenixheart Seed (T2)"",""qty"":1,""gathering_profession"":""Herbalism""}]"
273,Enchanting,,2,Uncommon,Elemental Gem,Wondrous Item,focus_gem,Crafted item (Uncommon).,Crafting output for Enchanting.,1,200,200,100,Void Essence (T2),1,Arcane Extraction,Primal Shard (T2),1,Mining,Silvermint Sprig (T2),1,Herbalism,"[{""name"":""Void Essence (T2)"",""qty"":1,""gathering_profession"":""Arcane Extraction""},{""name"":""Primal Shard (T2)"",""qty"":1,""gathering_profession"":""Mining""},{""name"":""Silvermint Sprig (T2)"",""qty"":1,""gathering_profession"":""Herbalism""}]"
274,Enchanting,,2,Uncommon,Eversmoking bottle,Wondrous Item,enchant_misc,Crafted item (Uncommon).,Crafting output for Enchanting.,1,200,200,100,Rift Glass (T2),1,Arcane Extraction,Deepvein Ore (T2),1,Mining,Silvermint Sprig (T2),1,Herbalism,"[{""name"":""Rift Glass (T2)"",""qty"":1,""gathering_profession"":""Arcane Extraction""},{""name"":""Deepvein Ore (T2)"",""qty"":1,""gathering_profession"":""Mining""},{""name"":""Silvermint Sprig (T2)"",""qty"":1,""gathering_profession"":""Herbalism""}]"
275,Enchanting,,2,Uncommon,Eyes of Charming,Wondrous Item,enchant_misc,Crafted item (Uncommon).,Crafting output for Enchanting.,1,200,200,100,Rift Glass (T2),1,Arcane Extraction,Frostsalt Crystal (T2),1,Mining,Silvermint Sprig (T2),1,Herbalism,"[{""name"":""Rift Glass (T2)"",""qty"":1,""gathering_profession"":""Arcane Extraction""},{""name"":""Frostsalt Crystal (T2)"",""qty"":1,""gathering_profession"":""Mining""},{""name"":""Silvermint Sprig (T2)"",""qty"":1,""gathering_profession"":""Herbalism""}]"
276,Enchanting,,2,Uncommon,Eyes of Minute Seeing,Wondrous Item,enchant_misc,Crafted item (Uncommon).,Crafting output for Enchanting.,1,200,200,100,Rift Glass (T2),1,Arcane Extraction,Primal Shard (T2),1,Mining,Moonshade Orchid (T2),1,Herbalism,"[{""name"":""Rift Glass (T2)"",""qty"":1,""gathering_profession"":""Arcane Extraction""},{""name"":""Primal Shard (T2)"",""qty"":1,""gathering_profession"":""Mining""},{""name"":""Moonshade Orchid (T2)"",""qty"":1,""gathering_profession"":""Herbalism""}]"
277,Enchanting,,2,Uncommon,Eyes of the Eagle,Wondrous Item,enchant_misc,Crafted item (Uncommon).,Crafting output for Enchanting.,1,200,200,100,Rift Glass (T2),1,Arcane Extraction,Mythic Alloy (T2),1,Mining,Duskleaf Frond (T2),1,Herbalism,"[{""name"":""Rift Glass (T2)"",""qty"":1,""gathering_profession"":""Arcane Extraction""},{""name"":""Mythic Alloy (T2)"",""qty"":1,""gathering_profession"":""Mining""},{""name"":""Duskleaf Frond (T2)"",""qty"":1,""gathering_profession"":""Herbalism""}]"
278,Enchanting,,2,Uncommon,Feywild Shard,Wondrous Item,enchant_misc,Crafted item (Uncommon).,Crafting output for Enchanting.,1,200,200,100,Rift Glass (T2),1,Arcane Extraction,Deepvein Ore (T2),1,Mining,Rootcap Mushroom (T2),1,Herbalism,"[{""name"":""Rift Glass (T2)"",""qty"":1,""gathering_profession"":""Arcane Extraction""},{""name"":""Deepvein Ore (T2)"",""qty"":1,""gathering_profession"":""Mining""},{""name"":""Rootcap Mushroom (T2)"",""qty"":1,""gathering_profession"":""Herbalism""}]"
279,Enchanting,,2,Uncommon,Figurine of Wondrous Power (Silver Raven),Wondrous Item,enchant_misc,Crafted item (Uncommon).,Crafting output for Enchanting.,1,200,200,100,Rift Glass (T2),1,Arcane Extraction,Primal Shard (T2),1,Mining,Rootcap Mushroom (T2),1,Herbalism,"[{""name"":""Rift Glass (T2)"",""qty"":1,""gathering_profession"":""Arcane Extraction""},{""name"":""Primal Shard (T2)"",""qty"":1,""gathering_profession"":""Mining""},{""name"":""Rootcap Mushroom (T2)"",""qty"":1,""gathering_profession"":""Herbalism""}]"
280,Enchanting,,2,Uncommon,Figurine of wondrous power (silver raven),Wondrous Item,enchant_misc,Crafted item (Uncommon).,Crafting output for Enchanting.,1,200,200,100,Rift Glass (T2),1,Arcane Extraction,Primal Shard (T2),1,Mining,Phoenixheart Seed (T2),1,Herbalism,"[{""name"":""Rift Glass (T2)"",""qty"":1,""gathering_profession"":""Arcane Extraction""},{""name"":""Primal Shard (T2)"",""qty"":1,""gathering_profession"":""Mining""},{""name"":""Phoenixheart Seed (T2)"",""qty"":1,""gathering_profession"":""Herbalism""}]"
281,Enchanting,,2,Uncommon,Gauntlets of ogre power,Wondrous Item,enchant_misc,Crafted item (Uncommon).,Crafting output for Enchanting.,1,200,200,100,Rift Glass (T2),1,Arcane Extraction,Mythic Alloy (T2),1,Mining,Bitterthorn Berry (T2),1,Herbalism,"[{""name"":""Rift Glass (T2)"",""qty"":1,""gathering_profession"":""Arcane Extraction""},{""name"":""Mythic Alloy (T2)"",""qty"":1,""gathering_profession"":""Mining""},{""name"":""Bitterthorn Berry (T2)"",""qty"":1,""gathering_profession"":""Herbalism""}]"
282,Enchanting,,2,Uncommon,Gem of Brightness,Wondrous Item,focus_gem,Crafted item (Uncommon).,Crafting output for Enchanting.,1,200,200,100,Astral Prism (T2),1,Arcane Extraction,Primal Shard (T2),1,Mining,Silvermint Sprig (T2),1,Herbalism,"[{""name"":""Astral Prism (T2)"",""qty"":1,""gathering_profession"":""Arcane Extraction""},{""name"":""Primal Shard (T2)"",""qty"":1,""gathering_profession"":""Mining""},{""name"":""Silvermint Sprig (T2)"",""qty"":1,""gathering_profession"":""Herbalism""}]"
283,Enchanting,,2,Uncommon,Goggles of Night,Wondrous Item,enchant_misc,Crafted item (Uncommon).,Crafting output for Enchanting.,1,200,200,100,Rift Glass (T2),1,Arcane Extraction,Deepvein Ore (T2),1,Mining,Sunpetal Bloom (T2),1,Herbalism,"[{""name"":""Rift Glass (T2)"",""qty"":1,""gathering_profession"":""Arcane Extraction""},{""name"":""Deepvein Ore (T2)"",""qty"":1,""gathering_profession"":""Mining""},{""name"":""Sunpetal Bloom (T2)"",""qty"":1,""gathering_profession"":""Herbalism""}]"
284,Enchanting,,2,Uncommon,Guardian Emblem,Wondrous Item,enchant_misc,Crafted item (Uncommon).,Crafting output for Enchanting.,1,200,200,100,Rift Glass (T2),1,Arcane Extraction,Emberstone Chunk (T2),1,Mining,Bitterthorn Berry (T2),1,Herbalism,"[{""name"":""Rift Glass (T2)"",""qty"":1,""gathering_profession"":""Arcane Extraction""},{""name"":""Emberstone Chunk (T2)"",""qty"":1,""gathering_profession"":""Mining""},{""name"":""Bitterthorn Berry (T2)"",""qty"":1,""gathering_profession"":""Herbalism""}]"
285,Enchanting,,2,Uncommon,Hag Eye,Wondrous Item,enchant_misc,Crafted item (Uncommon).,Crafting output for Enchanting.,1,200,200,100,Rift Glass (T2),1,Arcane Extraction,Frostsalt Crystal (T2),1,Mining,Bitterthorn Berry (T2),1,Herbalism,"[{""name"":""Rift Glass (T2)"",""qty"":1,""gathering_profession"":""Arcane Extraction""},{""name"":""Frostsalt Crystal (T2)"",""qty"":1,""gathering_profession"":""Mining""},{""name"":""Bitterthorn Berry (T2)"",""qty"":1,""gathering_profession"":""Herbalism""}]"
286,Enchanting,,2,Uncommon,Headband of Intellect,Wondrous Item,enchant_misc,Crafted item (Uncommon).,Crafting output for Enchanting.,1,200,200,100,Rift Glass (T2),1,Arcane Extraction,Starcut Gem (T2),1,Mining,Bitterthorn Berry (T2),1,Herbalism,"[{""name"":""Rift Glass (T2)"",""qty"":1,""gathering_profession"":""Arcane Extraction""},{""name"":""Starcut Gem (T2)"",""qty"":1,""gathering_profession"":""Mining""},{""name"":""Bitterthorn Berry (T2)"",""qty"":1,""gathering_profession"":""Herbalism""}]"
287,Enchanting,,2,Uncommon,Keoghtom's Ointment,Wondrous Item,enchant_misc,Crafted item (Uncommon).,Crafting output for Enchanting.,1,200,200,100,Rift Glass (T2),1,Arcane Extraction,Primal Shard (T2),1,Mining,Sunpetal Bloom (T2),1,Herbalism,"[{""name"":""Rift Glass (T2)"",""qty"":1,""gathering_profession"":""Arcane Extraction""},{""name"":""Primal Shard (T2)"",""qty"":1,""gathering_profession"":""Mining""},{""name"":""Sunpetal Bloom (T2)"",""qty"":1,""gathering_profession"":""Herbalism""}]"
288,Enchanting,,2,Uncommon,Keoghtom’s ointment,Wondrous Item,enchant_misc,Crafted item (Uncommon).,Crafting output for Enchanting.,1,200,200,100,Rift Glass (T2),1,Arcane Extraction,Forge Flux (T2),1,Mining,Rootcap Mushroom (T2),1,Herbalism,"[{""name"":""Rift Glass (T2)"",""qty"":1,""gathering_profession"":""Arcane Extraction""},{""name"":""Forge Flux (T2)"",""qty"":1,""gathering_profession"":""Mining""},{""name"":""Rootcap Mushroom (T2)"",""qty"":1,""gathering_profession"":""Herbalism""}]"
289,Enchanting,,2,Uncommon,Lantern of revealing,Wondrous Item,enchant_misc,Crafted item (Uncommon).,Crafting output for Enchanting.,1,200,200,100,Rift Glass (T2),1,Arcane Extraction,Mythic Alloy (T2),1,Mining,Moonshade Orchid (T2),1,Herbalism,"[{""name"":""Rift Glass (T2)"",""qty"":1,""gathering_profession"":""Arcane Extraction""},{""name"":""Mythic Alloy (T2)"",""qty"":1,""gathering_profession"":""Mining""},{""name"":""Moonshade Orchid (T2)"",""qty"":1,""gathering_profession"":""Herbalism""}]"
290,Enchanting,,2,Uncommon,Medallion of thoughts,Wondrous Item,jewelry_amulet,Crafted item (Uncommon).,Crafting output for Enchanting.,1,200,200,100,Aether Sand (T2),1,Arcane Extraction,Forge Flux (T2),1,Mining,Bitterthorn Berry (T2),1,Herbalism,"[{""name"":""Aether Sand (T2)"",""qty"":1,""gathering_profession"":""Arcane Extraction""},{""name"":""Forge Flux (T2)"",""qty"":1,""gathering_profession"":""Mining""},{""name"":""Bitterthorn Berry (T2)"",""qty"":1,""gathering_profession"":""Herbalism""}]"
291,Enchanting,,2,Uncommon,Nature’s Mantle,Wondrous Item,enchant_misc,Crafted item (Uncommon).,Crafting output for Enchanting.,1,200,200,100,Rift Glass (T2),1,Arcane Extraction,Starcut Gem (T2),1,Mining,Duskleaf Frond (T2),1,Herbalism,"[{""name"":""Rift Glass (T2)"",""qty"":1,""gathering_profession"":""Arcane Extraction""},{""name"":""Starcut Gem (T2)"",""qty"":1,""gathering_profession"":""Mining""},{""name"":""Duskleaf Frond (T2)"",""qty"":1,""gathering_profession"":""Herbalism""}]"
292,Enchanting,,2,Uncommon,Necklace of adaptation,Wondrous Item,jewelry_amulet,Crafted item (Uncommon).,Crafting output for Enchanting.,1,200,200,100,Void Essence (T2),1,Arcane Extraction,Forge Flux (T2),1,Mining,Rootcap Mushroom (T2),1,Herbalism,"[{""name"":""Void Essence (T2)"",""qty"":1,""gathering_profession"":""Arcane Extraction""},{""name"":""Forge Flux (T2)"",""qty"":1,""gathering_profession"":""Mining""},{""name"":""Rootcap Mushroom (T2)"",""qty"":1,""gathering_profession"":""Herbalism""}]"
293,Enchanting,,2,Uncommon,Oil of slipperiness,Wondrous Item,enchant_misc,Crafted item (Uncommon).,Crafting output for Enchanting.,1,200,200,100,Rift Glass (T2),1,Arcane Extraction,Mythic Alloy (T2),1,Mining,Phoenixheart Seed (T2),1,Herbalism,"[{""name"":""Rift Glass (T2)"",""qty"":1,""gathering_profession"":""Arcane Extraction""},{""name"":""Mythic Alloy (T2)"",""qty"":1,""gathering_profession"":""Mining""},{""name"":""Phoenixheart Seed (T2)"",""qty"":1,""gathering_profession"":""Herbalism""}]"
294,Enchanting,,2,Uncommon,Pearl of Power,Wondrous Item,enchant_misc,Crafted item (Uncommon).,Crafting output for Enchanting.,1,200,200,100,Rift Glass (T2),1,Arcane Extraction,Mythic Alloy (T2),1,Mining,Silvermint Sprig (T2),1,Herbalism,"[{""name"":""Rift Glass (T2)"",""qty"":1,""gathering_profession"":""Arcane Extraction""},{""name"":""Mythic Alloy (T2)"",""qty"":1,""gathering_profession"":""Mining""},{""name"":""Silvermint Sprig (T2)"",""qty"":1,""gathering_profession"":""Herbalism""}]"
295,Enchanting,,2,Uncommon,Periapt of health,Wondrous Item,jewelry_amulet,Crafted item (Uncommon).,Crafting output for Enchanting.,1,200,200,100,Void Essence (T2),1,Arcane Extraction,Forge Flux (T2),1,Mining,Phoenixheart Seed (T2),1,Herbalism,"[{""name"":""Void Essence (T2)"",""qty"":1,""gathering_profession"":""Arcane Extraction""},{""name"":""Forge Flux (T2)"",""qty"":1,""gathering_profession"":""Mining""},{""name"":""Phoenixheart Seed (T2)"",""qty"":1,""gathering_profession"":""Herbalism""}]"
296,Enchanting,,2,Uncommon,Periapt of wound closure,Wondrous Item,jewelry_amulet,Crafted item (Uncommon).,Crafting output for Enchanting.,1,200,200,100,Void Essence (T2),1,Arcane Extraction,Forge Flux (T2),1,Mining,Moonshade Orchid (T2),1,Herbalism,"[{""name"":""Void Essence (T2)"",""qty"":1,""gathering_profession"":""Arcane Extraction""},{""name"":""Forge Flux (T2)"",""qty"":1,""gathering_profession"":""Mining""},{""name"":""Moonshade Orchid (T2)"",""qty"":1,""gathering_profession"":""Herbalism""}]"
297,Enchanting,,2,Uncommon,Philter of love,Wondrous Item,enchant_misc,Crafted item (Uncommon).,Crafting output for Enchanting.,1,200,200,100,Rift Glass (T2),1,Arcane Extraction,Primal Shard (T2),1,Mining,Duskleaf Frond (T2),1,Herbalism,"[{""name"":""Rift Glass (T2)"",""qty"":1,""gathering_profession"":""Arcane Extraction""},{""name"":""Primal Shard (T2)"",""qty"":1,""gathering_profession"":""Mining""},{""name"":""Duskleaf Frond (T2)"",""qty"":1,""gathering_profession"":""Herbalism""}]"
298,Enchanting,,2,Uncommon,Pipes of haunting,Wondrous Item,enchant_misc,Crafted item (Uncommon).,Crafting output for Enchanting.,1,200,200,100,Rift Glass (T2),1,Arcane Extraction,Mythic Alloy (T2),1,Mining,Sunpetal Bloom (T2),1,Herbalism,"[{""name"":""Rift Glass (T2)"",""qty"":1,""gathering_profession"":""Arcane Extraction""},{""name"":""Mythic Alloy (T2)"",""qty"":1,""gathering_profession"":""Mining""},{""name"":""Sunpetal Bloom (T2)"",""qty"":1,""gathering_profession"":""Herbalism""}]"
299,Enchanting,,2,Uncommon,Pipes of the sewers,Wondrous Item,enchant_misc,Crafted item (Uncommon).,Crafting output for Enchanting.,1,200,200,100,Rift Glass (T2),1,Arcane Extraction,Primal Shard (T2),1,Mining,Bitterthorn Berry (T2),1,Herbalism,"[{""name"":""Rift Glass (T2)"",""qty"":1,""gathering_profession"":""Arcane Extraction""},{""name"":""Primal Shard (T2)"",""qty"":1,""gathering_profession"":""Mining""},{""name"":""Bitterthorn Berry (T2)"",""qty"":1,""gathering_profession"":""Herbalism""}]"
300,Enchanting,,2,Uncommon,Quiver of Ehlonna,Wondrous Item,enchant_misc,Crafted item (Uncommon).,Crafting output for Enchanting.,1,200,200,100,Rift Glass (T2),1,Arcane Extraction,Deepvein Ore (T2),1,Mining,Bitterthorn Berry (T2),1,Herbalism,"[{""name"":""Rift Glass (T2)"",""qty"":1,""gathering_profession"":""Arcane Extraction""},{""name"":""Deepvein Ore (T2)"",""qty"":1,""gathering_profession"":""Mining""},{""name"":""Bitterthorn Berry (T2)"",""qty"":1,""gathering_profession"":""Herbalism""}]"
301,Enchanting,,2,Uncommon,Ring of jumping,Wondrous Item,jewelry_ring,Crafted item (Uncommon).,Crafting output for Enchanting.,1,200,200,100,Astral Prism (T2),1,Arcane Extraction,Primal Shard (T2),1,Mining,Silvermint Sprig (T2),1,Herbalism,"[{""name"":""Astral Prism (T2)"",""qty"":1,""gathering_profession"":""Arcane Extraction""},{""name"":""Primal Shard (T2)"",""qty"":1,""gathering_profession"":""Mining""},{""name"":""Silvermint Sprig (T2)"",""qty"":1,""gathering_profession"":""Herbalism""}]"
302,Enchanting,,2,Uncommon,Ring of swimming,Wondrous Item,jewelry_ring,Crafted item (Uncommon).,Crafting output for Enchanting.,1,200,200,100,Aether Sand (T2),1,Arcane Extraction,Primal Shard (T2),1,Mining,Silvermint Sprig (T2),1,Herbalism,"[{""name"":""Aether Sand (T2)"",""qty"":1,""gathering_profession"":""Arcane Extraction""},{""name"":""Primal Shard (T2)"",""qty"":1,""gathering_profession"":""Mining""},{""name"":""Silvermint Sprig (T2)"",""qty"":1,""gathering_profession"":""Herbalism""}]"
303,Enchanting,,2,Uncommon,Ring of warmth,Wondrous Item,jewelry_ring,Crafted item (Uncommon).,Crafting output for Enchanting.,1,200,200,100,Astral Prism (T2),1,Arcane Extraction,Primal Shard (T2),1,Mining,Moonshade Orchid (T2),1,Herbalism,"[{""name"":""Astral Prism (T2)"",""qty"":1,""gathering_profession"":""Arcane Extraction""},{""name"":""Primal Shard (T2)"",""qty"":1,""gathering_profession"":""Mining""},{""name"":""Moonshade Orchid (T2)"",""qty"":1,""gathering_profession"":""Herbalism""}]"
304,Enchanting,,2,Uncommon,Ring of water walking,Wondrous Item,jewelry_ring,Crafted item (Uncommon).,Crafting output for Enchanting.,1,200,200,100,Astral Prism (T2),1,Arcane Extraction,Primal Shard (T2),1,Mining,Phoenixheart Seed (T2),1,Herbalism,"[{""name"":""Astral Prism (T2)"",""qty"":1,""gathering_profession"":""Arcane Extraction""},{""name"":""Primal Shard (T2)"",""qty"":1,""gathering_profession"":""Mining""},{""name"":""Phoenixheart Seed (T2)"",""qty"":1,""gathering_profession"":""Herbalism""}]"
305,Enchanting,,2,Uncommon,Robe of useful items,Wondrous Item,enchant_misc,Crafted item (Uncommon).,Crafting output for Enchanting.,1,200,200,100,Rift Glass (T2),1,Arcane Extraction,Deepvein Ore (T2),1,Mining,Phoenixheart Seed (T2),1,Herbalism,"[{""name"":""Rift Glass (T2)"",""qty"":1,""gathering_profession"":""Arcane Extraction""},{""name"":""Deepvein Ore (T2)"",""qty"":1,""gathering_profession"":""Mining""},{""name"":""Phoenixheart Seed (T2)"",""qty"":1,""gathering_profession"":""Herbalism""}]"
306,Enchanting,,2,Uncommon,Rope of climbing,Wondrous Item,enchant_misc,Crafted item (Uncommon).,Crafting output for Enchanting.,1,200,200,100,Rift Glass (T2),1,Arcane Extraction,Starcut Gem (T2),1,Mining,Moonshade Orchid (T2),1,Herbalism,"[{""name"":""Rift Glass (T2)"",""qty"":1,""gathering_profession"":""Arcane Extraction""},{""name"":""Starcut Gem (T2)"",""qty"":1,""gathering_profession"":""Mining""},{""name"":""Moonshade Orchid (T2)"",""qty"":1,""gathering_profession"":""Herbalism""}]"
307,Enchanting,,2,Uncommon,Saddle of the Cavalier,Wondrous Item,enchant_misc,Crafted item (Uncommon).,Crafting output for Enchanting.,1,200,200,100,Rift Glass (T2),1,Arcane Extraction,Frostsalt Crystal (T2),1,Mining,Rootcap Mushroom (T2),1,Herbalism,"[{""name"":""Rift Glass (T2)"",""qty"":1,""gathering_profession"":""Arcane Extraction""},{""name"":""Frostsalt Crystal (T2)"",""qty"":1,""gathering_profession"":""Mining""},{""name"":""Rootcap Mushroom (T2)"",""qty"":1,""gathering_profession"":""Herbalism""}]"
308,Enchanting,,2,Uncommon,Sending Stones,Wondrous Item,enchant_misc,Crafted item (Uncommon).,Crafting output for Enchanting.,1,200,200,100,Rift Glass (T2),1,Arcane Extraction,Frostsalt Crystal (T2),1,Mining,Moonshade Orchid (T2),1,Herbalism,"[{""name"":""Rift Glass (T2)"",""qty"":1,""gathering_profession"":""Arcane Extraction""},{""name"":""Frostsalt Crystal (T2)"",""qty"":1,""gathering_profession"":""Mining""},{""name"":""Moonshade Orchid (T2)"",""qty"":1,""gathering_profession"":""Herbalism""}]"
309,Enchanting,,2,Uncommon,Slippers of spider climbing,Wondrous Item,enchant_misc,Crafted item (Uncommon).,Crafting output for Enchanting.,1,200,200,100,Spell Soot (T2),1,Arcane Extraction,Deepvein Ore (T2),1,Mining,Bitterthorn Berry (T2),1,Herbalism,"[{""name"":""Spell Soot (T2)"",""qty"":1,""gathering_profession"":""Arcane Extraction""},{""name"":""Deepvein Ore (T2)"",""qty"":1,""gathering_profession"":""Mining""},{""name"":""Bitterthorn Berry (T2)"",""qty"":1,""gathering_profession"":""Herbalism""}]"
310,Enchanting,,2,Uncommon,Stone of Good Luck,Wondrous Item,enchant_misc,Crafted item (Uncommon).,Crafting output for Enchanting.,1,200,200,100,Rift Glass (T2),1,Arcane Extraction,Forge Flux (T2),1,Mining,Bitterthorn Berry (T2),1,Herbalism,"[{""name"":""Rift Glass (T2)"",""qty"":1,""gathering_profession"":""Arcane Extraction""},{""name"":""Forge Flux (T2)"",""qty"":1,""gathering_profession"":""Mining""},{""name"":""Bitterthorn Berry (T2)"",""qty"":1,""gathering_profession"":""Herbalism""}]"
311,Enchanting,,2,Uncommon,Stone of good luck (luckstone),Wondrous Item,enchant_misc,Crafted item (Uncommon).,Crafting output for Enchanting.,1,200,200,100,Rift Glass (T2),1,Arcane Extraction,Primal Shard (T2),1,Mining,Silvermint Sprig (T2),1,Herbalism,"[{""name"":""Rift Glass (T2)"",""qty"":1,""gathering_profession"":""Arcane Extraction""},{""name"":""Primal Shard (T2)"",""qty"":1,""gathering_profession"":""Mining""},{""name"":""Silvermint Sprig (T2)"",""qty"":1,""gathering_profession"":""Herbalism""}]"
312,Enchanting,,2,Uncommon,Wind Fan,Wondrous Item,enchant_misc,Crafted item (Uncommon).,Crafting output for Enchanting.,1,200,200,100,Rift Glass (T2),1,Arcane Extraction,Frostsalt Crystal (T2),1,Mining,Phoenixheart Seed (T2),1,Herbalism,"[{""name"":""Rift Glass (T2)"",""qty"":1,""gathering_profession"":""Arcane Extraction""},{""name"":""Frostsalt Crystal (T2)"",""qty"":1,""gathering_profession"":""Mining""},{""name"":""Phoenixheart Seed (T2)"",""qty"":1,""gathering_profession"":""Herbalism""}]"
313,Enchanting,,2,Uncommon,Wraps of Unarmed Power (+1),Wondrous Item,enchant_misc,Crafted item (Uncommon).,Crafting output for Enchanting.,1,200,200,100,Rift Glass (T2),1,Arcane Extraction,Deepvein Ore (T2),1,Mining,Duskleaf Frond (T2),1,Herbalism,"[{""name"":""Rift Glass (T2)"",""qty"":1,""gathering_profession"":""Arcane Extraction""},{""name"":""Deepvein Ore (T2)"",""qty"":1,""gathering_profession"":""Mining""},{""name"":""Duskleaf Frond (T2)"",""qty"":1,""gathering_profession"":""Herbalism""}]"
314,Enchanting,,3,Rare,Ring of Animal Influence,Ring,jewelry_ring,Crafted item (Rare).,Crafting output for Enchanting.,1,1500,1500,750,Mana Thread (T3),1,Arcane Extraction,Deepvein Ore (T3),1,Mining,Phoenixheart Seed (T3),1,Herbalism,"[{""name"":""Mana Thread (T3)"",""qty"":1,""gathering_profession"":""Arcane Extraction""},{""name"":""Deepvein Ore (T3)"",""qty"":1,""gathering_profession"":""Mining""},{""name"":""Phoenixheart Seed (T3)"",""qty"":1,""gathering_profession"":""Herbalism""}]"
315,Enchanting,,3,Rare,Ring of Evasion,Ring,jewelry_ring,Crafted item (Rare).,Crafting output for Enchanting.,1,1500,1500,750,Rift Glass (T3),1,Arcane Extraction,Deepvein Ore (T3),1,Mining,Phoenixheart Seed (T3),1,Herbalism,"[{""name"":""Rift Glass (T3)"",""qty"":1,""gathering_profession"":""Arcane Extraction""},{""name"":""Deepvein Ore (T3)"",""qty"":1,""gathering_profession"":""Mining""},{""name"":""Phoenixheart Seed (T3)"",""qty"":1,""gathering_profession"":""Herbalism""}]"
316,Enchanting,,3,Rare,Ring of Feather Falling,Ring,jewelry_ring,Crafted item (Rare).,Crafting output for Enchanting.,1,1500,1500,750,Spell Soot (T3),1,Arcane Extraction,Deepvein Ore (T3),1,Mining,Phoenixheart Seed (T3),1,Herbalism,"[{""name"":""Spell Soot (T3)"",""qty"":1,""gathering_profession"":""Arcane Extraction""},{""name"":""Deepvein Ore (T3)"",""qty"":1,""gathering_profession"":""Mining""},{""name"":""Phoenixheart Seed (T3)"",""qty"":1,""gathering_profession"":""Herbalism""}]"
317,Enchanting,,3,Rare,Ring of Free Action,Ring,jewelry_ring,Crafted item (Rare).,Crafting output for Enchanting.,1,1500,1500,750,Luminous Pearl (T3),1,Arcane Extraction,Deepvein Ore (T3),1,Mining,Phoenixheart Seed (T3),1,Herbalism,"[{""name"":""Luminous Pearl (T3)"",""qty"":1,""gathering_profession"":""Arcane Extraction""},{""name"":""Deepvein Ore (T3)"",""qty"":1,""gathering_profession"":""Mining""},{""name"":""Phoenixheart Seed (T3)"",""qty"":1,""gathering_profession"":""Herbalism""}]"
318,Enchanting,,3,Rare,Ring of Protection,Ring,jewelry_ring,Crafted item (Rare).,Crafting output for Enchanting.,1,1500,1500,750,Astral Prism (T3),1,Arcane Extraction,Deepvein Ore (T3),1,Mining,Phoenixheart Seed (T3),1,Herbalism,"[{""name"":""Astral Prism (T3)"",""qty"":1,""gathering_profession"":""Arcane Extraction""},{""name"":""Deepvein Ore (T3)"",""qty"":1,""gathering_profession"":""Mining""},{""name"":""Phoenixheart Seed (T3)"",""qty"":1,""gathering_profession"":""Herbalism""}]"
319,Enchanting,,3,Rare,Ring of X-ray Vision,Ring,jewelry_ring,Crafted item (Rare).,Crafting output for Enchanting.,1,1500,1500,750,Aether Sand (T3),1,Arcane Extraction,Deepvein Ore (T3),1,Mining,Phoenixheart Seed (T3),1,Herbalism,"[{""name"":""Aether Sand (T3)"",""qty"":1,""gathering_profession"":""Arcane Extraction""},{""name"":""Deepvein Ore (T3)"",""qty"":1,""gathering_profession"":""Mining""},{""name"":""Phoenixheart Seed (T3)"",""qty"":1,""gathering_profession"":""Herbalism""}]"
320,Enchanting,,3,Rare,Rod of the Pact Keeper (+2),Rod,focus_wand,Crafted item (Rare).,Crafting output for Enchanting.,1,1500,1500,750,Rift Glass (T3),1,Arcane Extraction,Starcut Gem (T3),1,Mining,Duskleaf Frond (T3),1,Herbalism,"[{""name"":""Rift Glass (T3)"",""qty"":1,""gathering_profession"":""Arcane Extraction""},{""name"":""Starcut Gem (T3)"",""qty"":1,""gathering_profession"":""Mining""},{""name"":""Duskleaf Frond (T3)"",""qty"":1,""gathering_profession"":""Herbalism""}]"
321,Enchanting,,3,Rare,Wand of Binding,Wand,focus_wand,Crafted item (Rare).,Crafting output for Enchanting.,1,1500,1500,750,Astral Prism (T3),1,Arcane Extraction,Starcut Gem (T3),1,Mining,Duskleaf Frond (T3),1,Herbalism,"[{""name"":""Astral Prism (T3)"",""qty"":1,""gathering_profession"":""Arcane Extraction""},{""name"":""Starcut Gem (T3)"",""qty"":1,""gathering_profession"":""Mining""},{""name"":""Duskleaf Frond (T3)"",""qty"":1,""gathering_profession"":""Herbalism""}]"
322,Enchanting,,3,Rare,Wand of Fear,Wand,focus_wand,Crafted item (Rare).,Crafting output for Enchanting.,1,1500,1500,750,Aether Sand (T3),1,Arcane Extraction,Starcut Gem (T3),1,Mining,Duskleaf Frond (T3),1,Herbalism,"[{""name"":""Aether Sand (T3)"",""qty"":1,""gathering_profession"":""Arcane Extraction""},{""name"":""Starcut Gem (T3)"",""qty"":1,""gathering_profession"":""Mining""},{""name"":""Duskleaf Frond (T3)"",""qty"":1,""gathering_profession"":""Herbalism""}]"
323,Enchanting,,3,Rare,Wand of Fireballs,Wand,focus_wand,Crafted item (Rare).,Crafting output for Enchanting.,1,1500,1500,750,Spell Soot (T3),1,Arcane Extraction,Starcut Gem (T3),1,Mining,Duskleaf Frond (T3),1,Herbalism,"[{""name"":""Spell Soot (T3)"",""qty"":1,""gathering_profession"":""Arcane Extraction""},{""name"":""Starcut Gem (T3)"",""qty"":1,""gathering_profession"":""Mining""},{""name"":""Duskleaf Frond (T3)"",""qty"":1,""gathering_profession"":""Herbalism""}]"
324,Enchanting,,3,Rare,Wand of Lightning Bolts,Wand,focus_wand,Crafted item (Rare).,Crafting output for Enchanting.,1,1500,1500,750,Luminous Pearl (T3),1,Arcane Extraction,Starcut Gem (T3),1,Mining,Duskleaf Frond (T3),1,Herbalism,"[{""name"":""Luminous Pearl (T3)"",""qty"":1,""gathering_profession"":""Arcane Extraction""},{""name"":""Starcut Gem (T3)"",""qty"":1,""gathering_profession"":""Mining""},{""name"":""Duskleaf Frond (T3)"",""qty"":1,""gathering_profession"":""Herbalism""}]"
325,Enchanting,,3,Rare,"Wand of the war mage, +2",Wand,focus_wand,Crafted item (Rare).,Crafting output for Enchanting.,1,1500,1500,750,Mana Thread (T3),1,Arcane Extraction,Starcut Gem (T3),1,Mining,Duskleaf Frond (T3),1,Herbalism,"[{""name"":""Mana Thread (T3)"",""qty"":1,""gathering_profession"":""Arcane Extraction""},{""name"":""Starcut Gem (T3)"",""qty"":1,""gathering_profession"":""Mining""},{""name"":""Duskleaf Frond (T3)"",""qty"":1,""gathering_profession"":""Herbalism""}]"
326,Enchanting,,3,Uncommon+,Amulet of the Devout,Wearable,jewelry_amulet,Crafted item (Uncommon+).,Crafting output for Enchanting.,1,1000,1000,500,Spell Soot (T3),1,Arcane Extraction,Primal Shard (T3),1,Mining,Silvermint Sprig (T3),1,Herbalism,"[{""name"":""Spell Soot (T3)"",""qty"":1,""gathering_profession"":""Arcane Extraction""},{""name"":""Primal Shard (T3)"",""qty"":1,""gathering_profession"":""Mining""},{""name"":""Silvermint Sprig (T3)"",""qty"":1,""gathering_profession"":""Herbalism""}]"
327,Enchanting,,3,Rare,Necklace of Fireballs,Wearable,jewelry_amulet,Crafted item (Rare).,Crafting output for Enchanting.,1,1500,1500,750,Aether Sand (T3),1,Arcane Extraction,Primal Shard (T3),1,Mining,Silvermint Sprig (T3),1,Herbalism,"[{""name"":""Aether Sand (T3)"",""qty"":1,""gathering_profession"":""Arcane Extraction""},{""name"":""Primal Shard (T3)"",""qty"":1,""gathering_profession"":""Mining""},{""name"":""Silvermint Sprig (T3)"",""qty"":1,""gathering_profession"":""Herbalism""}]"
328,Enchanting,,3,Rare,Periapt of Proof against Poison,Wearable,jewelry_amulet,Crafted item (Rare).,Crafting output for Enchanting.,1,1500,1500,750,Astral Prism (T3),1,Arcane Extraction,Primal Shard (T3),1,Mining,Silvermint Sprig (T3),1,Herbalism,"[{""name"":""Astral Prism (T3)"",""qty"":1,""gathering_profession"":""Arcane Extraction""},{""name"":""Primal Shard (T3)"",""qty"":1,""gathering_profession"":""Mining""},{""name"":""Silvermint Sprig (T3)"",""qty"":1,""gathering_profession"":""Herbalism""}]"
329,Enchanting,,3,Uncommon+,All-Purpose Tool,Wondrous Item,enchant_misc,Crafted item (Uncommon+).,Crafting output for Enchanting.,1,1000,1000,500,Rift Glass (T3),1,Arcane Extraction,Starcut Gem (T3),1,Mining,Duskleaf Frond (T3),1,Herbalism,"[{""name"":""Rift Glass (T3)"",""qty"":1,""gathering_profession"":""Arcane Extraction""},{""name"":""Starcut Gem (T3)"",""qty"":1,""gathering_profession"":""Mining""},{""name"":""Duskleaf Frond (T3)"",""qty"":1,""gathering_profession"":""Herbalism""}]"
330,Enchanting,,3,Rare,Bag of beans,Wondrous Item,enchant_misc,Crafted item (Rare).,Crafting output for Enchanting.,1,1500,1500,750,Astral Prism (T3),1,Arcane Extraction,Starcut Gem (T3),1,Mining,Duskleaf Frond (T3),1,Herbalism,"[{""name"":""Astral Prism (T3)"",""qty"":1,""gathering_profession"":""Arcane Extraction""},{""name"":""Starcut Gem (T3)"",""qty"":1,""gathering_profession"":""Mining""},{""name"":""Duskleaf Frond (T3)"",""qty"":1,""gathering_profession"":""Herbalism""}]"
331,Enchanting,,3,Uncommon+,Barrier Tattoo,Wondrous Item,enchant_misc,Crafted item (Uncommon+).,Crafting output for Enchanting.,1,1000,1000,500,Spell Soot (T3),1,Arcane Extraction,Starcut Gem (T3),1,Mining,Duskleaf Frond (T3),1,Herbalism,"[{""name"":""Spell Soot (T3)"",""qty"":1,""gathering_profession"":""Arcane Extraction""},{""name"":""Starcut Gem (T3)"",""qty"":1,""gathering_profession"":""Mining""},{""name"":""Duskleaf Frond (T3)"",""qty"":1,""gathering_profession"":""Herbalism""}]"
332,Enchanting,,3,Uncommon+,Bloodwell Vial,Wondrous Item,enchant_misc,Crafted item (Uncommon+).,Crafting output for Enchanting.,1,1000,1000,500,Aether Sand (T3),1,Arcane Extraction,Starcut Gem (T3),1,Mining,Duskleaf Frond (T3),1,Herbalism,"[{""name"":""Aether Sand (T3)"",""qty"":1,""gathering_profession"":""Arcane Extraction""},{""name"":""Starcut Gem (T3)"",""qty"":1,""gathering_profession"":""Mining""},{""name"":""Duskleaf Frond (T3)"",""qty"":1,""gathering_profession"":""Herbalism""}]"
333,Enchanting,,3,Rare,Brazier of Commanding Fire Elementals,Wondrous Item,enchant_misc,Crafted item (Rare).,Crafting output for Enchanting.,1,1500,1500,750,Luminous Pearl (T3),1,Arcane Extraction,Starcut Gem (T3),1,Mining,Duskleaf Frond (T3),1,Herbalism,"[{""name"":""Luminous Pearl (T3)"",""qty"":1,""gathering_profession"":""Arcane Extraction""},{""name"":""Starcut Gem (T3)"",""qty"":1,""gathering_profession"":""Mining""},{""name"":""Duskleaf Frond (T3)"",""qty"":1,""gathering_profession"":""Herbalism""}]"
334,Enchanting,,3,Rare,Chime of Opening,Wondrous Item,enchant_misc,Crafted item (Rare).,Crafting output for Enchanting.,1,1500,1500,750,Mana Thread (T3),1,Arcane Extraction,Starcut Gem (T3),1,Mining,Duskleaf Frond (T3),1,Herbalism,"[{""name"":""Mana Thread (T3)"",""qty"":1,""gathering_profession"":""Arcane Extraction""},{""name"":""Starcut Gem (T3)"",""qty"":1,""gathering_profession"":""Mining""},{""name"":""Duskleaf Frond (T3)"",""qty"":1,""gathering_profession"":""Herbalism""}]"
335,Enchanting,,3,Rare,Cube of Force,Wondrous Item,enchant_misc,Crafted item (Rare).,Crafting output for Enchanting.,1,1500,1500,750,Void Essence (T3),1,Arcane Extraction,Starcut Gem (T3),1,Mining,Duskleaf Frond (T3),1,Herbalism,"[{""name"":""Void Essence (T3)"",""qty"":1,""gathering_profession"":""Arcane Extraction""},{""name"":""Starcut Gem (T3)"",""qty"":1,""gathering_profession"":""Mining""},{""name"":""Duskleaf Frond (T3)"",""qty"":1,""gathering_profession"":""Herbalism""}]"
336,Enchanting,,3,Rare,Cube of Summoning,Wondrous Item,enchant_misc,Crafted item (Rare).,Crafting output for Enchanting.,1,1500,1500,750,Luminous Pearl (T3),1,Arcane Extraction,Starcut Gem (T3),1,Mining,Moonshade Orchid (T3),1,Herbalism,"[{""name"":""Luminous Pearl (T3)"",""qty"":1,""gathering_profession"":""Arcane Extraction""},{""name"":""Starcut Gem (T3)"",""qty"":1,""gathering_profession"":""Mining""},{""name"":""Moonshade Orchid (T3)"",""qty"":1,""gathering_profession"":""Herbalism""}]"
337,Enchanting,,3,Rare,Daern's Instant Fortress,Wondrous Item,enchant_misc,Crafted item (Rare).,Crafting output for Enchanting.,1,1500,1500,750,Luminous Pearl (T3),1,Arcane Extraction,Starcut Gem (T3),1,Mining,Rootcap Mushroom (T3),1,Herbalism,"[{""name"":""Luminous Pearl (T3)"",""qty"":1,""gathering_profession"":""Arcane Extraction""},{""name"":""Starcut Gem (T3)"",""qty"":1,""gathering_profession"":""Mining""},{""name"":""Rootcap Mushroom (T3)"",""qty"":1,""gathering_profession"":""Herbalism""}]"
338,Enchanting,,3,Rare,Daern’s instant fortress,Wondrous Item,enchant_misc,Crafted item (Rare).,Crafting output for Enchanting.,1,1500,1500,750,Luminous Pearl (T3),1,Arcane Extraction,Frostsalt Crystal (T3),1,Mining,Rootcap Mushroom (T3),1,Herbalism,"[{""name"":""Luminous Pearl (T3)"",""qty"":1,""gathering_profession"":""Arcane Extraction""},{""name"":""Frostsalt Crystal (T3)"",""qty"":1,""gathering_profession"":""Mining""},{""name"":""Rootcap Mushroom (T3)"",""qty"":1,""gathering_profession"":""Herbalism""}]"
339,Enchanting,,3,Rare,Dimensional Shackles,Wondrous Item,enchant_misc,Crafted item (Rare).,Crafting output for Enchanting.,1,1500,1500,750,Luminous Pearl (T3),1,Arcane Extraction,Starcut Gem (T3),1,Mining,Sunpetal Bloom (T3),1,Herbalism,"[{""name"":""Luminous Pearl (T3)"",""qty"":1,""gathering_profession"":""Arcane Extraction""},{""name"":""Starcut Gem (T3)"",""qty"":1,""gathering_profession"":""Mining""},{""name"":""Sunpetal Bloom (T3)"",""qty"":1,""gathering_profession"":""Herbalism""}]"
340,Enchanting,,3,Rare,Duplicitous Manuscript,Wondrous Item,enchant_misc,Crafted item (Rare).,Crafting output for Enchanting.,1,1500,1500,750,Luminous Pearl (T3),1,Arcane Extraction,Primal Shard (T3),1,Mining,Sunpetal Bloom (T3),1,Herbalism,"[{""name"":""Luminous Pearl (T3)"",""qty"":1,""gathering_profession"":""Arcane Extraction""},{""name"":""Primal Shard (T3)"",""qty"":1,""gathering_profession"":""Mining""},{""name"":""Sunpetal Bloom (T3)"",""qty"":1,""gathering_profession"":""Herbalism""}]"
341,Enchanting,,3,Rare,Elven Chain,Wondrous Item,enchant_misc,Crafted item (Rare).,Crafting output for Enchanting.,1,1500,1500,750,Luminous Pearl (T3),1,Arcane Extraction,Starcut Gem (T3),1,Mining,Bitterthorn Berry (T3),1,Herbalism,"[{""name"":""Luminous Pearl (T3)"",""qty"":1,""gathering_profession"":""Arcane Extraction""},{""name"":""Starcut Gem (T3)"",""qty"":1,""gathering_profession"":""Mining""},{""name"":""Bitterthorn Berry (T3)"",""qty"":1,""gathering_profession"":""Herbalism""}]"
342,Enchanting,,3,Rare,Far Realm Shard,Wondrous Item,enchant_misc,Crafted item (Rare).,Crafting output for Enchanting.,1,1500,1500,750,Luminous Pearl (T3),1,Arcane Extraction,Frostsalt Crystal (T3),1,Mining,Duskleaf Frond (T3),1,Herbalism,"[{""name"":""Luminous Pearl (T3)"",""qty"":1,""gathering_profession"":""Arcane Extraction""},{""name"":""Frostsalt Crystal (T3)"",""qty"":1,""gathering_profession"":""Mining""},{""name"":""Duskleaf Frond (T3)"",""qty"":1,""gathering_profession"":""Herbalism""}]"
343,Enchanting,,3,Rare,Figurine of Wondrous Power,Wondrous Item,enchant_misc,Crafted item (Rare).,Crafting output for Enchanting.,1,1500,1500,750,Luminous Pearl (T3),1,Arcane Extraction,Starcut Gem (T3),1,Mining,Silvermint Sprig (T3),1,Herbalism,"[{""name"":""Luminous Pearl (T3)"",""qty"":1,""gathering_profession"":""Arcane Extraction""},{""name"":""Starcut Gem (T3)"",""qty"":1,""gathering_profession"":""Mining""},{""name"":""Silvermint Sprig (T3)"",""qty"":1,""gathering_profession"":""Herbalism""}]"
344,Enchanting,,3,Rare,Figurine of wondrous power (bronze griffon),Wondrous Item,enchant_misc,Crafted item (Rare).,Crafting output for Enchanting.,1,1500,1500,750,Luminous Pearl (T3),1,Arcane Extraction,Mythic Alloy (T3),1,Mining,Bitterthorn Berry (T3),1,Herbalism,"[{""name"":""Luminous Pearl (T3)"",""qty"":1,""gathering_profession"":""Arcane Extraction""},{""name"":""Mythic Alloy (T3)"",""qty"":1,""gathering_profession"":""Mining""},{""name"":""Bitterthorn Berry (T3)"",""qty"":1,""gathering_profession"":""Herbalism""}]"
345,Enchanting,,3,Rare,Figurine of wondrous power (ebony fly),Wondrous Item,enchant_misc,Crafted item (Rare).,Crafting output for Enchanting.,1,1500,1500,750,Luminous Pearl (T3),1,Arcane Extraction,Frostsalt Crystal (T3),1,Mining,Bitterthorn Berry (T3),1,Herbalism,"[{""name"":""Luminous Pearl (T3)"",""qty"":1,""gathering_profession"":""Arcane Extraction""},{""name"":""Frostsalt Crystal (T3)"",""qty"":1,""gathering_profession"":""Mining""},{""name"":""Bitterthorn Berry (T3)"",""qty"":1,""gathering_profession"":""Herbalism""}]"
346,Enchanting,,3,Rare,Figurine of wondrous power (golden lions),Wondrous Item,enchant_misc,Crafted item (Rare).,Crafting output for Enchanting.,1,1500,1500,750,Luminous Pearl (T3),1,Arcane Extraction,Starcut Gem (T3),1,Mining,Phoenixheart Seed (T3),1,Herbalism,"[{""name"":""Luminous Pearl (T3)"",""qty"":1,""gathering_profession"":""Arcane Extraction""},{""name"":""Starcut Gem (T3)"",""qty"":1,""gathering_profession"":""Mining""},{""name"":""Phoenixheart Seed (T3)"",""qty"":1,""gathering_profession"":""Herbalism""}]"
347,Enchanting,,3,Rare,Figurine of wondrous power (ivory goats),Wondrous Item,enchant_misc,Crafted item (Rare).,Crafting output for Enchanting.,1,1500,1500,750,Luminous Pearl (T3),1,Arcane Extraction,Deepvein Ore (T3),1,Mining,Bitterthorn Berry (T3),1,Herbalism,"[{""name"":""Luminous Pearl (T3)"",""qty"":1,""gathering_profession"":""Arcane Extraction""},{""name"":""Deepvein Ore (T3)"",""qty"":1,""gathering_profession"":""Mining""},{""name"":""Bitterthorn Berry (T3)"",""qty"":1,""gathering_profession"":""Herbalism""}]"
348,Enchanting,,3,Rare,Figurine of wondrous power (serpentine owl),Wondrous Item,enchant_misc,Crafted item (Rare).,Crafting output for Enchanting.,1,1500,1500,750,Luminous Pearl (T3),1,Arcane Extraction,Frostsalt Crystal (T3),1,Mining,Phoenixheart Seed (T3),1,Herbalism,"[{""name"":""Luminous Pearl (T3)"",""qty"":1,""gathering_profession"":""Arcane Extraction""},{""name"":""Frostsalt Crystal (T3)"",""qty"":1,""gathering_profession"":""Mining""},{""name"":""Phoenixheart Seed (T3)"",""qty"":1,""gathering_profession"":""Herbalism""}]"
349,Enchanting,,3,Rare,Fulminating Treatise,Wondrous Item,enchant_misc,Crafted item (Rare).,Crafting output for Enchanting.,1,1500,1500,750,Luminous Pearl (T3),1,Arcane Extraction,Frostsalt Crystal (T3),1,Mining,Sunpetal Bloom (T3),1,Herbalism,"[{""name"":""Luminous Pearl (T3)"",""qty"":1,""gathering_profession"":""Arcane Extraction""},{""name"":""Frostsalt Crystal (T3)"",""qty"":1,""gathering_profession"":""Mining""},{""name"":""Sunpetal Bloom (T3)"",""qty"":1,""gathering_profession"":""Herbalism""}]"
350,Enchanting,,3,Rare,Gem of Seeing,Wondrous Item,focus_gem,Crafted item (Rare).,Crafting output for Enchanting.,1,1500,1500,750,Spell Soot (T3),1,Arcane Extraction,Starcut Gem (T3),1,Mining,Duskleaf Frond (T3),1,Herbalism,"[{""name"":""Spell Soot (T3)"",""qty"":1,""gathering_profession"":""Arcane Extraction""},{""name"":""Starcut Gem (T3)"",""qty"":1,""gathering_profession"":""Mining""},{""name"":""Duskleaf Frond (T3)"",""qty"":1,""gathering_profession"":""Herbalism""}]"
351,Enchanting,,3,Rare,Glamoured Studded Leather,Wondrous Item,enchant_misc,Crafted item (Rare).,Crafting output for Enchanting.,1,1500,1500,750,Luminous Pearl (T3),1,Arcane Extraction,Forge Flux (T3),1,Mining,Bitterthorn Berry (T3),1,Herbalism,"[{""name"":""Luminous Pearl (T3)"",""qty"":1,""gathering_profession"":""Arcane Extraction""},{""name"":""Forge Flux (T3)"",""qty"":1,""gathering_profession"":""Mining""},{""name"":""Bitterthorn Berry (T3)"",""qty"":1,""gathering_profession"":""Herbalism""}]"
352,Enchanting,,3,Rare,Heward’s handy haversack,Wondrous Item,enchant_misc,Crafted item (Rare).,Crafting output for Enchanting.,1,1500,1500,750,Luminous Pearl (T3),1,Arcane Extraction,Mythic Alloy (T3),1,Mining,Phoenixheart Seed (T3),1,Herbalism,"[{""name"":""Luminous Pearl (T3)"",""qty"":1,""gathering_profession"":""Arcane Extraction""},{""name"":""Mythic Alloy (T3)"",""qty"":1,""gathering_profession"":""Mining""},{""name"":""Phoenixheart Seed (T3)"",""qty"":1,""gathering_profession"":""Herbalism""}]"
353,Enchanting,,3,Rare,Horn of Blasting,Wondrous Item,enchant_misc,Crafted item (Rare).,Crafting output for Enchanting.,1,1500,1500,750,Luminous Pearl (T3),1,Arcane Extraction,Frostsalt Crystal (T3),1,Mining,Silvermint Sprig (T3),1,Herbalism,"[{""name"":""Luminous Pearl (T3)"",""qty"":1,""gathering_profession"":""Arcane Extraction""},{""name"":""Frostsalt Crystal (T3)"",""qty"":1,""gathering_profession"":""Mining""},{""name"":""Silvermint Sprig (T3)"",""qty"":1,""gathering_profession"":""Herbalism""}]"
354,Enchanting,,3,Rare,"Horn of Valhalla (Silver, Brass)",Wondrous Item,enchant_misc,Crafted item (Rare).,Crafting output for Enchanting.,1,1500,1500,750,Luminous Pearl (T3),1,Arcane Extraction,Primal Shard (T3),1,Mining,Bitterthorn Berry (T3),1,Herbalism,"[{""name"":""Luminous Pearl (T3)"",""qty"":1,""gathering_profession"":""Arcane Extraction""},{""name"":""Primal Shard (T3)"",""qty"":1,""gathering_profession"":""Mining""},{""name"":""Bitterthorn Berry (T3)"",""qty"":1,""gathering_profession"":""Herbalism""}]"
355,Enchanting,,3,Rare,Horn of Valhalla (silver or brass),Wondrous Item,enchant_misc,Crafted item (Rare).,Crafting output for Enchanting.,1,1500,1500,750,Luminous Pearl (T3),1,Arcane Extraction,Forge Flux (T3),1,Mining,Duskleaf Frond (T3),1,Herbalism,"[{""name"":""Luminous Pearl (T3)"",""qty"":1,""gathering_profession"":""Arcane Extraction""},{""name"":""Forge Flux (T3)"",""qty"":1,""gathering_profession"":""Mining""},{""name"":""Duskleaf Frond (T3)"",""qty"":1,""gathering_profession"":""Herbalism""}]"
356,Enchanting,,3,Rare,Horseshoes of Speed,Wondrous Item,enchant_misc,Crafted item (Rare).,Crafting output for Enchanting.,1,1500,1500,750,Luminous Pearl (T3),1,Arcane Extraction,Mythic Alloy (T3),1,Mining,Rootcap Mushroom (T3),1,Herbalism,"[{""name"":""Luminous Pearl (T3)"",""qty"":1,""gathering_profession"":""Arcane Extraction""},{""name"":""Mythic Alloy (T3)"",""qty"":1,""gathering_profession"":""Mining""},{""name"":""Rootcap Mushroom (T3)"",""qty"":1,""gathering_profession"":""Herbalism""}]"
357,Enchanting,,3,Rare,Ioun stone (awareness),Wondrous Item,enchant_misc,Crafted item (Rare).,Crafting output for Enchanting.,1,1500,1500,750,Luminous Pearl (T3),1,Arcane Extraction,Forge Flux (T3),1,Mining,Sunpetal Bloom (T3),1,Herbalism,"[{""name"":""Luminous Pearl (T3)"",""qty"":1,""gathering_profession"":""Arcane Extraction""},{""name"":""Forge Flux (T3)"",""qty"":1,""gathering_profession"":""Mining""},{""name"":""Sunpetal Bloom (T3)"",""qty"":1,""gathering_profession"":""Herbalism""}]"
358,Enchanting,,3,Rare,Ioun stone (protection),Wondrous Item,enchant_misc,Crafted item (Rare).,Crafting output for Enchanting.,1,1500,1500,750,Luminous Pearl (T3),1,Arcane Extraction,Emberstone Chunk (T3),1,Mining,Bitterthorn Berry (T3),1,Herbalism,"[{""name"":""Luminous Pearl (T3)"",""qty"":1,""gathering_profession"":""Arcane Extraction""},{""name"":""Emberstone Chunk (T3)"",""qty"":1,""gathering_profession"":""Mining""},{""name"":""Bitterthorn Berry (T3)"",""qty"":1,""gathering_profession"":""Herbalism""}]"
359,Enchanting,,3,Rare,Ioun stone (reserve),Wondrous Item,enchant_misc,Crafted item (Rare).,Crafting output for Enchanting.,1,1500,1500,750,Luminous Pearl (T3),1,Arcane Extraction,Mythic Alloy (T3),1,Mining,Moonshade Orchid (T3),1,Herbalism,"[{""name"":""Luminous Pearl (T3)"",""qty"":1,""gathering_profession"":""Arcane Extraction""},{""name"":""Mythic Alloy (T3)"",""qty"":1,""gathering_profession"":""Mining""},{""name"":""Moonshade Orchid (T3)"",""qty"":1,""gathering_profession"":""Herbalism""}]"
360,Enchanting,,3,Rare,Iron Bands of Bilarro,Wondrous Item,enchant_misc,Crafted item (Rare).,Crafting output for Enchanting.,1,1500,1500,750,Luminous Pearl (T3),1,Arcane Extraction,Mythic Alloy (T3),1,Mining,Duskleaf Frond (T3),1,Herbalism,"[{""name"":""Luminous Pearl (T3)"",""qty"":1,""gathering_profession"":""Arcane Extraction""},{""name"":""Mythic Alloy (T3)"",""qty"":1,""gathering_profession"":""Mining""},{""name"":""Duskleaf Frond (T3)"",""qty"":1,""gathering_profession"":""Herbalism""}]"
361,Enchanting,,3,Rare,Mantle of spell resistance,Wondrous Item,enchant_misc,Crafted item (Rare).,Crafting output for Enchanting.,1,1500,1500,750,Luminous Pearl (T3),1,Arcane Extraction,Primal Shard (T3),1,Mining,Duskleaf Frond (T3),1,Herbalism,"[{""name"":""Luminous Pearl (T3)"",""qty"":1,""gathering_profession"":""Arcane Extraction""},{""name"":""Primal Shard (T3)"",""qty"":1,""gathering_profession"":""Mining""},{""name"":""Duskleaf Frond (T3)"",""qty"":1,""gathering_profession"":""Herbalism""}]"
362,Enchanting,,3,Uncommon+,Moon Sickle,Wondrous Item,enchant_misc,Crafted item (Uncommon+).,Crafting output for Enchanting.,1,1000,1000,500,Luminous Pearl (T3),1,Arcane Extraction,Frostsalt Crystal (T3),1,Mining,Moonshade Orchid (T3),1,Herbalism,"[{""name"":""Luminous Pearl (T3)"",""qty"":1,""gathering_profession"":""Arcane Extraction""},{""name"":""Frostsalt Crystal (T3)"",""qty"":1,""gathering_profession"":""Mining""},{""name"":""Moonshade Orchid (T3)"",""qty"":1,""gathering_profession"":""Herbalism""}]"
363,Enchanting,,3,Rare,Outer Essence Shard,Wondrous Item,enchant_misc,Crafted item (Rare).,Crafting output for Enchanting.,1,1500,1500,750,Luminous Pearl (T3),1,Arcane Extraction,Forge Flux (T3),1,Mining,Phoenixheart Seed (T3),1,Herbalism,"[{""name"":""Luminous Pearl (T3)"",""qty"":1,""gathering_profession"":""Arcane Extraction""},{""name"":""Forge Flux (T3)"",""qty"":1,""gathering_profession"":""Mining""},{""name"":""Phoenixheart Seed (T3)"",""qty"":1,""gathering_profession"":""Herbalism""}]"
364,Enchanting,,3,Rare,Periapt of proof against poison,Wondrous Item,jewelry_amulet,Crafted item (Rare).,Crafting output for Enchanting.,1,1500,1500,750,Void Essence (T3),1,Arcane Extraction,Primal Shard (T3),1,Mining,Silvermint Sprig (T3),1,Herbalism,"[{""name"":""Void Essence (T3)"",""qty"":1,""gathering_profession"":""Arcane Extraction""},{""name"":""Primal Shard (T3)"",""qty"":1,""gathering_profession"":""Mining""},{""name"":""Silvermint Sprig (T3)"",""qty"":1,""gathering_profession"":""Herbalism""}]"
365,Enchanting,,3,Rare,Portable hole,Wondrous Item,enchant_misc,Crafted item (Rare).,Crafting output for Enchanting.,1,1500,1500,750,Luminous Pearl (T3),1,Arcane Extraction,Deepvein Ore (T3),1,Mining,Phoenixheart Seed (T3),1,Herbalism,"[{""name"":""Luminous Pearl (T3)"",""qty"":1,""gathering_profession"":""Arcane Extraction""},{""name"":""Deepvein Ore (T3)"",""qty"":1,""gathering_profession"":""Mining""},{""name"":""Phoenixheart Seed (T3)"",""qty"":1,""gathering_profession"":""Herbalism""}]"
366,Enchanting,,3,Rare,Quaal's Feather Token,Wondrous Item,enchant_misc,Crafted item (Rare).,Crafting output for Enchanting.,1,1500,1500,750,Luminous Pearl (T3),1,Arcane Extraction,Mythic Alloy (T3),1,Mining,Silvermint Sprig (T3),1,Herbalism,"[{""name"":""Luminous Pearl (T3)"",""qty"":1,""gathering_profession"":""Arcane Extraction""},{""name"":""Mythic Alloy (T3)"",""qty"":1,""gathering_profession"":""Mining""},{""name"":""Silvermint Sprig (T3)"",""qty"":1,""gathering_profession"":""Herbalism""}]"
367,Enchanting,,3,Rare,Quaal’s feather token,Wondrous Item,enchant_misc,Crafted item (Rare).,Crafting output for Enchanting.,1,1500,1500,750,Luminous Pearl (T3),1,Arcane Extraction,Forge Flux (T3),1,Mining,Silvermint Sprig (T3),1,Herbalism,"[{""name"":""Luminous Pearl (T3)"",""qty"":1,""gathering_profession"":""Arcane Extraction""},{""name"":""Forge Flux (T3)"",""qty"":1,""gathering_profession"":""Mining""},{""name"":""Silvermint Sprig (T3)"",""qty"":1,""gathering_profession"":""Herbalism""}]"
368,Enchanting,,3,Rare,Reveler’s Concertina,Wondrous Item,enchant_misc,Crafted item (Rare).,Crafting output for Enchanting.,1,1500,1500,750,Luminous Pearl (T3),1,Arcane Extraction,Deepvein Ore (T3),1,Mining,Moonshade Orchid (T3),1,Herbalism,"[{""name"":""Luminous Pearl (T3)"",""qty"":1,""gathering_profession"":""Arcane Extraction""},{""name"":""Deepvein Ore (T3)"",""qty"":1,""gathering_profession"":""Mining""},{""name"":""Moonshade Orchid (T3)"",""qty"":1,""gathering_profession"":""Herbalism""}]"
369,Enchanting,,3,Uncommon+,Rhythm-Maker’s Drum,Wondrous Item,enchant_misc,Crafted item (Uncommon+).,Crafting output for Enchanting.,1,1000,1000,500,Luminous Pearl (T3),1,Arcane Extraction,Deepvein Ore (T3),1,Mining,Sunpetal Bloom (T3),1,Herbalism,"[{""name"":""Luminous Pearl (T3)"",""qty"":1,""gathering_profession"":""Arcane Extraction""},{""name"":""Deepvein Ore (T3)"",""qty"":1,""gathering_profession"":""Mining""},{""name"":""Sunpetal Bloom (T3)"",""qty"":1,""gathering_profession"":""Herbalism""}]"
370,Enchanting,,3,Rare,Ring of animal influence,Wondrous Item,jewelry_ring,Crafted item (Rare).,Crafting output for Enchanting.,1,1500,1500,750,Void Essence (T3),1,Arcane Extraction,Deepvein Ore (T3),1,Mining,Phoenixheart Seed (T3),1,Herbalism,"[{""name"":""Void Essence (T3)"",""qty"":1,""gathering_profession"":""Arcane Extraction""},{""name"":""Deepvein Ore (T3)"",""qty"":1,""gathering_profession"":""Mining""},{""name"":""Phoenixheart Seed (T3)"",""qty"":1,""gathering_profession"":""Herbalism""}]"
371,Enchanting,,3,Rare,Ring of evasion,Wondrous Item,jewelry_ring,Crafted item (Rare).,Crafting output for Enchanting.,1,1500,1500,750,Mana Thread (T3),1,Arcane Extraction,Deepvein Ore (T3),1,Mining,Sunpetal Bloom (T3),1,Herbalism,"[{""name"":""Mana Thread (T3)"",""qty"":1,""gathering_profession"":""Arcane Extraction""},{""name"":""Deepvein Ore (T3)"",""qty"":1,""gathering_profession"":""Mining""},{""name"":""Sunpetal Bloom (T3)"",""qty"":1,""gathering_profession"":""Herbalism""}]"
372,Enchanting,,3,Rare,Ring of free action,Wondrous Item,jewelry_ring,Crafted item (Rare).,Crafting output for Enchanting.,1,1500,1500,750,Mana Thread (T3),1,Arcane Extraction,Deepvein Ore (T3),1,Mining,Rootcap Mushroom (T3),1,Herbalism,"[{""name"":""Mana Thread (T3)"",""qty"":1,""gathering_profession"":""Arcane Extraction""},{""name"":""Deepvein Ore (T3)"",""qty"":1,""gathering_profession"":""Mining""},{""name"":""Rootcap Mushroom (T3)"",""qty"":1,""gathering_profession"":""Herbalism""}]"
373,Enchanting,,3,Rare,Ring of the ram,Wondrous Item,jewelry_ring,Crafted item (Rare).,Crafting output for Enchanting.,1,1500,1500,750,Mana Thread (T3),1,Arcane Extraction,Deepvein Ore (T3),1,Mining,Duskleaf Frond (T3),1,Herbalism,"[{""name"":""Mana Thread (T3)"",""qty"":1,""gathering_profession"":""Arcane Extraction""},{""name"":""Deepvein Ore (T3)"",""qty"":1,""gathering_profession"":""Mining""},{""name"":""Duskleaf Frond (T3)"",""qty"":1,""gathering_profession"":""Herbalism""}]"
374,Enchanting,,3,Rare,Robe of eyes,Wondrous Item,enchant_misc,Crafted item (Rare).,Crafting output for Enchanting.,1,1500,1500,750,Luminous Pearl (T3),1,Arcane Extraction,Primal Shard (T3),1,Mining,Silvermint Sprig (T3),1,Herbalism,"[{""name"":""Luminous Pearl (T3)"",""qty"":1,""gathering_profession"":""Arcane Extraction""},{""name"":""Primal Shard (T3)"",""qty"":1,""gathering_profession"":""Mining""},{""name"":""Silvermint Sprig (T3)"",""qty"":1,""gathering_profession"":""Herbalism""}]"
375,Enchanting,,3,Rare,Rope of entanglement,Wondrous Item,enchant_misc,Crafted item (Rare).,Crafting output for Enchanting.,1,1500,1500,750,Luminous Pearl (T3),1,Arcane Extraction,Emberstone Chunk (T3),1,Mining,Rootcap Mushroom (T3),1,Herbalism,"[{""name"":""Luminous Pearl (T3)"",""qty"":1,""gathering_profession"":""Arcane Extraction""},{""name"":""Emberstone Chunk (T3)"",""qty"":1,""gathering_profession"":""Mining""},{""name"":""Rootcap Mushroom (T3)"",""qty"":1,""gathering_profession"":""Herbalism""}]"
376,Enchanting,,3,Rare,Scroll of Protection,Wondrous Item,enchant_misc,Crafted item (Rare).,Crafting output for Enchanting.,1,1500,1500,750,Luminous Pearl (T3),1,Arcane Extraction,Forge Flux (T3),1,Mining,Moonshade Orchid (T3),1,Herbalism,"[{""name"":""Luminous Pearl (T3)"",""qty"":1,""gathering_profession"":""Arcane Extraction""},{""name"":""Forge Flux (T3)"",""qty"":1,""gathering_profession"":""Mining""},{""name"":""Moonshade Orchid (T3)"",""qty"":1,""gathering_profession"":""Herbalism""}]"
377,Enchanting,,3,Rare,Shadowfell Brand Tattoo,Wondrous Item,enchant_misc,Crafted item (Rare).,Crafting output for Enchanting.,1,1500,1500,750,Luminous Pearl (T3),1,Arcane Extraction,Deepvein Ore (T3),1,Mining,Duskleaf Frond (T3),1,Herbalism,"[{""name"":""Luminous Pearl (T3)"",""qty"":1,""gathering_profession"":""Arcane Extraction""},{""name"":""Deepvein Ore (T3)"",""qty"":1,""gathering_profession"":""Mining""},{""name"":""Duskleaf Frond (T3)"",""qty"":1,""gathering_profession"":""Herbalism""}]"
378,Enchanting,,3,Common+,Spellwrought Tattoo,Wondrous Item,enchant_misc,Crafted item (Common+).,Crafting output for Enchanting.,1,1000,1000,500,Luminous Pearl (T3),1,Arcane Extraction,Deepvein Ore (T3),1,Mining,Rootcap Mushroom (T3),1,Herbalism,"[{""name"":""Luminous Pearl (T3)"",""qty"":1,""gathering_profession"":""Arcane Extraction""},{""name"":""Deepvein Ore (T3)"",""qty"":1,""gathering_profession"":""Mining""},{""name"":""Rootcap Mushroom (T3)"",""qty"":1,""gathering_profession"":""Herbalism""}]"
379,Enchanting,,3,Rare,Stone of Controlling Earth Elementals,Wondrous Item,enchant_misc,Crafted item (Rare).,Crafting output for Enchanting.,1,1500,1500,750,Luminous Pearl (T3),1,Arcane Extraction,Primal Shard (T3),1,Mining,Rootcap Mushroom (T3),1,Herbalism,"[{""name"":""Luminous Pearl (T3)"",""qty"":1,""gathering_profession"":""Arcane Extraction""},{""name"":""Primal Shard (T3)"",""qty"":1,""gathering_profession"":""Mining""},{""name"":""Rootcap Mushroom (T3)"",""qty"":1,""gathering_profession"":""Herbalism""}]"
380,Enchanting,,3,Rare,Wings of Flying,Wondrous Item,enchant_misc,Crafted item (Rare).,Crafting output for Enchanting.,1,1500,1500,750,Luminous Pearl (T3),1,Arcane Extraction,Forge Flux (T3),1,Mining,Rootcap Mushroom (T3),1,Herbalism,"[{""name"":""Luminous Pearl (T3)"",""qty"":1,""gathering_profession"":""Arcane Extraction""},{""name"":""Forge Flux (T3)"",""qty"":1,""gathering_profession"":""Mining""},{""name"":""Rootcap Mushroom (T3)"",""qty"":1,""gathering_profession"":""Herbalism""}]"
381,Enchanting,,3,Rare,Wraps of Unarmed Power (+2),Wondrous Item,enchant_misc,Crafted item (Rare).,Crafting output for Enchanting.,1,1500,1500,750,Luminous Pearl (T3),1,Arcane Extraction,Deepvein Ore (T3),1,Mining,Silvermint Sprig (T3),1,Herbalism,"[{""name"":""Luminous Pearl (T3)"",""qty"":1,""gathering_profession"":""Arcane Extraction""},{""name"":""Deepvein Ore (T3)"",""qty"":1,""gathering_profession"":""Mining""},{""name"":""Silvermint Sprig (T3)"",""qty"":1,""gathering_profession"":""Herbalism""}]"
382,Enchanting,,4,Very Rare,Ring of Regeneration,Ring,jewelry_ring,Crafted item (Very Rare).,Crafting output for Enchanting.,1,7500,7500,3750,Mana Thread (T4),1,Arcane Extraction,Forge Flux (T4),1,Mining,Bitterthorn Berry (T4),1,Herbalism,"[{""name"":""Mana Thread (T4)"",""qty"":1,""gathering_profession"":""Arcane Extraction""},{""name"":""Forge Flux (T4)"",""qty"":1,""gathering_profession"":""Mining""},{""name"":""Bitterthorn Berry (T4)"",""qty"":1,""gathering_profession"":""Herbalism""}]"
383,Enchanting,,4,Rare,Ring of Resistance,Ring,jewelry_ring,Crafted item (Rare).,Crafting output for Enchanting.,1,3750,3750,1875,Spell Soot (T4),1,Arcane Extraction,Forge Flux (T4),1,Mining,Bitterthorn Berry (T4),1,Herbalism,"[{""name"":""Spell Soot (T4)"",""qty"":1,""gathering_profession"":""Arcane Extraction""},{""name"":""Forge Flux (T4)"",""qty"":1,""gathering_profession"":""Mining""},{""name"":""Bitterthorn Berry (T4)"",""qty"":1,""gathering_profession"":""Herbalism""}]"
384,Enchanting,,4,Rare,Ring of Spell Storing,Ring,jewelry_ring,Crafted item (Rare).,Crafting output for Enchanting.,1,3750,3750,1875,Luminous Pearl (T4),1,Arcane Extraction,Forge Flux (T4),1,Mining,Bitterthorn Berry (T4),1,Herbalism,"[{""name"":""Luminous Pearl (T4)"",""qty"":1,""gathering_profession"":""Arcane Extraction""},{""name"":""Forge Flux (T4)"",""qty"":1,""gathering_profession"":""Mining""},{""name"":""Bitterthorn Berry (T4)"",""qty"":1,""gathering_profession"":""Herbalism""}]"
385,Enchanting,,4,Very Rare,Ring of Telekinesis,Ring,jewelry_ring,Crafted item (Very Rare).,Crafting output for Enchanting.,1,7500,7500,3750,Void Essence (T4),1,Arcane Extraction,Forge Flux (T4),1,Mining,Bitterthorn Berry (T4),1,Herbalism,"[{""name"":""Void Essence (T4)"",""qty"":1,""gathering_profession"":""Arcane Extraction""},{""name"":""Forge Flux (T4)"",""qty"":1,""gathering_profession"":""Mining""},{""name"":""Bitterthorn Berry (T4)"",""qty"":1,""gathering_profession"":""Herbalism""}]"
386,Enchanting,,4,Rare,Ring of the Ram,Ring,jewelry_ring,Crafted item (Rare).,Crafting output for Enchanting.,1,3750,3750,1875,Astral Prism (T4),1,Arcane Extraction,Forge Flux (T4),1,Mining,Bitterthorn Berry (T4),1,Herbalism,"[{""name"":""Astral Prism (T4)"",""qty"":1,""gathering_profession"":""Arcane Extraction""},{""name"":""Forge Flux (T4)"",""qty"":1,""gathering_profession"":""Mining""},{""name"":""Bitterthorn Berry (T4)"",""qty"":1,""gathering_profession"":""Herbalism""}]"
387,Enchanting,,4,Very Rare,Rod of Alertness,Rod,focus_wand,Crafted item (Very Rare).,Crafting output for Enchanting.,1,7500,7500,3750,Mana Thread (T4),1,Arcane Extraction,Primal Shard (T4),1,Mining,Silvermint Sprig (T4),1,Herbalism,"[{""name"":""Mana Thread (T4)"",""qty"":1,""gathering_profession"":""Arcane Extraction""},{""name"":""Primal Shard (T4)"",""qty"":1,""gathering_profession"":""Mining""},{""name"":""Silvermint Sprig (T4)"",""qty"":1,""gathering_profession"":""Herbalism""}]"
388,Enchanting,,4,Rare,Rod of Rulership,Rod,focus_wand,Crafted item (Rare).,Crafting output for Enchanting.,1,3750,3750,1875,Aether Sand (T4),1,Arcane Extraction,Primal Shard (T4),1,Mining,Silvermint Sprig (T4),1,Herbalism,"[{""name"":""Aether Sand (T4)"",""qty"":1,""gathering_profession"":""Arcane Extraction""},{""name"":""Primal Shard (T4)"",""qty"":1,""gathering_profession"":""Mining""},{""name"":""Silvermint Sprig (T4)"",""qty"":1,""gathering_profession"":""Herbalism""}]"
389,Enchanting,,4,Rare,"Rod of the pact keeper, +2",Rod,focus_wand,Crafted item (Rare).,Crafting output for Enchanting.,1,3750,3750,1875,Rift Glass (T4),1,Arcane Extraction,Primal Shard (T4),1,Mining,Silvermint Sprig (T4),1,Herbalism,"[{""name"":""Rift Glass (T4)"",""qty"":1,""gathering_profession"":""Arcane Extraction""},{""name"":""Primal Shard (T4)"",""qty"":1,""gathering_profession"":""Mining""},{""name"":""Silvermint Sprig (T4)"",""qty"":1,""gathering_profession"":""Herbalism""}]"
390,Enchanting,,4,Rare,Tentacle Rod,Rod,focus_wand,Crafted item (Rare).,Crafting output for Enchanting.,1,3750,3750,1875,Spell Soot (T4),1,Arcane Extraction,Primal Shard (T4),1,Mining,Silvermint Sprig (T4),1,Herbalism,"[{""name"":""Spell Soot (T4)"",""qty"":1,""gathering_profession"":""Arcane Extraction""},{""name"":""Primal Shard (T4)"",""qty"":1,""gathering_profession"":""Mining""},{""name"":""Silvermint Sprig (T4)"",""qty"":1,""gathering_profession"":""Herbalism""}]"
391,Enchanting,,4,Rare,Heward’s Handy Haversack,Utility/Container,enchant_misc,Crafted item (Rare).,Crafting output for Enchanting.,1,3750,3750,1875,Luminous Pearl (T4),1,Arcane Extraction,Primal Shard (T4),1,Mining,Silvermint Sprig (T4),1,Herbalism,"[{""name"":""Luminous Pearl (T4)"",""qty"":1,""gathering_profession"":""Arcane Extraction""},{""name"":""Primal Shard (T4)"",""qty"":1,""gathering_profession"":""Mining""},{""name"":""Silvermint Sprig (T4)"",""qty"":1,""gathering_profession"":""Herbalism""}]"
392,Enchanting,,4,Rare,Portable Hole,Utility/Container,enchant_misc,Crafted item (Rare).,Crafting output for Enchanting.,1,3750,3750,1875,Aether Sand (T4),1,Arcane Extraction,Primal Shard (T4),1,Mining,Silvermint Sprig (T4),1,Herbalism,"[{""name"":""Aether Sand (T4)"",""qty"":1,""gathering_profession"":""Arcane Extraction""},{""name"":""Primal Shard (T4)"",""qty"":1,""gathering_profession"":""Mining""},{""name"":""Silvermint Sprig (T4)"",""qty"":1,""gathering_profession"":""Herbalism""}]"
393,Enchanting,,4,Rare,Wand of Enemy Detection,Wand,focus_wand,Crafted item (Rare).,Crafting output for Enchanting.,1,3750,3750,1875,Astral Prism (T4),1,Arcane Extraction,Primal Shard (T4),1,Mining,Silvermint Sprig (T4),1,Herbalism,"[{""name"":""Astral Prism (T4)"",""qty"":1,""gathering_profession"":""Arcane Extraction""},{""name"":""Primal Shard (T4)"",""qty"":1,""gathering_profession"":""Mining""},{""name"":""Silvermint Sprig (T4)"",""qty"":1,""gathering_profession"":""Herbalism""}]"
394,Enchanting,,4,Rare,Wand of Paralysis,Wand,focus_wand,Crafted item (Rare).,Crafting output for Enchanting.,1,3750,3750,1875,Luminous Pearl (T4),1,Arcane Extraction,Primal Shard (T4),1,Mining,Silvermint Sprig (T4),1,Herbalism,"[{""name"":""Luminous Pearl (T4)"",""qty"":1,""gathering_profession"":""Arcane Extraction""},{""name"":""Primal Shard (T4)"",""qty"":1,""gathering_profession"":""Mining""},{""name"":""Silvermint Sprig (T4)"",""qty"":1,""gathering_profession"":""Herbalism""}]"
395,Enchanting,,4,Very Rare,Wand of Polymorph,Wand,focus_wand,Crafted item (Very Rare).,Crafting output for Enchanting.,1,7500,7500,3750,Void Essence (T4),1,Arcane Extraction,Primal Shard (T4),1,Mining,Silvermint Sprig (T4),1,Herbalism,"[{""name"":""Void Essence (T4)"",""qty"":1,""gathering_profession"":""Arcane Extraction""},{""name"":""Primal Shard (T4)"",""qty"":1,""gathering_profession"":""Mining""},{""name"":""Silvermint Sprig (T4)"",""qty"":1,""gathering_profession"":""Herbalism""}]"
396,Enchanting,,4,Rare,Wand of Wonder,Wand,focus_wand,Crafted item (Rare).,Crafting output for Enchanting.,1,3750,3750,1875,Astral Prism (T4),1,Arcane Extraction,Primal Shard (T4),1,Mining,Duskleaf Frond (T4),1,Herbalism,"[{""name"":""Astral Prism (T4)"",""qty"":1,""gathering_profession"":""Arcane Extraction""},{""name"":""Primal Shard (T4)"",""qty"":1,""gathering_profession"":""Mining""},{""name"":""Duskleaf Frond (T4)"",""qty"":1,""gathering_profession"":""Herbalism""}]"
397,Enchanting,,4,Rare,Wand of the War Mage (+2),Wand,focus_wand,Crafted item (Rare).,Crafting output for Enchanting.,1,3750,3750,1875,Astral Prism (T4),1,Arcane Extraction,Primal Shard (T4),1,Mining,Bitterthorn Berry (T4),1,Herbalism,"[{""name"":""Astral Prism (T4)"",""qty"":1,""gathering_profession"":""Arcane Extraction""},{""name"":""Primal Shard (T4)"",""qty"":1,""gathering_profession"":""Mining""},{""name"":""Bitterthorn Berry (T4)"",""qty"":1,""gathering_profession"":""Herbalism""}]"
398,Enchanting,,4,Rare,Amulet of Health,Wearable,jewelry_amulet,Crafted item (Rare).,Crafting output for Enchanting.,1,3750,3750,1875,Mana Thread (T4),1,Arcane Extraction,Primal Shard (T4),1,Mining,Silvermint Sprig (T4),1,Herbalism,"[{""name"":""Mana Thread (T4)"",""qty"":1,""gathering_profession"":""Arcane Extraction""},{""name"":""Primal Shard (T4)"",""qty"":1,""gathering_profession"":""Mining""},{""name"":""Silvermint Sprig (T4)"",""qty"":1,""gathering_profession"":""Herbalism""}]"
399,Enchanting,,4,Very Rare,Amulet of the Planes,Wearable,jewelry_amulet,Crafted item (Very Rare).,Crafting output for Enchanting.,1,7500,7500,3750,Astral Prism (T4),1,Arcane Extraction,Primal Shard (T4),1,Mining,Silvermint Sprig (T4),1,Herbalism,"[{""name"":""Astral Prism (T4)"",""qty"":1,""gathering_profession"":""Arcane Extraction""},{""name"":""Primal Shard (T4)"",""qty"":1,""gathering_profession"":""Mining""},{""name"":""Silvermint Sprig (T4)"",""qty"":1,""gathering_profession"":""Herbalism""}]"
400,Enchanting,,4,Rare,Necklace of Prayer Beads,Wearable,jewelry_amulet,Crafted item (Rare).,Crafting output for Enchanting.,1,3750,3750,1875,Rift Glass (T4),1,Arcane Extraction,Primal Shard (T4),1,Mining,Silvermint Sprig (T4),1,Herbalism,"[{""name"":""Rift Glass (T4)"",""qty"":1,""gathering_profession"":""Arcane Extraction""},{""name"":""Primal Shard (T4)"",""qty"":1,""gathering_profession"":""Mining""},{""name"":""Silvermint Sprig (T4)"",""qty"":1,""gathering_profession"":""Herbalism""}]"
401,Enchanting,,4,Very Rare,1 Legendary Permanent Item,Wondrous Item,enchant_misc,Crafted item (Very Rare).,Crafting output for Enchanting.,1,7500,7500,3750,Void Essence (T4),1,Arcane Extraction,Primal Shard (T4),1,Mining,Silvermint Sprig (T4),1,Herbalism,"[{""name"":""Void Essence (T4)"",""qty"":1,""gathering_profession"":""Arcane Extraction""},{""name"":""Primal Shard (T4)"",""qty"":1,""gathering_profession"":""Mining""},{""name"":""Silvermint Sprig (T4)"",""qty"":1,""gathering_profession"":""Herbalism""}]"
402,Enchanting,,4,Very Rare,1 Legendary consumable/minor item,Wondrous Item,enchant_misc,Crafted item (Very Rare).,Crafting output for Enchanting.,1,7500,7500,3750,Astral Prism (T4),1,Arcane Extraction,Primal Shard (T4),1,Mining,Silvermint Sprig (T4),1,Herbalism,"[{""name"":""Astral Prism (T4)"",""qty"":1,""gathering_profession"":""Arcane Extraction""},{""name"":""Primal Shard (T4)"",""qty"":1,""gathering_profession"":""Mining""},{""name"":""Silvermint Sprig (T4)"",""qty"":1,""gathering_profession"":""Herbalism""}]"
403,Enchanting,,4,Rare,1 Very Rare Permanent Item,Wondrous Item,enchant_misc,Crafted item (Rare).,Crafting output for Enchanting.,1,3750,3750,1875,Mana Thread (T4),1,Arcane Extraction,Primal Shard (T4),1,Mining,Silvermint Sprig (T4),1,Herbalism,"[{""name"":""Mana Thread (T4)"",""qty"":1,""gathering_profession"":""Arcane Extraction""},{""name"":""Primal Shard (T4)"",""qty"":1,""gathering_profession"":""Mining""},{""name"":""Silvermint Sprig (T4)"",""qty"":1,""gathering_profession"":""Herbalism""}]"
404,Enchanting,,4,Very Rare,Absorbing Tattoo,Wondrous Item,focus_gem,Crafted item (Very Rare).,Crafting output for Enchanting.,1,7500,7500,3750,Astral Prism (T4),1,Arcane Extraction,Mythic Alloy (T4),1,Mining,Moonshade Orchid (T4),1,Herbalism,"[{""name"":""Astral Prism (T4)"",""qty"":1,""gathering_profession"":""Arcane Extraction""},{""name"":""Mythic Alloy (T4)"",""qty"":1,""gathering_profession"":""Mining""},{""name"":""Moonshade Orchid (T4)"",""qty"":1,""gathering_profession"":""Herbalism""}]"
405,Enchanting,,4,Rare,Alchemical Compendium,Wondrous Item,enchant_misc,Crafted item (Rare).,Crafting output for Enchanting.,1,3750,3750,1875,Rift Glass (T4),1,Arcane Extraction,Primal Shard (T4),1,Mining,Silvermint Sprig (T4),1,Herbalism,"[{""name"":""Rift Glass (T4)"",""qty"":1,""gathering_profession"":""Arcane Extraction""},{""name"":""Primal Shard (T4)"",""qty"":1,""gathering_profession"":""Mining""},{""name"":""Silvermint Sprig (T4)"",""qty"":1,""gathering_profession"":""Herbalism""}]"
406,Enchanting,,4,Rare,Astral Shard,Wondrous Item,enchant_misc,Crafted item (Rare).,Crafting output for Enchanting.,1,3750,3750,1875,Spell Soot (T4),1,Arcane Extraction,Primal Shard (T4),1,Mining,Silvermint Sprig (T4),1,Herbalism,"[{""name"":""Spell Soot (T4)"",""qty"":1,""gathering_profession"":""Arcane Extraction""},{""name"":""Primal Shard (T4)"",""qty"":1,""gathering_profession"":""Mining""},{""name"":""Silvermint Sprig (T4)"",""qty"":1,""gathering_profession"":""Herbalism""}]"
407,Enchanting,,4,Rare,Astromancy Archive,Wondrous Item,enchant_misc,Crafted item (Rare).,Crafting output for Enchanting.,1,3750,3750,1875,Astral Prism (T4),1,Arcane Extraction,Primal Shard (T4),1,Mining,Duskleaf Frond (T4),1,Herbalism,"[{""name"":""Astral Prism (T4)"",""qty"":1,""gathering_profession"":""Arcane Extraction""},{""name"":""Primal Shard (T4)"",""qty"":1,""gathering_profession"":""Mining""},{""name"":""Duskleaf Frond (T4)"",""qty"":1,""gathering_profession"":""Herbalism""}]"
408,Enchanting,,4,Rare,Bead of Force,Wondrous Item,enchant_misc,Crafted item (Rare).,Crafting output for Enchanting.,1,3750,3750,1875,Astral Prism (T4),1,Arcane Extraction,Primal Shard (T4),1,Mining,Phoenixheart Seed (T4),1,Herbalism,"[{""name"":""Astral Prism (T4)"",""qty"":1,""gathering_profession"":""Arcane Extraction""},{""name"":""Primal Shard (T4)"",""qty"":1,""gathering_profession"":""Mining""},{""name"":""Phoenixheart Seed (T4)"",""qty"":1,""gathering_profession"":""Herbalism""}]"
409,Enchanting,,4,Rare,Bell Branch,Wondrous Item,enchant_misc,Crafted item (Rare).,Crafting output for Enchanting.,1,3750,3750,1875,Astral Prism (T4),1,Arcane Extraction,Primal Shard (T4),1,Mining,Moonshade Orchid (T4),1,Herbalism,"[{""name"":""Astral Prism (T4)"",""qty"":1,""gathering_profession"":""Arcane Extraction""},{""name"":""Primal Shard (T4)"",""qty"":1,""gathering_profession"":""Mining""},{""name"":""Moonshade Orchid (T4)"",""qty"":1,""gathering_profession"":""Herbalism""}]"
410,Enchanting,,4,Rare,Bowl of commanding water elementals,Wondrous Item,enchant_weapon,Crafted item (Rare).,Crafting output for Enchanting.,1,3750,3750,1875,Luminous Pearl (T4),1,Arcane Extraction,Forge Flux (T4),1,Mining,Bitterthorn Berry (T4),1,Herbalism,"[{""name"":""Luminous Pearl (T4)"",""qty"":1,""gathering_profession"":""Arcane Extraction""},{""name"":""Forge Flux (T4)"",""qty"":1,""gathering_profession"":""Mining""},{""name"":""Bitterthorn Berry (T4)"",""qty"":1,""gathering_profession"":""Herbalism""}]"
411,Enchanting,,4,Rare,Cape of the Mountebank,Wondrous Item,enchant_misc,Crafted item (Rare).,Crafting output for Enchanting.,1,3750,3750,1875,Astral Prism (T4),1,Arcane Extraction,Primal Shard (T4),1,Mining,Rootcap Mushroom (T4),1,Herbalism,"[{""name"":""Astral Prism (T4)"",""qty"":1,""gathering_profession"":""Arcane Extraction""},{""name"":""Primal Shard (T4)"",""qty"":1,""gathering_profession"":""Mining""},{""name"":""Rootcap Mushroom (T4)"",""qty"":1,""gathering_profession"":""Herbalism""}]"
412,Enchanting,,4,Rare,Censer of Controlling Air Elementals,Wondrous Item,enchant_misc,Crafted item (Rare).,Crafting output for Enchanting.,1,3750,3750,1875,Astral Prism (T4),1,Arcane Extraction,Forge Flux (T4),1,Mining,Moonshade Orchid (T4),1,Herbalism,"[{""name"":""Astral Prism (T4)"",""qty"":1,""gathering_profession"":""Arcane Extraction""},{""name"":""Forge Flux (T4)"",""qty"":1,""gathering_profession"":""Mining""},{""name"":""Moonshade Orchid (T4)"",""qty"":1,""gathering_profession"":""Herbalism""}]"
413,Enchanting,,4,Very Rare,Crystalline Chronicle,Wondrous Item,focus_gem,Crafted item (Very Rare).,Crafting output for Enchanting.,1,7500,7500,3750,Void Essence (T4),1,Arcane Extraction,Mythic Alloy (T4),1,Mining,Moonshade Orchid (T4),1,Herbalism,"[{""name"":""Void Essence (T4)"",""qty"":1,""gathering_profession"":""Arcane Extraction""},{""name"":""Mythic Alloy (T4)"",""qty"":1,""gathering_profession"":""Mining""},{""name"":""Moonshade Orchid (T4)"",""qty"":1,""gathering_profession"":""Herbalism""}]"
414,Enchanting,,4,Rare,Devotee’s Censer,Wondrous Item,enchant_misc,Crafted item (Rare).,Crafting output for Enchanting.,1,3750,3750,1875,Astral Prism (T4),1,Arcane Extraction,Mythic Alloy (T4),1,Mining,Rootcap Mushroom (T4),1,Herbalism,"[{""name"":""Astral Prism (T4)"",""qty"":1,""gathering_profession"":""Arcane Extraction""},{""name"":""Mythic Alloy (T4)"",""qty"":1,""gathering_profession"":""Mining""},{""name"":""Rootcap Mushroom (T4)"",""qty"":1,""gathering_profession"":""Herbalism""}]"
415,Enchanting,,4,Very Rare,Dwarven Thrower,Wondrous Item,enchant_misc,Crafted item (Very Rare).,Crafting output for Enchanting.,1,7500,7500,3750,Astral Prism (T4),1,Arcane Extraction,Mythic Alloy (T4),1,Mining,Silvermint Sprig (T4),1,Herbalism,"[{""name"":""Astral Prism (T4)"",""qty"":1,""gathering_profession"":""Arcane Extraction""},{""name"":""Mythic Alloy (T4)"",""qty"":1,""gathering_profession"":""Mining""},{""name"":""Silvermint Sprig (T4)"",""qty"":1,""gathering_profession"":""Herbalism""}]"
416,Enchanting,,4,Very Rare,Efreeti bottle,Wondrous Item,enchant_misc,Crafted item (Very Rare).,Crafting output for Enchanting.,1,7500,7500,3750,Astral Prism (T4),1,Arcane Extraction,Frostsalt Crystal (T4),1,Mining,Phoenixheart Seed (T4),1,Herbalism,"[{""name"":""Astral Prism (T4)"",""qty"":1,""gathering_profession"":""Arcane Extraction""},{""name"":""Frostsalt Crystal (T4)"",""qty"":1,""gathering_profession"":""Mining""},{""name"":""Phoenixheart Seed (T4)"",""qty"":1,""gathering_profession"":""Herbalism""}]"
417,Enchanting,,4,Rare,Elemental Essence Shard,Wondrous Item,enchant_misc,Crafted item (Rare).,Crafting output for Enchanting.,1,3750,3750,1875,Astral Prism (T4),1,Arcane Extraction,Forge Flux (T4),1,Mining,Rootcap Mushroom (T4),1,Herbalism,"[{""name"":""Astral Prism (T4)"",""qty"":1,""gathering_profession"":""Arcane Extraction""},{""name"":""Forge Flux (T4)"",""qty"":1,""gathering_profession"":""Mining""},{""name"":""Rootcap Mushroom (T4)"",""qty"":1,""gathering_profession"":""Herbalism""}]"
418,Enchanting,,4,Rare,Figurine of wondrous power (marble elephant),Wondrous Item,enchant_misc,Crafted item (Rare).,Crafting output for Enchanting.,1,3750,3750,1875,Astral Prism (T4),1,Arcane Extraction,Primal Shard (T4),1,Mining,Sunpetal Bloom (T4),1,Herbalism,"[{""name"":""Astral Prism (T4)"",""qty"":1,""gathering_profession"":""Arcane Extraction""},{""name"":""Primal Shard (T4)"",""qty"":1,""gathering_profession"":""Mining""},{""name"":""Sunpetal Bloom (T4)"",""qty"":1,""gathering_profession"":""Herbalism""}]"
419,Enchanting,,4,Very Rare,Figurine of wondrous power (obsidian steed),Wondrous Item,enchant_misc,Crafted item (Very Rare).,Crafting output for Enchanting.,1,7500,7500,3750,Astral Prism (T4),1,Arcane Extraction,Forge Flux (T4),1,Mining,Phoenixheart Seed (T4),1,Herbalism,"[{""name"":""Astral Prism (T4)"",""qty"":1,""gathering_profession"":""Arcane Extraction""},{""name"":""Forge Flux (T4)"",""qty"":1,""gathering_profession"":""Mining""},{""name"":""Phoenixheart Seed (T4)"",""qty"":1,""gathering_profession"":""Herbalism""}]"
420,Enchanting,,4,Rare,Figurine of wondrous power (onyx dog),Wondrous Item,enchant_misc,Crafted item (Rare).,Crafting output for Enchanting.,1,3750,3750,1875,Astral Prism (T4),1,Arcane Extraction,Mythic Alloy (T4),1,Mining,Phoenixheart Seed (T4),1,Herbalism,"[{""name"":""Astral Prism (T4)"",""qty"":1,""gathering_profession"":""Arcane Extraction""},{""name"":""Mythic Alloy (T4)"",""qty"":1,""gathering_profession"":""Mining""},{""name"":""Phoenixheart Seed (T4)"",""qty"":1,""gathering_profession"":""Herbalism""}]"
421,Enchanting,,4,Rare,Folding Boat,Wondrous Item,enchant_misc,Crafted item (Rare).,Crafting output for Enchanting.,1,3750,3750,1875,Astral Prism (T4),1,Arcane Extraction,Primal Shard (T4),1,Mining,Bitterthorn Berry (T4),1,Herbalism,"[{""name"":""Astral Prism (T4)"",""qty"":1,""gathering_profession"":""Arcane Extraction""},{""name"":""Primal Shard (T4)"",""qty"":1,""gathering_profession"":""Mining""},{""name"":""Bitterthorn Berry (T4)"",""qty"":1,""gathering_profession"":""Herbalism""}]"
422,Enchanting,,4,Very Rare,Ghost Step Tattoo,Wondrous Item,enchant_misc,Crafted item (Very Rare).,Crafting output for Enchanting.,1,7500,7500,3750,Astral Prism (T4),1,Arcane Extraction,Starcut Gem (T4),1,Mining,Moonshade Orchid (T4),1,Herbalism,"[{""name"":""Astral Prism (T4)"",""qty"":1,""gathering_profession"":""Arcane Extraction""},{""name"":""Starcut Gem (T4)"",""qty"":1,""gathering_profession"":""Mining""},{""name"":""Moonshade Orchid (T4)"",""qty"":1,""gathering_profession"":""Herbalism""}]"
423,Enchanting,,4,Rare,Heart Weaver’s Primer,Wondrous Item,enchant_misc,Crafted item (Rare).,Crafting output for Enchanting.,1,3750,3750,1875,Astral Prism (T4),1,Arcane Extraction,Forge Flux (T4),1,Mining,Duskleaf Frond (T4),1,Herbalism,"[{""name"":""Astral Prism (T4)"",""qty"":1,""gathering_profession"":""Arcane Extraction""},{""name"":""Forge Flux (T4)"",""qty"":1,""gathering_profession"":""Mining""},{""name"":""Duskleaf Frond (T4)"",""qty"":1,""gathering_profession"":""Herbalism""}]"
424,Enchanting,,4,Very Rare,Horn of Valhalla (Bronze),Wondrous Item,enchant_misc,Crafted item (Very Rare).,Crafting output for Enchanting.,1,7500,7500,3750,Astral Prism (T4),1,Arcane Extraction,Starcut Gem (T4),1,Mining,Duskleaf Frond (T4),1,Herbalism,"[{""name"":""Astral Prism (T4)"",""qty"":1,""gathering_profession"":""Arcane Extraction""},{""name"":""Starcut Gem (T4)"",""qty"":1,""gathering_profession"":""Mining""},{""name"":""Duskleaf Frond (T4)"",""qty"":1,""gathering_profession"":""Herbalism""}]"
425,Enchanting,,4,Rare,Ioun Stone,Wondrous Item,enchant_misc,Crafted item (Rare).,Crafting output for Enchanting.,1,3750,3750,1875,Astral Prism (T4),1,Arcane Extraction,Mythic Alloy (T4),1,Mining,Duskleaf Frond (T4),1,Herbalism,"[{""name"":""Astral Prism (T4)"",""qty"":1,""gathering_profession"":""Arcane Extraction""},{""name"":""Mythic Alloy (T4)"",""qty"":1,""gathering_profession"":""Mining""},{""name"":""Duskleaf Frond (T4)"",""qty"":1,""gathering_profession"":""Herbalism""}]"
426,Enchanting,,4,Rare,Ioun stone (sustenance),Wondrous Item,enchant_misc,Crafted item (Rare).,Crafting output for Enchanting.,1,3750,3750,1875,Astral Prism (T4),1,Arcane Extraction,Frostsalt Crystal (T4),1,Mining,Bitterthorn Berry (T4),1,Herbalism,"[{""name"":""Astral Prism (T4)"",""qty"":1,""gathering_profession"":""Arcane Extraction""},{""name"":""Frostsalt Crystal (T4)"",""qty"":1,""gathering_profession"":""Mining""},{""name"":""Bitterthorn Berry (T4)"",""qty"":1,""gathering_profession"":""Herbalism""}]"
427,Enchanting,,4,Rare,Libram of Souls and Flesh,Wondrous Item,enchant_misc,Crafted item (Rare).,Crafting output for Enchanting.,1,3750,3750,1875,Astral Prism (T4),1,Arcane Extraction,Emberstone Chunk (T4),1,Mining,Rootcap Mushroom (T4),1,Herbalism,"[{""name"":""Astral Prism (T4)"",""qty"":1,""gathering_profession"":""Arcane Extraction""},{""name"":""Emberstone Chunk (T4)"",""qty"":1,""gathering_profession"":""Mining""},{""name"":""Rootcap Mushroom (T4)"",""qty"":1,""gathering_profession"":""Herbalism""}]"
428,Enchanting,,4,Rare,Lyre of Building,Wondrous Item,enchant_misc,Crafted item (Rare).,Crafting output for Enchanting.,1,3750,3750,1875,Astral Prism (T4),1,Arcane Extraction,Deepvein Ore (T4),1,Mining,Sunpetal Bloom (T4),1,Herbalism,"[{""name"":""Astral Prism (T4)"",""qty"":1,""gathering_profession"":""Arcane Extraction""},{""name"":""Deepvein Ore (T4)"",""qty"":1,""gathering_profession"":""Mining""},{""name"":""Sunpetal Bloom (T4)"",""qty"":1,""gathering_profession"":""Herbalism""}]"
429,Enchanting,,4,Rare,Necklace of fireballs,Wondrous Item,jewelry_amulet,Crafted item (Rare).,Crafting output for Enchanting.,1,3750,3750,1875,Spell Soot (T4),1,Arcane Extraction,Primal Shard (T4),1,Mining,Silvermint Sprig (T4),1,Herbalism,"[{""name"":""Spell Soot (T4)"",""qty"":1,""gathering_profession"":""Arcane Extraction""},{""name"":""Primal Shard (T4)"",""qty"":1,""gathering_profession"":""Mining""},{""name"":""Silvermint Sprig (T4)"",""qty"":1,""gathering_profession"":""Herbalism""}]"
430,Enchanting,,4,Very Rare,Nine Lives Stealer,Wondrous Item,enchant_misc,Crafted item (Very Rare).,Crafting output for Enchanting.,1,7500,7500,3750,Astral Prism (T4),1,Arcane Extraction,Starcut Gem (T4),1,Mining,Silvermint Sprig (T4),1,Herbalism,"[{""name"":""Astral Prism (T4)"",""qty"":1,""gathering_profession"":""Arcane Extraction""},{""name"":""Starcut Gem (T4)"",""qty"":1,""gathering_profession"":""Mining""},{""name"":""Silvermint Sprig (T4)"",""qty"":1,""gathering_profession"":""Herbalism""}]"
431,Enchanting,,4,Very Rare,Nolzur's Marvelous Pigments,Wondrous Item,enchant_misc,Crafted item (Very Rare).,Crafting output for Enchanting.,1,7500,7500,3750,Astral Prism (T4),1,Arcane Extraction,Frostsalt Crystal (T4),1,Mining,Duskleaf Frond (T4),1,Herbalism,"[{""name"":""Astral Prism (T4)"",""qty"":1,""gathering_profession"":""Arcane Extraction""},{""name"":""Frostsalt Crystal (T4)"",""qty"":1,""gathering_profession"":""Mining""},{""name"":""Duskleaf Frond (T4)"",""qty"":1,""gathering_profession"":""Herbalism""}]"
432,Enchanting,,4,Rare,Oil of etherealness,Wondrous Item,enchant_misc,Crafted item (Rare).,Crafting output for Enchanting.,1,3750,3750,1875,Astral Prism (T4),1,Arcane Extraction,Mythic Alloy (T4),1,Mining,Bitterthorn Berry (T4),1,Herbalism,"[{""name"":""Astral Prism (T4)"",""qty"":1,""gathering_profession"":""Arcane Extraction""},{""name"":""Mythic Alloy (T4)"",""qty"":1,""gathering_profession"":""Mining""},{""name"":""Bitterthorn Berry (T4)"",""qty"":1,""gathering_profession"":""Herbalism""}]"
433,Enchanting,,4,Very Rare,Oil of sharpness,Wondrous Item,enchant_misc,Crafted item (Very Rare).,Crafting output for Enchanting.,1,7500,7500,3750,Astral Prism (T4),1,Arcane Extraction,Frostsalt Crystal (T4),1,Mining,Silvermint Sprig (T4),1,Herbalism,"[{""name"":""Astral Prism (T4)"",""qty"":1,""gathering_profession"":""Arcane Extraction""},{""name"":""Frostsalt Crystal (T4)"",""qty"":1,""gathering_profession"":""Mining""},{""name"":""Silvermint Sprig (T4)"",""qty"":1,""gathering_profession"":""Herbalism""}]"
434,Enchanting,,4,Rare,Protective Verses,Wondrous Item,enchant_misc,Crafted item (Rare).,Crafting output for Enchanting.,1,3750,3750,1875,Astral Prism (T4),1,Arcane Extraction,Mythic Alloy (T4),1,Mining,Moonshade Orchid (T4),1,Herbalism,"[{""name"":""Astral Prism (T4)"",""qty"":1,""gathering_profession"":""Arcane Extraction""},{""name"":""Mythic Alloy (T4)"",""qty"":1,""gathering_profession"":""Mining""},{""name"":""Moonshade Orchid (T4)"",""qty"":1,""gathering_profession"":""Herbalism""}]"
435,Enchanting,,4,Rare,Ring of X-ray vision,Wondrous Item,jewelry_ring,Crafted item (Rare).,Crafting output for Enchanting.,1,3750,3750,1875,Aether Sand (T4),1,Arcane Extraction,Forge Flux (T4),1,Mining,Bitterthorn Berry (T4),1,Herbalism,"[{""name"":""Aether Sand (T4)"",""qty"":1,""gathering_profession"":""Arcane Extraction""},{""name"":""Forge Flux (T4)"",""qty"":1,""gathering_profession"":""Mining""},{""name"":""Bitterthorn Berry (T4)"",""qty"":1,""gathering_profession"":""Herbalism""}]"
436,Enchanting,,4,Rare,Ring of feather falling,Wondrous Item,jewelry_ring,Crafted item (Rare).,Crafting output for Enchanting.,1,3750,3750,1875,Rift Glass (T4),1,Arcane Extraction,Forge Flux (T4),1,Mining,Bitterthorn Berry (T4),1,Herbalism,"[{""name"":""Rift Glass (T4)"",""qty"":1,""gathering_profession"":""Arcane Extraction""},{""name"":""Forge Flux (T4)"",""qty"":1,""gathering_profession"":""Mining""},{""name"":""Bitterthorn Berry (T4)"",""qty"":1,""gathering_profession"":""Herbalism""}]"
437,Enchanting,,4,Rare,Ring of protection,Wondrous Item,jewelry_ring,Crafted item (Rare).,Crafting output for Enchanting.,1,3750,3750,1875,Void Essence (T4),1,Arcane Extraction,Forge Flux (T4),1,Mining,Silvermint Sprig (T4),1,Herbalism,"[{""name"":""Void Essence (T4)"",""qty"":1,""gathering_profession"":""Arcane Extraction""},{""name"":""Forge Flux (T4)"",""qty"":1,""gathering_profession"":""Mining""},{""name"":""Silvermint Sprig (T4)"",""qty"":1,""gathering_profession"":""Herbalism""}]"
438,Enchanting,,4,Very Rare,Ring of regeneration,Wondrous Item,jewelry_ring,Crafted item (Very Rare).,Crafting output for Enchanting.,1,7500,7500,3750,Void Essence (T4),1,Arcane Extraction,Forge Flux (T4),1,Mining,Moonshade Orchid (T4),1,Herbalism,"[{""name"":""Void Essence (T4)"",""qty"":1,""gathering_profession"":""Arcane Extraction""},{""name"":""Forge Flux (T4)"",""qty"":1,""gathering_profession"":""Mining""},{""name"":""Moonshade Orchid (T4)"",""qty"":1,""gathering_profession"":""Herbalism""}]"
439,Enchanting,,4,Rare,Ring of resistance,Wondrous Item,jewelry_ring,Crafted item (Rare).,Crafting output for Enchanting.,1,3750,3750,1875,Void Essence (T4),1,Arcane Extraction,Forge Flux (T4),1,Mining,Phoenixheart Seed (T4),1,Herbalism,"[{""name"":""Void Essence (T4)"",""qty"":1,""gathering_profession"":""Arcane Extraction""},{""name"":""Forge Flux (T4)"",""qty"":1,""gathering_profession"":""Mining""},{""name"":""Phoenixheart Seed (T4)"",""qty"":1,""gathering_profession"":""Herbalism""}]"
440,Enchanting,,4,Very Rare,Ring of shooting stars,Wondrous Item,jewelry_ring,Crafted item (Very Rare).,Crafting output for Enchanting.,1,7500,7500,3750,Void Essence (T4),1,Arcane Extraction,Forge Flux (T4),1,Mining,Sunpetal Bloom (T4),1,Herbalism,"[{""name"":""Void Essence (T4)"",""qty"":1,""gathering_profession"":""Arcane Extraction""},{""name"":""Forge Flux (T4)"",""qty"":1,""gathering_profession"":""Mining""},{""name"":""Sunpetal Bloom (T4)"",""qty"":1,""gathering_profession"":""Herbalism""}]"
441,Enchanting,,4,Rare,Ring of spell storing,Wondrous Item,jewelry_ring,Crafted item (Rare).,Crafting output for Enchanting.,1,3750,3750,1875,Void Essence (T4),1,Arcane Extraction,Forge Flux (T4),1,Mining,Duskleaf Frond (T4),1,Herbalism,"[{""name"":""Void Essence (T4)"",""qty"":1,""gathering_profession"":""Arcane Extraction""},{""name"":""Forge Flux (T4)"",""qty"":1,""gathering_profession"":""Mining""},{""name"":""Duskleaf Frond (T4)"",""qty"":1,""gathering_profession"":""Herbalism""}]"
442,Enchanting,,4,Very Rare,Robe of scintillating colors,Wondrous Item,enchant_misc,Crafted item (Very Rare).,Crafting output for Enchanting.,1,7500,7500,3750,Astral Prism (T4),1,Arcane Extraction,Forge Flux (T4),1,Mining,Sunpetal Bloom (T4),1,Herbalism,"[{""name"":""Astral Prism (T4)"",""qty"":1,""gathering_profession"":""Arcane Extraction""},{""name"":""Forge Flux (T4)"",""qty"":1,""gathering_profession"":""Mining""},{""name"":""Sunpetal Bloom (T4)"",""qty"":1,""gathering_profession"":""Herbalism""}]"
443,Enchanting,,4,Very Rare,Scimitar of Speed,Wondrous Item,enchant_weapon,Crafted item (Very Rare).,Crafting output for Enchanting.,1,7500,7500,3750,Void Essence (T4),1,Arcane Extraction,Forge Flux (T4),1,Mining,Bitterthorn Berry (T4),1,Herbalism,"[{""name"":""Void Essence (T4)"",""qty"":1,""gathering_profession"":""Arcane Extraction""},{""name"":""Forge Flux (T4)"",""qty"":1,""gathering_profession"":""Mining""},{""name"":""Bitterthorn Berry (T4)"",""qty"":1,""gathering_profession"":""Herbalism""}]"
444,Enchanting,,4,Rare,Shadowfell Shard,Wondrous Item,enchant_misc,Crafted item (Rare).,Crafting output for Enchanting.,1,3750,3750,1875,Astral Prism (T4),1,Arcane Extraction,Mythic Alloy (T4),1,Mining,Sunpetal Bloom (T4),1,Herbalism,"[{""name"":""Astral Prism (T4)"",""qty"":1,""gathering_profession"":""Arcane Extraction""},{""name"":""Mythic Alloy (T4)"",""qty"":1,""gathering_profession"":""Mining""},{""name"":""Sunpetal Bloom (T4)"",""qty"":1,""gathering_profession"":""Herbalism""}]"
445,Enchanting,,4,Very Rare,Spirit Board,Wondrous Item,enchant_misc,Crafted item (Very Rare).,Crafting output for Enchanting.,1,7500,7500,3750,Astral Prism (T4),1,Arcane Extraction,Frostsalt Crystal (T4),1,Mining,Moonshade Orchid (T4),1,Herbalism,"[{""name"":""Astral Prism (T4)"",""qty"":1,""gathering_profession"":""Arcane Extraction""},{""name"":""Frostsalt Crystal (T4)"",""qty"":1,""gathering_profession"":""Mining""},{""name"":""Moonshade Orchid (T4)"",""qty"":1,""gathering_profession"":""Herbalism""}]"
446,Enchanting,,4,Very Rare,Thunderous Greatclub,Wondrous Item,enchant_misc,Crafted item (Very Rare).,Crafting output for Enchanting.,1,7500,7500,3750,Astral Prism (T4),1,Arcane Extraction,Emberstone Chunk (T4),1,Mining,Duskleaf Frond (T4),1,Herbalism,"[{""name"":""Astral Prism (T4)"",""qty"":1,""gathering_profession"":""Arcane Extraction""},{""name"":""Emberstone Chunk (T4)"",""qty"":1,""gathering_profession"":""Mining""},{""name"":""Duskleaf Frond (T4)"",""qty"":1,""gathering_profession"":""Herbalism""}]"
447,Enchanting,,5,Very Rare,Ring of Shooting Stars,Ring,jewelry_ring,Crafted item (Very Rare).,Crafting output for Enchanting.,1,15000,15000,7500,Aether Sand (T5),1,Arcane Extraction,Primal Shard (T5),1,Mining,Silvermint Sprig (T5),1,Herbalism,"[{""name"":""Aether Sand (T5)"",""qty"":1,""gathering_profession"":""Arcane Extraction""},{""name"":""Primal Shard (T5)"",""qty"":1,""gathering_profession"":""Mining""},{""name"":""Silvermint Sprig (T5)"",""qty"":1,""gathering_profession"":""Herbalism""}]"
448,Enchanting,,5,Very Rare,Rod of Absorption,Rod,focus_wand,Crafted item (Very Rare).,Crafting output for Enchanting.,1,15000,15000,7500,Luminous Pearl (T5),1,Arcane Extraction,Forge Flux (T5),1,Mining,Bitterthorn Berry (T5),1,Herbalism,"[{""name"":""Luminous Pearl (T5)"",""qty"":1,""gathering_profession"":""Arcane Extraction""},{""name"":""Forge Flux (T5)"",""qty"":1,""gathering_profession"":""Mining""},{""name"":""Bitterthorn Berry (T5)"",""qty"":1,""gathering_profession"":""Herbalism""}]"
449,Enchanting,,5,Very Rare,Rod of Security,Rod,focus_wand,Crafted item (Very Rare).,Crafting output for Enchanting.,1,15000,15000,7500,Void Essence (T5),1,Arcane Extraction,Forge Flux (T5),1,Mining,Bitterthorn Berry (T5),1,Herbalism,"[{""name"":""Void Essence (T5)"",""qty"":1,""gathering_profession"":""Arcane Extraction""},{""name"":""Forge Flux (T5)"",""qty"":1,""gathering_profession"":""Mining""},{""name"":""Bitterthorn Berry (T5)"",""qty"":1,""gathering_profession"":""Herbalism""}]"
450,Enchanting,,5,Very Rare,Rod of the Pact Keeper (+3),Rod,focus_wand,Crafted item (Very Rare).,Crafting output for Enchanting.,1,15000,15000,7500,Rift Glass (T5),1,Arcane Extraction,Forge Flux (T5),1,Mining,Bitterthorn Berry (T5),1,Herbalism,"[{""name"":""Rift Glass (T5)"",""qty"":1,""gathering_profession"":""Arcane Extraction""},{""name"":""Forge Flux (T5)"",""qty"":1,""gathering_profession"":""Mining""},{""name"":""Bitterthorn Berry (T5)"",""qty"":1,""gathering_profession"":""Herbalism""}]"
451,Enchanting,,5,Very Rare,"Rod of the pact keeper, +3",Rod,focus_wand,Crafted item (Very Rare).,Crafting output for Enchanting.,1,15000,15000,7500,Astral Prism (T5),1,Arcane Extraction,Forge Flux (T5),1,Mining,Bitterthorn Berry (T5),1,Herbalism,"[{""name"":""Astral Prism (T5)"",""qty"":1,""gathering_profession"":""Arcane Extraction""},{""name"":""Forge Flux (T5)"",""qty"":1,""gathering_profession"":""Mining""},{""name"":""Bitterthorn Berry (T5)"",""qty"":1,""gathering_profession"":""Herbalism""}]"
452,Enchanting,,5,Very Rare,Wand of the War Mage (+3),Wand,focus_wand,Crafted item (Very Rare).,Crafting output for Enchanting.,1,15000,15000,7500,Spell Soot (T5),1,Arcane Extraction,Forge Flux (T5),1,Mining,Bitterthorn Berry (T5),1,Herbalism,"[{""name"":""Spell Soot (T5)"",""qty"":1,""gathering_profession"":""Arcane Extraction""},{""name"":""Forge Flux (T5)"",""qty"":1,""gathering_profession"":""Mining""},{""name"":""Bitterthorn Berry (T5)"",""qty"":1,""gathering_profession"":""Herbalism""}]"
453,Enchanting,,5,Very Rare,"Wand of the war mage, +3",Wand,focus_wand,Crafted item (Very Rare).,Crafting output for Enchanting.,1,15000,15000,7500,Aether Sand (T5),1,Arcane Extraction,Forge Flux (T5),1,Mining,Bitterthorn Berry (T5),1,Herbalism,"[{""name"":""Aether Sand (T5)"",""qty"":1,""gathering_profession"":""Arcane Extraction""},{""name"":""Forge Flux (T5)"",""qty"":1,""gathering_profession"":""Mining""},{""name"":""Bitterthorn Berry (T5)"",""qty"":1,""gathering_profession"":""Herbalism""}]"
454,Enchanting,,5,Very Rare,Bag of devouring,Wondrous Item,jewelry_ring,Crafted item (Very Rare).,Crafting output for Enchanting.,1,15000,15000,7500,Void Essence (T5),1,Arcane Extraction,Primal Shard (T5),1,Mining,Silvermint Sprig (T5),1,Herbalism,"[{""name"":""Void Essence (T5)"",""qty"":1,""gathering_profession"":""Arcane Extraction""},{""name"":""Primal Shard (T5)"",""qty"":1,""gathering_profession"":""Mining""},{""name"":""Silvermint Sprig (T5)"",""qty"":1,""gathering_profession"":""Herbalism""}]"
455,Enchanting,,5,Very Rare,Candle of Invocation,Wondrous Item,enchant_misc,Crafted item (Very Rare).,Crafting output for Enchanting.,1,15000,15000,7500,Void Essence (T5),1,Arcane Extraction,Primal Shard (T5),1,Mining,Silvermint Sprig (T5),1,Herbalism,"[{""name"":""Void Essence (T5)"",""qty"":1,""gathering_profession"":""Arcane Extraction""},{""name"":""Primal Shard (T5)"",""qty"":1,""gathering_profession"":""Mining""},{""name"":""Silvermint Sprig (T5)"",""qty"":1,""gathering_profession"":""Herbalism""}]"
456,Enchanting,,5,Very Rare,Carpet of Flying,Wondrous Item,enchant_misc,Crafted item (Very Rare).,Crafting output for Enchanting.,1,15000,15000,7500,Luminous Pearl (T5),1,Arcane Extraction,Primal Shard (T5),1,Mining,Silvermint Sprig (T5),1,Herbalism,"[{""name"":""Luminous Pearl (T5)"",""qty"":1,""gathering_profession"":""Arcane Extraction""},{""name"":""Primal Shard (T5)"",""qty"":1,""gathering_profession"":""Mining""},{""name"":""Silvermint Sprig (T5)"",""qty"":1,""gathering_profession"":""Herbalism""}]"
457,Enchanting,,5,Very Rare,Cauldron of Rebirth,Wondrous Item,enchant_misc,Crafted item (Very Rare).,Crafting output for Enchanting.,1,15000,15000,7500,Astral Prism (T5),1,Arcane Extraction,Primal Shard (T5),1,Mining,Silvermint Sprig (T5),1,Herbalism,"[{""name"":""Astral Prism (T5)"",""qty"":1,""gathering_profession"":""Arcane Extraction""},{""name"":""Primal Shard (T5)"",""qty"":1,""gathering_profession"":""Mining""},{""name"":""Silvermint Sprig (T5)"",""qty"":1,""gathering_profession"":""Herbalism""}]"
458,Enchanting,,5,Very Rare,Crystal Ball,Wondrous Item,focus_gem,Crafted item (Very Rare).,Crafting output for Enchanting.,1,15000,15000,7500,Luminous Pearl (T5),1,Arcane Extraction,Deepvein Ore (T5),1,Mining,Phoenixheart Seed (T5),1,Herbalism,"[{""name"":""Luminous Pearl (T5)"",""qty"":1,""gathering_profession"":""Arcane Extraction""},{""name"":""Deepvein Ore (T5)"",""qty"":1,""gathering_profession"":""Mining""},{""name"":""Phoenixheart Seed (T5)"",""qty"":1,""gathering_profession"":""Herbalism""}]"
459,Enchanting,,5,Very Rare,Crystal ball (very rare),Wondrous Item,focus_gem,Crafted item (Very Rare).,Crafting output for Enchanting.,1,15000,15000,7500,Void Essence (T5),1,Arcane Extraction,Deepvein Ore (T5),1,Mining,Phoenixheart Seed (T5),1,Herbalism,"[{""name"":""Void Essence (T5)"",""qty"":1,""gathering_profession"":""Arcane Extraction""},{""name"":""Deepvein Ore (T5)"",""qty"":1,""gathering_profession"":""Mining""},{""name"":""Phoenixheart Seed (T5)"",""qty"":1,""gathering_profession"":""Herbalism""}]"
460,Enchanting,,5,Very Rare,Figurine of Wondrous Power (Obsidian Steed),Wondrous Item,enchant_misc,Crafted item (Very Rare).,Crafting output for Enchanting.,1,15000,15000,7500,Aether Sand (T5),1,Arcane Extraction,Primal Shard (T5),1,Mining,Silvermint Sprig (T5),1,Herbalism,"[{""name"":""Aether Sand (T5)"",""qty"":1,""gathering_profession"":""Arcane Extraction""},{""name"":""Primal Shard (T5)"",""qty"":1,""gathering_profession"":""Mining""},{""name"":""Silvermint Sprig (T5)"",""qty"":1,""gathering_profession"":""Herbalism""}]"
461,Enchanting,,5,Very Rare,Horn of Valhalla (bronze),Wondrous Item,enchant_misc,Crafted item (Very Rare).,Crafting output for Enchanting.,1,15000,15000,7500,Mana Thread (T5),1,Arcane Extraction,Primal Shard (T5),1,Mining,Silvermint Sprig (T5),1,Herbalism,"[{""name"":""Mana Thread (T5)"",""qty"":1,""gathering_profession"":""Arcane Extraction""},{""name"":""Primal Shard (T5)"",""qty"":1,""gathering_profession"":""Mining""},{""name"":""Silvermint Sprig (T5)"",""qty"":1,""gathering_profession"":""Herbalism""}]"
462,Enchanting,,5,Very Rare,Horseshoes of a Zephyr,Wondrous Item,enchant_misc,Crafted item (Very Rare).,Crafting output for Enchanting.,1,15000,15000,7500,Rift Glass (T5),1,Arcane Extraction,Primal Shard (T5),1,Mining,Silvermint Sprig (T5),1,Herbalism,"[{""name"":""Rift Glass (T5)"",""qty"":1,""gathering_profession"":""Arcane Extraction""},{""name"":""Primal Shard (T5)"",""qty"":1,""gathering_profession"":""Mining""},{""name"":""Silvermint Sprig (T5)"",""qty"":1,""gathering_profession"":""Herbalism""}]"
463,Enchanting,,5,Very Rare,Ioun Stone,Wondrous Item,enchant_misc,Crafted item (Very Rare).,Crafting output for Enchanting.,1,15000,15000,7500,Spell Soot (T5),1,Arcane Extraction,Primal Shard (T5),1,Mining,Silvermint Sprig (T5),1,Herbalism,"[{""name"":""Spell Soot (T5)"",""qty"":1,""gathering_profession"":""Arcane Extraction""},{""name"":""Primal Shard (T5)"",""qty"":1,""gathering_profession"":""Mining""},{""name"":""Silvermint Sprig (T5)"",""qty"":1,""gathering_profession"":""Herbalism""}]"
464,Enchanting,,5,Very Rare,Ioun stone (absorption),Wondrous Item,enchant_misc,Crafted item (Very Rare).,Crafting output for Enchanting.,1,15000,15000,7500,Astral Prism (T5),1,Arcane Extraction,Primal Shard (T5),1,Mining,Moonshade Orchid (T5),1,Herbalism,"[{""name"":""Astral Prism (T5)"",""qty"":1,""gathering_profession"":""Arcane Extraction""},{""name"":""Primal Shard (T5)"",""qty"":1,""gathering_profession"":""Mining""},{""name"":""Moonshade Orchid (T5)"",""qty"":1,""gathering_profession"":""Herbalism""}]"
465,Enchanting,,5,Very Rare,Ioun stone (agility),Wondrous Item,enchant_misc,Crafted item (Very Rare).,Crafting output for Enchanting.,1,15000,15000,7500,Astral Prism (T5),1,Arcane Extraction,Primal Shard (T5),1,Mining,Phoenixheart Seed (T5),1,Herbalism,"[{""name"":""Astral Prism (T5)"",""qty"":1,""gathering_profession"":""Arcane Extraction""},{""name"":""Primal Shard (T5)"",""qty"":1,""gathering_profession"":""Mining""},{""name"":""Phoenixheart Seed (T5)"",""qty"":1,""gathering_profession"":""Herbalism""}]"
466,Enchanting,,5,Very Rare,Ioun stone (fortitude),Wondrous Item,enchant_misc,Crafted item (Very Rare).,Crafting output for Enchanting.,1,15000,15000,7500,Astral Prism (T5),1,Arcane Extraction,Primal Shard (T5),1,Mining,Duskleaf Frond (T5),1,Herbalism,"[{""name"":""Astral Prism (T5)"",""qty"":1,""gathering_profession"":""Arcane Extraction""},{""name"":""Primal Shard (T5)"",""qty"":1,""gathering_profession"":""Mining""},{""name"":""Duskleaf Frond (T5)"",""qty"":1,""gathering_profession"":""Herbalism""}]"
467,Enchanting,,5,Very Rare,Ioun stone (insight),Wondrous Item,enchant_misc,Crafted item (Very Rare).,Crafting output for Enchanting.,1,15000,15000,7500,Astral Prism (T5),1,Arcane Extraction,Primal Shard (T5),1,Mining,Bitterthorn Berry (T5),1,Herbalism,"[{""name"":""Astral Prism (T5)"",""qty"":1,""gathering_profession"":""Arcane Extraction""},{""name"":""Primal Shard (T5)"",""qty"":1,""gathering_profession"":""Mining""},{""name"":""Bitterthorn Berry (T5)"",""qty"":1,""gathering_profession"":""Herbalism""}]"
468,Enchanting,,5,Very Rare,Ioun stone (intellect),Wondrous Item,enchant_misc,Crafted item (Very Rare).,Crafting output for Enchanting.,1,15000,15000,7500,Astral Prism (T5),1,Arcane Extraction,Frostsalt Crystal (T5),1,Mining,Duskleaf Frond (T5),1,Herbalism,"[{""name"":""Astral Prism (T5)"",""qty"":1,""gathering_profession"":""Arcane Extraction""},{""name"":""Frostsalt Crystal (T5)"",""qty"":1,""gathering_profession"":""Mining""},{""name"":""Duskleaf Frond (T5)"",""qty"":1,""gathering_profession"":""Herbalism""}]"
469,Enchanting,,5,Very Rare,Ioun stone (leadership),Wondrous Item,enchant_misc,Crafted item (Very Rare).,Crafting output for Enchanting.,1,15000,15000,7500,Astral Prism (T5),1,Arcane Extraction,Starcut Gem (T5),1,Mining,Duskleaf Frond (T5),1,Herbalism,"[{""name"":""Astral Prism (T5)"",""qty"":1,""gathering_profession"":""Arcane Extraction""},{""name"":""Starcut Gem (T5)"",""qty"":1,""gathering_profession"":""Mining""},{""name"":""Duskleaf Frond (T5)"",""qty"":1,""gathering_profession"":""Herbalism""}]"
470,Enchanting,,5,Very Rare,Ioun stone (strength),Wondrous Item,enchant_misc,Crafted item (Very Rare).,Crafting output for Enchanting.,1,15000,15000,7500,Astral Prism (T5),1,Arcane Extraction,Primal Shard (T5),1,Mining,Rootcap Mushroom (T5),1,Herbalism,"[{""name"":""Astral Prism (T5)"",""qty"":1,""gathering_profession"":""Arcane Extraction""},{""name"":""Primal Shard (T5)"",""qty"":1,""gathering_profession"":""Mining""},{""name"":""Rootcap Mushroom (T5)"",""qty"":1,""gathering_profession"":""Herbalism""}]"
471,Enchanting,,5,Very Rare,Lifewell Tattoo,Wondrous Item,enchant_misc,Crafted item (Very Rare).,Crafting output for Enchanting.,1,15000,15000,7500,Astral Prism (T5),1,Arcane Extraction,Primal Shard (T5),1,Mining,Sunpetal Bloom (T5),1,Herbalism,"[{""name"":""Astral Prism (T5)"",""qty"":1,""gathering_profession"":""Arcane Extraction""},{""name"":""Primal Shard (T5)"",""qty"":1,""gathering_profession"":""Mining""},{""name"":""Sunpetal Bloom (T5)"",""qty"":1,""gathering_profession"":""Herbalism""}]"
472,Enchanting,,5,Very Rare,Mirror of Life Trapping,Wondrous Item,enchant_misc,Crafted item (Very Rare).,Crafting output for Enchanting.,1,15000,15000,7500,Astral Prism (T5),1,Arcane Extraction,Frostsalt Crystal (T5),1,Mining,Bitterthorn Berry (T5),1,Herbalism,"[{""name"":""Astral Prism (T5)"",""qty"":1,""gathering_profession"":""Arcane Extraction""},{""name"":""Frostsalt Crystal (T5)"",""qty"":1,""gathering_profession"":""Mining""},{""name"":""Bitterthorn Berry (T5)"",""qty"":1,""gathering_profession"":""Herbalism""}]"
473,Enchanting,,5,Very Rare,Nolzur’s marvelous pigments,Wondrous Item,enchant_misc,Crafted item (Very Rare).,Crafting output for Enchanting.,1,15000,15000,7500,Astral Prism (T5),1,Arcane Extraction,Starcut Gem (T5),1,Mining,Phoenixheart Seed (T5),1,Herbalism,"[{""name"":""Astral Prism (T5)"",""qty"":1,""gathering_profession"":""Arcane Extraction""},{""name"":""Starcut Gem (T5)"",""qty"":1,""gathering_profession"":""Mining""},{""name"":""Phoenixheart Seed (T5)"",""qty"":1,""gathering_profession"":""Herbalism""}]"
474,Enchanting,,5,Very Rare,Ring of telekinesis,Wondrous Item,jewelry_ring,Crafted item (Very Rare).,Crafting output for Enchanting.,1,15000,15000,7500,Astral Prism (T5),1,Arcane Extraction,Primal Shard (T5),1,Mining,Silvermint Sprig (T5),1,Herbalism,"[{""name"":""Astral Prism (T5)"",""qty"":1,""gathering_profession"":""Arcane Extraction""},{""name"":""Primal Shard (T5)"",""qty"":1,""gathering_profession"":""Mining""},{""name"":""Silvermint Sprig (T5)"",""qty"":1,""gathering_profession"":""Herbalism""}]"
475,Enchanting,,5,Very Rare,Robe of stars,Wondrous Item,enchant_misc,Crafted item (Very Rare).,Crafting output for Enchanting.,1,15000,15000,7500,Astral Prism (T5),1,Arcane Extraction,Starcut Gem (T5),1,Mining,Silvermint Sprig (T5),1,Herbalism,"[{""name"":""Astral Prism (T5)"",""qty"":1,""gathering_profession"":""Arcane Extraction""},{""name"":""Starcut Gem (T5)"",""qty"":1,""gathering_profession"":""Mining""},{""name"":""Silvermint Sprig (T5)"",""qty"":1,""gathering_profession"":""Herbalism""}]"
476,Enchanting,,5,Very Rare,Wraps of Unarmed Power (+3),Wondrous Item,enchant_misc,Crafted item (Very Rare).,Crafting output for Enchanting.,1,15000,15000,7500,Astral Prism (T5),1,Arcane Extraction,Deepvein Ore (T5),1,Mining,Duskleaf Frond (T5),1,Herbalism,"[{""name"":""Astral Prism (T5)"",""qty"":1,""gathering_profession"":""Arcane Extraction""},{""name"":""Deepvein Ore (T5)"",""qty"":1,""gathering_profession"":""Mining""},{""name"":""Duskleaf Frond (T5)"",""qty"":1,""gathering_profession"":""Herbalism""}]"
477,Enchanting,,6,Legendary,Ring of Djinni Summoning,Ring,jewelry_ring,Crafted item (Legendary).,Crafting output for Enchanting.,1,160000,160000,80000,Mana Thread (T6),1,Arcane Extraction,Emberstone Chunk (T6),1,Mining,Sunpetal Bloom (T6),1,Herbalism,"[{""name"":""Mana Thread (T6)"",""qty"":1,""gathering_profession"":""Arcane Extraction""},{""name"":""Emberstone Chunk (T6)"",""qty"":1,""gathering_profession"":""Mining""},{""name"":""Sunpetal Bloom (T6)"",""qty"":1,""gathering_profession"":""Herbalism""}]"
478,Enchanting,,6,Legendary,Ring of Elemental Command (Air),Ring,jewelry_ring,Crafted item (Legendary).,Crafting output for Enchanting.,1,160000,160000,80000,Aether Sand (T6),1,Arcane Extraction,Emberstone Chunk (T6),1,Mining,Sunpetal Bloom (T6),1,Herbalism,"[{""name"":""Aether Sand (T6)"",""qty"":1,""gathering_profession"":""Arcane Extraction""},{""name"":""Emberstone Chunk (T6)"",""qty"":1,""gathering_profession"":""Mining""},{""name"":""Sunpetal Bloom (T6)"",""qty"":1,""gathering_profession"":""Herbalism""}]"
479,Enchanting,,6,Legendary,Ring of Elemental Command (Earth),Ring,jewelry_ring,Crafted item (Legendary).,Crafting output for Enchanting.,1,160000,160000,80000,Luminous Pearl (T6),1,Arcane Extraction,Emberstone Chunk (T6),1,Mining,Sunpetal Bloom (T6),1,Herbalism,"[{""name"":""Luminous Pearl (T6)"",""qty"":1,""gathering_profession"":""Arcane Extraction""},{""name"":""Emberstone Chunk (T6)"",""qty"":1,""gathering_profession"":""Mining""},{""name"":""Sunpetal Bloom (T6)"",""qty"":1,""gathering_profession"":""Herbalism""}]"
480,Enchanting,,6,Legendary,Ring of Elemental Command (Fire),Ring,jewelry_ring,Crafted item (Legendary).,Crafting output for Enchanting.,1,160000,160000,80000,Rift Glass (T6),1,Arcane Extraction,Emberstone Chunk (T6),1,Mining,Sunpetal Bloom (T6),1,Herbalism,"[{""name"":""Rift Glass (T6)"",""qty"":1,""gathering_profession"":""Arcane Extraction""},{""name"":""Emberstone Chunk (T6)"",""qty"":1,""gathering_profession"":""Mining""},{""name"":""Sunpetal Bloom (T6)"",""qty"":1,""gathering_profession"":""Herbalism""}]"
481,Enchanting,,6,Legendary,Ring of Elemental Command (Water),Ring,jewelry_ring,Crafted item (Legendary).,Crafting output for Enchanting.,1,160000,160000,80000,Spell Soot (T6),1,Arcane Extraction,Emberstone Chunk (T6),1,Mining,Sunpetal Bloom (T6),1,Herbalism,"[{""name"":""Spell Soot (T6)"",""qty"":1,""gathering_profession"":""Arcane Extraction""},{""name"":""Emberstone Chunk (T6)"",""qty"":1,""gathering_profession"":""Mining""},{""name"":""Sunpetal Bloom (T6)"",""qty"":1,""gathering_profession"":""Herbalism""}]"
482,Enchanting,,6,Legendary,Ring of Invisibility,Ring,jewelry_ring,Crafted item (Legendary).,Crafting output for Enchanting.,1,160000,160000,80000,Void Essence (T6),1,Arcane Extraction,Emberstone Chunk (T6),1,Mining,Sunpetal Bloom (T6),1,Herbalism,"[{""name"":""Void Essence (T6)"",""qty"":1,""gathering_profession"":""Arcane Extraction""},{""name"":""Emberstone Chunk (T6)"",""qty"":1,""gathering_profession"":""Mining""},{""name"":""Sunpetal Bloom (T6)"",""qty"":1,""gathering_profession"":""Herbalism""}]"
483,Enchanting,,6,Legendary,Ring of Spell Turning,Ring,jewelry_ring,Crafted item (Legendary).,Crafting output for Enchanting.,1,160000,160000,80000,Astral Prism (T6),1,Arcane Extraction,Emberstone Chunk (T6),1,Mining,Sunpetal Bloom (T6),1,Herbalism,"[{""name"":""Astral Prism (T6)"",""qty"":1,""gathering_profession"":""Arcane Extraction""},{""name"":""Emberstone Chunk (T6)"",""qty"":1,""gathering_profession"":""Mining""},{""name"":""Sunpetal Bloom (T6)"",""qty"":1,""gathering_profession"":""Herbalism""}]"
484,Enchanting,,6,Legendary,Ring of Three Wishes,Ring,jewelry_ring,Crafted item (Legendary).,Crafting output for Enchanting.,1,160000,160000,80000,Rift Glass (T6),1,Arcane Extraction,Emberstone Chunk (T6),1,Mining,Moonshade Orchid (T6),1,Herbalism,"[{""name"":""Rift Glass (T6)"",""qty"":1,""gathering_profession"":""Arcane Extraction""},{""name"":""Emberstone Chunk (T6)"",""qty"":1,""gathering_profession"":""Mining""},{""name"":""Moonshade Orchid (T6)"",""qty"":1,""gathering_profession"":""Herbalism""}]"
485,Enchanting,,6,Legendary,Sword of Answering,Ring,jewelry_ring,Crafted item (Legendary).,Crafting output for Enchanting.,1,160000,160000,80000,Rift Glass (T6),1,Arcane Extraction,Emberstone Chunk (T6),1,Mining,Rootcap Mushroom (T6),1,Herbalism,"[{""name"":""Rift Glass (T6)"",""qty"":1,""gathering_profession"":""Arcane Extraction""},{""name"":""Emberstone Chunk (T6)"",""qty"":1,""gathering_profession"":""Mining""},{""name"":""Rootcap Mushroom (T6)"",""qty"":1,""gathering_profession"":""Herbalism""}]"
486,Enchanting,,6,Legendary,Rod of Lordly Might,Rod,focus_wand,Crafted item (Legendary).,Crafting output for Enchanting.,1,160000,160000,80000,Luminous Pearl (T6),1,Arcane Extraction,Primal Shard (T6),1,Mining,Silvermint Sprig (T6),1,Herbalism,"[{""name"":""Luminous Pearl (T6)"",""qty"":1,""gathering_profession"":""Arcane Extraction""},{""name"":""Primal Shard (T6)"",""qty"":1,""gathering_profession"":""Mining""},{""name"":""Silvermint Sprig (T6)"",""qty"":1,""gathering_profession"":""Herbalism""}]"
487,Enchanting,,6,Legendary,Rod of Resurrection,Rod,focus_wand,Crafted item (Legendary).,Crafting output for Enchanting.,1,160000,160000,80000,Astral Prism (T6),1,Arcane Extraction,Primal Shard (T6),1,Mining,Silvermint Sprig (T6),1,Herbalism,"[{""name"":""Astral Prism (T6)"",""qty"":1,""gathering_profession"":""Arcane Extraction""},{""name"":""Primal Shard (T6)"",""qty"":1,""gathering_profession"":""Mining""},{""name"":""Silvermint Sprig (T6)"",""qty"":1,""gathering_profession"":""Herbalism""}]"
488,Enchanting,,6,Legendary,1 Artifact,Wondrous Item,enchant_misc,Crafted item (Legendary).,Crafting output for Enchanting.,1,160000,160000,80000,Mana Thread (T6),1,Arcane Extraction,Forge Flux (T6),1,Mining,Bitterthorn Berry (T6),1,Herbalism,"[{""name"":""Mana Thread (T6)"",""qty"":1,""gathering_profession"":""Arcane Extraction""},{""name"":""Forge Flux (T6)"",""qty"":1,""gathering_profession"":""Mining""},{""name"":""Bitterthorn Berry (T6)"",""qty"":1,""gathering_profession"":""Herbalism""}]"
489,Enchanting,,6,Legendary,1 Permanent Legendary item,Wondrous Item,enchant_misc,Crafted item (Legendary).,Crafting output for Enchanting.,1,160000,160000,80000,Rift Glass (T6),1,Arcane Extraction,Forge Flux (T6),1,Mining,Bitterthorn Berry (T6),1,Herbalism,"[{""name"":""Rift Glass (T6)"",""qty"":1,""gathering_profession"":""Arcane Extraction""},{""name"":""Forge Flux (T6)"",""qty"":1,""gathering_profession"":""Mining""},{""name"":""Bitterthorn Berry (T6)"",""qty"":1,""gathering_profession"":""Herbalism""}]"
490,Enchanting,,6,Legendary,Apparatus of Kwalish,Wondrous Item,enchant_misc,Crafted item (Legendary).,Crafting output for Enchanting.,1,160000,160000,80000,Spell Soot (T6),1,Arcane Extraction,Forge Flux (T6),1,Mining,Bitterthorn Berry (T6),1,Herbalism,"[{""name"":""Spell Soot (T6)"",""qty"":1,""gathering_profession"":""Arcane Extraction""},{""name"":""Forge Flux (T6)"",""qty"":1,""gathering_profession"":""Mining""},{""name"":""Bitterthorn Berry (T6)"",""qty"":1,""gathering_profession"":""Herbalism""}]"
491,Enchanting,,6,Legendary,Blood Fury Tattoo,Wondrous Item,enchant_misc,Crafted item (Legendary).,Crafting output for Enchanting.,1,160000,160000,80000,Astral Prism (T6),1,Arcane Extraction,Forge Flux (T6),1,Mining,Bitterthorn Berry (T6),1,Herbalism,"[{""name"":""Astral Prism (T6)"",""qty"":1,""gathering_profession"":""Arcane Extraction""},{""name"":""Forge Flux (T6)"",""qty"":1,""gathering_profession"":""Mining""},{""name"":""Bitterthorn Berry (T6)"",""qty"":1,""gathering_profession"":""Herbalism""}]"
492,Enchanting,,6,Legendary,Crystal Ball of Mind Reading,Wondrous Item,focus_gem,Crafted item (Legendary).,Crafting output for Enchanting.,1,160000,160000,80000,Void Essence (T6),1,Arcane Extraction,Primal Shard (T6),1,Mining,Silvermint Sprig (T6),1,Herbalism,"[{""name"":""Void Essence (T6)"",""qty"":1,""gathering_profession"":""Arcane Extraction""},{""name"":""Primal Shard (T6)"",""qty"":1,""gathering_profession"":""Mining""},{""name"":""Silvermint Sprig (T6)"",""qty"":1,""gathering_profession"":""Herbalism""}]"
493,Enchanting,,6,Legendary,Crystal Ball of Telepathy,Wondrous Item,focus_gem,Crafted item (Legendary).,Crafting output for Enchanting.,1,160000,160000,80000,Astral Prism (T6),1,Arcane Extraction,Primal Shard (T6),1,Mining,Silvermint Sprig (T6),1,Herbalism,"[{""name"":""Astral Prism (T6)"",""qty"":1,""gathering_profession"":""Arcane Extraction""},{""name"":""Primal Shard (T6)"",""qty"":1,""gathering_profession"":""Mining""},{""name"":""Silvermint Sprig (T6)"",""qty"":1,""gathering_profession"":""Herbalism""}]"
494,Enchanting,,6,Legendary,Crystal Ball of True Seeing,Wondrous Item,focus_gem,Crafted item (Legendary).,Crafting output for Enchanting.,1,160000,160000,80000,Aether Sand (T6),1,Arcane Extraction,Primal Shard (T6),1,Mining,Silvermint Sprig (T6),1,Herbalism,"[{""name"":""Aether Sand (T6)"",""qty"":1,""gathering_profession"":""Arcane Extraction""},{""name"":""Primal Shard (T6)"",""qty"":1,""gathering_profession"":""Mining""},{""name"":""Silvermint Sprig (T6)"",""qty"":1,""gathering_profession"":""Herbalism""}]"
495,Enchanting,,6,Legendary,Crystal ball (legendary),Wondrous Item,focus_gem,Crafted item (Legendary).,Crafting output for Enchanting.,1,160000,160000,80000,Mana Thread (T6),1,Arcane Extraction,Primal Shard (T6),1,Mining,Silvermint Sprig (T6),1,Herbalism,"[{""name"":""Mana Thread (T6)"",""qty"":1,""gathering_profession"":""Arcane Extraction""},{""name"":""Primal Shard (T6)"",""qty"":1,""gathering_profession"":""Mining""},{""name"":""Silvermint Sprig (T6)"",""qty"":1,""gathering_profession"":""Herbalism""}]"
496,Enchanting,,6,Legendary,Cubic Gate,Wondrous Item,enchant_misc,Crafted item (Legendary).,Crafting output for Enchanting.,1,160000,160000,80000,Aether Sand (T6),1,Arcane Extraction,Forge Flux (T6),1,Mining,Bitterthorn Berry (T6),1,Herbalism,"[{""name"":""Aether Sand (T6)"",""qty"":1,""gathering_profession"":""Arcane Extraction""},{""name"":""Forge Flux (T6)"",""qty"":1,""gathering_profession"":""Mining""},{""name"":""Bitterthorn Berry (T6)"",""qty"":1,""gathering_profession"":""Herbalism""}]"
497,Enchanting,,6,Legendary,Deck of many things,Wondrous Item,enchant_misc,Crafted item (Legendary).,Crafting output for Enchanting.,1,160000,160000,80000,Luminous Pearl (T6),1,Arcane Extraction,Forge Flux (T6),1,Mining,Bitterthorn Berry (T6),1,Herbalism,"[{""name"":""Luminous Pearl (T6)"",""qty"":1,""gathering_profession"":""Arcane Extraction""},{""name"":""Forge Flux (T6)"",""qty"":1,""gathering_profession"":""Mining""},{""name"":""Bitterthorn Berry (T6)"",""qty"":1,""gathering_profession"":""Herbalism""}]"
498,Enchanting,,6,Legendary,Defender,Wondrous Item,enchant_misc,Crafted item (Legendary).,Crafting output for Enchanting.,1,160000,160000,80000,Void Essence (T6),1,Arcane Extraction,Forge Flux (T6),1,Mining,Bitterthorn Berry (T6),1,Herbalism,"[{""name"":""Void Essence (T6)"",""qty"":1,""gathering_profession"":""Arcane Extraction""},{""name"":""Forge Flux (T6)"",""qty"":1,""gathering_profession"":""Mining""},{""name"":""Bitterthorn Berry (T6)"",""qty"":1,""gathering_profession"":""Herbalism""}]"
499,Enchanting,,6,Legendary,Efreeti Chain,Wondrous Item,enchant_misc,Crafted item (Legendary).,Crafting output for Enchanting.,1,160000,160000,80000,Void Essence (T6),1,Arcane Extraction,Forge Flux (T6),1,Mining,Silvermint Sprig (T6),1,Herbalism,"[{""name"":""Void Essence (T6)"",""qty"":1,""gathering_profession"":""Arcane Extraction""},{""name"":""Forge Flux (T6)"",""qty"":1,""gathering_profession"":""Mining""},{""name"":""Silvermint Sprig (T6)"",""qty"":1,""gathering_profession"":""Herbalism""}]"
500,Enchanting,,6,Legendary,Holy Avenger,Wondrous Item,enchant_misc,Crafted item (Legendary).,Crafting output for Enchanting.,1,160000,160000,80000,Void Essence (T6),1,Arcane Extraction,Starcut Gem (T6),1,Mining,Silvermint Sprig (T6),1,Herbalism,"[{""name"":""Void Essence (T6)"",""qty"":1,""gathering_profession"":""Arcane Extraction""},{""name"":""Starcut Gem (T6)"",""qty"":1,""gathering_profession"":""Mining""},{""name"":""Silvermint Sprig (T6)"",""qty"":1,""gathering_profession"":""Herbalism""}]"
501,Enchanting,,6,Legendary,Horn of Valhalla (Iron),Wondrous Item,enchant_misc,Crafted item (Legendary).,Crafting output for Enchanting.,1,160000,160000,80000,Void Essence (T6),1,Arcane Extraction,Primal Shard (T6),1,Mining,Silvermint Sprig (T6),1,Herbalism,"[{""name"":""Void Essence (T6)"",""qty"":1,""gathering_profession"":""Arcane Extraction""},{""name"":""Primal Shard (T6)"",""qty"":1,""gathering_profession"":""Mining""},{""name"":""Silvermint Sprig (T6)"",""qty"":1,""gathering_profession"":""Herbalism""}]"
502,Enchanting,,6,Legendary,Horn of Valhalla (iron),Wondrous Item,enchant_misc,Crafted item (Legendary).,Crafting output for Enchanting.,1,160000,160000,80000,Void Essence (T6),1,Arcane Extraction,Forge Flux (T6),1,Mining,Phoenixheart Seed (T6),1,Herbalism,"[{""name"":""Void Essence (T6)"",""qty"":1,""gathering_profession"":""Arcane Extraction""},{""name"":""Forge Flux (T6)"",""qty"":1,""gathering_profession"":""Mining""},{""name"":""Phoenixheart Seed (T6)"",""qty"":1,""gathering_profession"":""Herbalism""}]"
503,Enchanting,,6,Legendary,Ioun Stone (Greater Absorption),Wondrous Item,enchant_misc,Crafted item (Legendary).,Crafting output for Enchanting.,1,160000,160000,80000,Void Essence (T6),1,Arcane Extraction,Deepvein Ore (T6),1,Mining,Silvermint Sprig (T6),1,Herbalism,"[{""name"":""Void Essence (T6)"",""qty"":1,""gathering_profession"":""Arcane Extraction""},{""name"":""Deepvein Ore (T6)"",""qty"":1,""gathering_profession"":""Mining""},{""name"":""Silvermint Sprig (T6)"",""qty"":1,""gathering_profession"":""Herbalism""}]"
504,Enchanting,,6,Legendary,Ioun Stone (Mastery),Wondrous Item,enchant_misc,Crafted item (Legendary).,Crafting output for Enchanting.,1,160000,160000,80000,Void Essence (T6),1,Arcane Extraction,Forge Flux (T6),1,Mining,Sunpetal Bloom (T6),1,Herbalism,"[{""name"":""Void Essence (T6)"",""qty"":1,""gathering_profession"":""Arcane Extraction""},{""name"":""Forge Flux (T6)"",""qty"":1,""gathering_profession"":""Mining""},{""name"":""Sunpetal Bloom (T6)"",""qty"":1,""gathering_profession"":""Herbalism""}]"
505,Enchanting,,6,Legendary,Ioun Stone (Regeneration),Wondrous Item,enchant_misc,Crafted item (Legendary).,Crafting output for Enchanting.,1,160000,160000,80000,Void Essence (T6),1,Arcane Extraction,Primal Shard (T6),1,Mining,Bitterthorn Berry (T6),1,Herbalism,"[{""name"":""Void Essence (T6)"",""qty"":1,""gathering_profession"":""Arcane Extraction""},{""name"":""Primal Shard (T6)"",""qty"":1,""gathering_profession"":""Mining""},{""name"":""Bitterthorn Berry (T6)"",""qty"":1,""gathering_profession"":""Herbalism""}]"
506,Enchanting,,6,Legendary,Ioun stone (greater absorption),Wondrous Item,enchant_misc,Crafted item (Legendary).,Crafting output for Enchanting.,1,160000,160000,80000,Void Essence (T6),1,Arcane Extraction,Primal Shard (T6),1,Mining,Moonshade Orchid (T6),1,Herbalism,"[{""name"":""Void Essence (T6)"",""qty"":1,""gathering_profession"":""Arcane Extraction""},{""name"":""Primal Shard (T6)"",""qty"":1,""gathering_profession"":""Mining""},{""name"":""Moonshade Orchid (T6)"",""qty"":1,""gathering_profession"":""Herbalism""}]"
507,Enchanting,,6,Legendary,Ioun stone (mastery),Wondrous Item,enchant_misc,Crafted item (Legendary).,Crafting output for Enchanting.,1,160000,160000,80000,Void Essence (T6),1,Arcane Extraction,Primal Shard (T6),1,Mining,Rootcap Mushroom (T6),1,Herbalism,"[{""name"":""Void Essence (T6)"",""qty"":1,""gathering_profession"":""Arcane Extraction""},{""name"":""Primal Shard (T6)"",""qty"":1,""gathering_profession"":""Mining""},{""name"":""Rootcap Mushroom (T6)"",""qty"":1,""gathering_profession"":""Herbalism""}]"
508,Enchanting,,6,Legendary,Ioun stone (regeneration),Wondrous Item,enchant_misc,Crafted item (Legendary).,Crafting output for Enchanting.,1,160000,160000,80000,Void Essence (T6),1,Arcane Extraction,Forge Flux (T6),1,Mining,Duskleaf Frond (T6),1,Herbalism,"[{""name"":""Void Essence (T6)"",""qty"":1,""gathering_profession"":""Arcane Extraction""},{""name"":""Forge Flux (T6)"",""qty"":1,""gathering_profession"":""Mining""},{""name"":""Duskleaf Frond (T6)"",""qty"":1,""gathering_profession"":""Herbalism""}]"
509,Enchanting,,6,Legendary,Iron Flask,Wondrous Item,enchant_misc,Crafted item (Legendary).,Crafting output for Enchanting.,1,160000,160000,80000,Void Essence (T6),1,Arcane Extraction,Deepvein Ore (T6),1,Mining,Duskleaf Frond (T6),1,Herbalism,"[{""name"":""Void Essence (T6)"",""qty"":1,""gathering_profession"":""Arcane Extraction""},{""name"":""Deepvein Ore (T6)"",""qty"":1,""gathering_profession"":""Mining""},{""name"":""Duskleaf Frond (T6)"",""qty"":1,""gathering_profession"":""Herbalism""}]"
510,Enchanting,,6,Legendary,Ring of air elemental command,Wondrous Item,jewelry_ring,Crafted item (Legendary).,Crafting output for Enchanting.,1,160000,160000,80000,Rift Glass (T6),1,Arcane Extraction,Emberstone Chunk (T6),1,Mining,Duskleaf Frond (T6),1,Herbalism,"[{""name"":""Rift Glass (T6)"",""qty"":1,""gathering_profession"":""Arcane Extraction""},{""name"":""Emberstone Chunk (T6)"",""qty"":1,""gathering_profession"":""Mining""},{""name"":""Duskleaf Frond (T6)"",""qty"":1,""gathering_profession"":""Herbalism""}]"
511,Enchanting,,6,Legendary,Ring of djinni summoning,Wondrous Item,jewelry_ring,Crafted item (Legendary).,Crafting output for Enchanting.,1,160000,160000,80000,Rift Glass (T6),1,Arcane Extraction,Forge Flux (T6),1,Mining,Duskleaf Frond (T6),1,Herbalism,"[{""name"":""Rift Glass (T6)"",""qty"":1,""gathering_profession"":""Arcane Extraction""},{""name"":""Forge Flux (T6)"",""qty"":1,""gathering_profession"":""Mining""},{""name"":""Duskleaf Frond (T6)"",""qty"":1,""gathering_profession"":""Herbalism""}]"
512,Enchanting,,6,Legendary,Ring of earth elemental command,Wondrous Item,jewelry_ring,Crafted item (Legendary).,Crafting output for Enchanting.,1,160000,160000,80000,Rift Glass (T6),1,Arcane Extraction,Emberstone Chunk (T6),1,Mining,Bitterthorn Berry (T6),1,Herbalism,"[{""name"":""Rift Glass (T6)"",""qty"":1,""gathering_profession"":""Arcane Extraction""},{""name"":""Emberstone Chunk (T6)"",""qty"":1,""gathering_profession"":""Mining""},{""name"":""Bitterthorn Berry (T6)"",""qty"":1,""gathering_profession"":""Herbalism""}]"
513,Enchanting,,6,Legendary,Ring of fire elemental command,Wondrous Item,jewelry_ring,Crafted item (Legendary).,Crafting output for Enchanting.,1,160000,160000,80000,Rift Glass (T6),1,Arcane Extraction,Starcut Gem (T6),1,Mining,Duskleaf Frond (T6),1,Herbalism,"[{""name"":""Rift Glass (T6)"",""qty"":1,""gathering_profession"":""Arcane Extraction""},{""name"":""Starcut Gem (T6)"",""qty"":1,""gathering_profession"":""Mining""},{""name"":""Duskleaf Frond (T6)"",""qty"":1,""gathering_profession"":""Herbalism""}]"
514,Enchanting,,6,Legendary,Ring of invisibility,Wondrous Item,jewelry_ring,Crafted item (Legendary).,Crafting output for Enchanting.,1,160000,160000,80000,Rift Glass (T6),1,Arcane Extraction,Emberstone Chunk (T6),1,Mining,Silvermint Sprig (T6),1,Herbalism,"[{""name"":""Rift Glass (T6)"",""qty"":1,""gathering_profession"":""Arcane Extraction""},{""name"":""Emberstone Chunk (T6)"",""qty"":1,""gathering_profession"":""Mining""},{""name"":""Silvermint Sprig (T6)"",""qty"":1,""gathering_profession"":""Herbalism""}]"
515,Enchanting,,6,Legendary,Ring of spell turning,Wondrous Item,jewelry_ring,Crafted item (Legendary).,Crafting output for Enchanting.,1,160000,160000,80000,Rift Glass (T6),1,Arcane Extraction,Emberstone Chunk (T6),1,Mining,Phoenixheart Seed (T6),1,Herbalism,"[{""name"":""Rift Glass (T6)"",""qty"":1,""gathering_profession"":""Arcane Extraction""},{""name"":""Emberstone Chunk (T6)"",""qty"":1,""gathering_profession"":""Mining""},{""name"":""Phoenixheart Seed (T6)"",""qty"":1,""gathering_profession"":""Herbalism""}]"
516,Enchanting,,6,Legendary,Ring of three wishes,Wondrous Item,jewelry_ring,Crafted item (Legendary).,Crafting output for Enchanting.,1,160000,160000,80000,Rift Glass (T6),1,Arcane Extraction,Frostsalt Crystal (T6),1,Mining,Duskleaf Frond (T6),1,Herbalism,"[{""name"":""Rift Glass (T6)"",""qty"":1,""gathering_profession"":""Arcane Extraction""},{""name"":""Frostsalt Crystal (T6)"",""qty"":1,""gathering_profession"":""Mining""},{""name"":""Duskleaf Frond (T6)"",""qty"":1,""gathering_profession"":""Herbalism""}]"
517,Enchanting,,6,Legendary,Ring of water elemental command,Wondrous Item,jewelry_ring,Crafted item (Legendary).,Crafting output for Enchanting.,1,160000,160000,80000,Rift Glass (T6),1,Arcane Extraction,Starcut Gem (T6),1,Mining,Moonshade Orchid (T6),1,Herbalism,"[{""name"":""Rift Glass (T6)"",""qty"":1,""gathering_profession"":""Arcane Extraction""},{""name"":""Starcut Gem (T6)"",""qty"":1,""gathering_profession"":""Mining""},{""name"":""Moonshade Orchid (T6)"",""qty"":1,""gathering_profession"":""Herbalism""}]"
518,Enchanting,,6,Legendary,Robe of the archmagi,Wondrous Item,enchant_misc,Crafted item (Legendary).,Crafting output for Enchanting.,1,160000,160000,80000,Void Essence (T6),1,Arcane Extraction,Mythic Alloy (T6),1,Mining,Sunpetal Bloom (T6),1,Herbalism,"[{""name"":""Void Essence (T6)"",""qty"":1,""gathering_profession"":""Arcane Extraction""},{""name"":""Mythic Alloy (T6)"",""qty"":1,""gathering_profession"":""Mining""},{""name"":""Sunpetal Bloom (T6)"",""qty"":1,""gathering_profession"":""Herbalism""}]"
519,Enchanting,,6,Legendary,Scarab of Protection,Wondrous Item,enchant_misc,Crafted item (Legendary).,Crafting output for Enchanting.,1,160000,160000,80000,Void Essence (T6),1,Arcane Extraction,Forge Flux (T6),1,Mining,Rootcap Mushroom (T6),1,Herbalism,"[{""name"":""Void Essence (T6)"",""qty"":1,""gathering_profession"":""Arcane Extraction""},{""name"":""Forge Flux (T6)"",""qty"":1,""gathering_profession"":""Mining""},{""name"":""Rootcap Mushroom (T6)"",""qty"":1,""gathering_profession"":""Herbalism""}]"
520,Enchanting,,6,Legendary,Scroll of Titan Summoning,Wondrous Item,enchant_misc,Crafted item (Legendary).,Crafting output for Enchanting.,1,160000,160000,80000,Void Essence (T6),1,Arcane Extraction,Primal Shard (T6),1,Mining,Sunpetal Bloom (T6),1,Herbalism,"[{""name"":""Void Essence (T6)"",""qty"":1,""gathering_profession"":""Arcane Extraction""},{""name"":""Primal Shard (T6)"",""qty"":1,""gathering_profession"":""Mining""},{""name"":""Sunpetal Bloom (T6)"",""qty"":1,""gathering_profession"":""Herbalism""}]"
521,Enchanting,,6,Legendary,Sovereign Glue,Wondrous Item,enchant_misc,Crafted item (Legendary).,Crafting output for Enchanting.,1,160000,160000,80000,Void Essence (T6),1,Arcane Extraction,Primal Shard (T6),1,Mining,Phoenixheart Seed (T6),1,Herbalism,"[{""name"":""Void Essence (T6)"",""qty"":1,""gathering_profession"":""Arcane Extraction""},{""name"":""Primal Shard (T6)"",""qty"":1,""gathering_profession"":""Mining""},{""name"":""Phoenixheart Seed (T6)"",""qty"":1,""gathering_profession"":""Herbalism""}]"
522,Enchanting,,6,Legendary,Sphere of Annihilation,Wondrous Item,enchant_misc,Crafted item (Legendary).,Crafting output for Enchanting.,1,160000,160000,80000,Void Essence (T6),1,Arcane Extraction,Frostsalt Crystal (T6),1,Mining,Rootcap Mushroom (T6),1,Herbalism,"[{""name"":""Void Essence (T6)"",""qty"":1,""gathering_profession"":""Arcane Extraction""},{""name"":""Frostsalt Crystal (T6)"",""qty"":1,""gathering_profession"":""Mining""},{""name"":""Rootcap Mushroom (T6)"",""qty"":1,""gathering_profession"":""Herbalism""}]"
523,Enchanting,,6,Legendary,Talisman of Pure Good,Wondrous Item,enchant_misc,Crafted item (Legendary).,Crafting output for Enchanting.,1,160000,160000,80000,Void Essence (T6),1,Arcane Extraction,Emberstone Chunk (T6),1,Mining,Duskleaf Frond (T6),1,Herbalism,"[{""name"":""Void Essence (T6)"",""qty"":1,""gathering_profession"":""Arcane Extraction""},{""name"":""Emberstone Chunk (T6)"",""qty"":1,""gathering_profession"":""Mining""},{""name"":""Duskleaf Frond (T6)"",""qty"":1,""gathering_profession"":""Herbalism""}]"
524,Enchanting,,6,Legendary,Talisman of Ultimate Evil,Wondrous Item,enchant_misc,Crafted item (Legendary).,Crafting output for Enchanting.,1,160000,160000,80000,Void Essence (T6),1,Arcane Extraction,Forge Flux (T6),1,Mining,Moonshade Orchid (T6),1,Herbalism,"[{""name"":""Void Essence (T6)"",""qty"":1,""gathering_profession"":""Arcane Extraction""},{""name"":""Forge Flux (T6)"",""qty"":1,""gathering_profession"":""Mining""},{""name"":""Moonshade Orchid (T6)"",""qty"":1,""gathering_profession"":""Herbalism""}]"
525,Enchanting,,6,Legendary,Talisman of the Sphere,Wondrous Item,enchant_misc,Crafted item (Legendary).,Crafting output for Enchanting.,1,160000,160000,80000,Void Essence (T6),1,Arcane Extraction,Emberstone Chunk (T6),1,Mining,Sunpetal Bloom (T6),1,Herbalism,"[{""name"":""Void Essence (T6)"",""qty"":1,""gathering_profession"":""Arcane Extraction""},{""name"":""Emberstone Chunk (T6)"",""qty"":1,""gathering_profession"":""Mining""},{""name"":""Sunpetal Bloom (T6)"",""qty"":1,""gathering_profession"":""Herbalism""}]"
526,Enchanting,,6,Legendary,Universal Solvent,Wondrous Item,enchant_misc,Crafted item (Legendary).,Crafting output for Enchanting.,1,160000,160000,80000,Void Essence (T6),1,Arcane Extraction,Mythic Alloy (T6),1,Mining,Silvermint Sprig (T6),1,Herbalism,"[{""name"":""Void Essence (T6)"",""qty"":1,""gathering_profession"":""Arcane Extraction""},{""name"":""Mythic Alloy (T6)"",""qty"":1,""gathering_profession"":""Mining""},{""name"":""Silvermint Sprig (T6)"",""qty"":1,""gathering_profession"":""Herbalism""}]"
527,Enchanting,,6,Legendary,Well of Many Worlds,Wondrous Item,enchant_misc,Crafted item (Legendary).,Crafting output for Enchanting.,1,160000,160000,80000,Void Essence (T6),1,Arcane Extraction,Primal Shard (T6),1,Mining,Duskleaf Frond (T6),1,Herbalism,"[{""name"":""Void Essence (T6)"",""qty"":1,""gathering_profession"":""Arcane Extraction""},{""name"":""Primal Shard (T6)"",""qty"":1,""gathering_profession"":""Mining""},{""name"":""Duskleaf Frond (T6)"",""qty"":1,""gathering_profession"":""Herbalism""}]"
528,Enchanting,,7,Artifact,Wand of Orcus,Wand,focus_wand,Crafted item (Artifact).,Crafting output for Enchanting.,1,2000000,2000000,1000000,Aether Sand (T7),1,Arcane Extraction,Primal Shard (T7),1,Mining,Silvermint Sprig (T7),1,Herbalism,"[{""name"":""Aether Sand (T7)"",""qty"":1,""gathering_profession"":""Arcane Extraction""},{""name"":""Primal Shard (T7)"",""qty"":1,""gathering_profession"":""Mining""},{""name"":""Silvermint Sprig (T7)"",""qty"":1,""gathering_profession"":""Herbalism""}]"
529,Enchanting,,7,Artifact,Baba Yaga’s Mortar and Pestle,Wondrous Item,enchant_misc,Crafted item (Artifact).,Crafting output for Enchanting.,1,2000000,2000000,1000000,Void Essence (T7),1,Arcane Extraction,Mythic Alloy (T7),1,Mining,Moonshade Orchid (T7),1,Herbalism,"[{""name"":""Void Essence (T7)"",""qty"":1,""gathering_profession"":""Arcane Extraction""},{""name"":""Mythic Alloy (T7)"",""qty"":1,""gathering_profession"":""Mining""},{""name"":""Moonshade Orchid (T7)"",""qty"":1,""gathering_profession"":""Herbalism""}]"
530,Enchanting,,7,Artifact,Blackrazor,Wondrous Item,enchant_misc,Crafted item (Artifact).,Crafting output for Enchanting.,1,2000000,2000000,1000000,Rift Glass (T7),1,Arcane Extraction,Mythic Alloy (T7),1,Mining,Moonshade Orchid (T7),1,Herbalism,"[{""name"":""Rift Glass (T7)"",""qty"":1,""gathering_profession"":""Arcane Extraction""},{""name"":""Mythic Alloy (T7)"",""qty"":1,""gathering_profession"":""Mining""},{""name"":""Moonshade Orchid (T7)"",""qty"":1,""gathering_profession"":""Herbalism""}]"
531,Enchanting,,7,Artifact,Chain Shirt,Wondrous Item,enchant_misc,Crafted item (Artifact).,Crafting output for Enchanting.,1,2000000,2000000,1000000,Astral Prism (T7),1,Arcane Extraction,Mythic Alloy (T7),1,Mining,Moonshade Orchid (T7),1,Herbalism,"[{""name"":""Astral Prism (T7)"",""qty"":1,""gathering_profession"":""Arcane Extraction""},{""name"":""Mythic Alloy (T7)"",""qty"":1,""gathering_profession"":""Mining""},{""name"":""Moonshade Orchid (T7)"",""qty"":1,""gathering_profession"":""Herbalism""}]"
532,Enchanting,,7,Artifact,Crook of Rao,Wondrous Item,enchant_misc,Crafted item (Artifact).,Crafting output for Enchanting.,1,2000000,2000000,1000000,Mana Thread (T7),1,Arcane Extraction,Mythic Alloy (T7),1,Mining,Moonshade Orchid (T7),1,Herbalism,"[{""name"":""Mana Thread (T7)"",""qty"":1,""gathering_profession"":""Arcane Extraction""},{""name"":""Mythic Alloy (T7)"",""qty"":1,""gathering_profession"":""Mining""},{""name"":""Moonshade Orchid (T7)"",""qty"":1,""gathering_profession"":""Herbalism""}]"
533,Enchanting,,7,Artifact,Demonomicon of Iggwilv,Wondrous Item,enchant_misc,Crafted item (Artifact).,Crafting output for Enchanting.,1,2000000,2000000,1000000,Aether Sand (T7),1,Arcane Extraction,Mythic Alloy (T7),1,Mining,Moonshade Orchid (T7),1,Herbalism,"[{""name"":""Aether Sand (T7)"",""qty"":1,""gathering_profession"":""Arcane Extraction""},{""name"":""Mythic Alloy (T7)"",""qty"":1,""gathering_profession"":""Mining""},{""name"":""Moonshade Orchid (T7)"",""qty"":1,""gathering_profession"":""Herbalism""}]"
534,Enchanting,,7,Artifact,Eye of Vecna,Wondrous Item,enchant_misc,Crafted item (Artifact).,Crafting output for Enchanting.,1,2000000,2000000,1000000,Spell Soot (T7),1,Arcane Extraction,Mythic Alloy (T7),1,Mining,Moonshade Orchid (T7),1,Herbalism,"[{""name"":""Spell Soot (T7)"",""qty"":1,""gathering_profession"":""Arcane Extraction""},{""name"":""Mythic Alloy (T7)"",""qty"":1,""gathering_profession"":""Mining""},{""name"":""Moonshade Orchid (T7)"",""qty"":1,""gathering_profession"":""Herbalism""}]"
535,Enchanting,,7,Artifact,Flail,Wondrous Item,enchant_weapon,Crafted item (Artifact).,Crafting output for Enchanting.,1,2000000,2000000,1000000,Spell Soot (T7),1,Arcane Extraction,Emberstone Chunk (T7),1,Mining,Sunpetal Bloom (T7),1,Herbalism,"[{""name"":""Spell Soot (T7)"",""qty"":1,""gathering_profession"":""Arcane Extraction""},{""name"":""Emberstone Chunk (T7)"",""qty"":1,""gathering_profession"":""Mining""},{""name"":""Sunpetal Bloom (T7)"",""qty"":1,""gathering_profession"":""Herbalism""}]"
536,Enchanting,,7,Artifact,Glaive,Wondrous Item,enchant_weapon,Crafted item (Artifact).,Crafting output for Enchanting.,1,2000000,2000000,1000000,Luminous Pearl (T7),1,Arcane Extraction,Emberstone Chunk (T7),1,Mining,Sunpetal Bloom (T7),1,Herbalism,"[{""name"":""Luminous Pearl (T7)"",""qty"":1,""gathering_profession"":""Arcane Extraction""},{""name"":""Emberstone Chunk (T7)"",""qty"":1,""gathering_profession"":""Mining""},{""name"":""Sunpetal Bloom (T7)"",""qty"":1,""gathering_profession"":""Herbalism""}]"
537,Enchanting,,7,Artifact,Halberd,Wondrous Item,enchant_weapon,Crafted item (Artifact).,Crafting output for Enchanting.,1,2000000,2000000,1000000,Mana Thread (T7),1,Arcane Extraction,Emberstone Chunk (T7),1,Mining,Sunpetal Bloom (T7),1,Herbalism,"[{""name"":""Mana Thread (T7)"",""qty"":1,""gathering_profession"":""Arcane Extraction""},{""name"":""Emberstone Chunk (T7)"",""qty"":1,""gathering_profession"":""Mining""},{""name"":""Sunpetal Bloom (T7)"",""qty"":1,""gathering_profession"":""Herbalism""}]"
538,Enchanting,,7,Artifact,Hand of Vecna,Wondrous Item,enchant_misc,Crafted item (Artifact).,Crafting output for Enchanting.,1,2000000,2000000,1000000,Luminous Pearl (T7),1,Arcane Extraction,Mythic Alloy (T7),1,Mining,Moonshade Orchid (T7),1,Herbalism,"[{""name"":""Luminous Pearl (T7)"",""qty"":1,""gathering_profession"":""Arcane Extraction""},{""name"":""Mythic Alloy (T7)"",""qty"":1,""gathering_profession"":""Mining""},{""name"":""Moonshade Orchid (T7)"",""qty"":1,""gathering_profession"":""Herbalism""}]"
539,Enchanting,,7,Artifact,Lance,Wondrous Item,enchant_misc,Crafted item (Artifact).,Crafting output for Enchanting.,1,2000000,2000000,1000000,Aether Sand (T7),1,Arcane Extraction,Mythic Alloy (T7),1,Mining,Duskleaf Frond (T7),1,Herbalism,"[{""name"":""Aether Sand (T7)"",""qty"":1,""gathering_profession"":""Arcane Extraction""},{""name"":""Mythic Alloy (T7)"",""qty"":1,""gathering_profession"":""Mining""},{""name"":""Duskleaf Frond (T7)"",""qty"":1,""gathering_profession"":""Herbalism""}]"
540,Enchanting,,7,Artifact,Luba’s Tarokka of Souls,Wondrous Item,enchant_misc,Crafted item (Artifact).,Crafting output for Enchanting.,1,2000000,2000000,1000000,Aether Sand (T7),1,Arcane Extraction,Mythic Alloy (T7),1,Mining,Rootcap Mushroom (T7),1,Herbalism,"[{""name"":""Aether Sand (T7)"",""qty"":1,""gathering_profession"":""Arcane Extraction""},{""name"":""Mythic Alloy (T7)"",""qty"":1,""gathering_profession"":""Mining""},{""name"":""Rootcap Mushroom (T7)"",""qty"":1,""gathering_profession"":""Herbalism""}]"
541,Enchanting,,7,Artifact,Maul,Wondrous Item,enchant_misc,Crafted item (Artifact).,Crafting output for Enchanting.,1,2000000,2000000,1000000,Aether Sand (T7),1,Arcane Extraction,Mythic Alloy (T7),1,Mining,Silvermint Sprig (T7),1,Herbalism,"[{""name"":""Aether Sand (T7)"",""qty"":1,""gathering_profession"":""Arcane Extraction""},{""name"":""Mythic Alloy (T7)"",""qty"":1,""gathering_profession"":""Mining""},{""name"":""Silvermint Sprig (T7)"",""qty"":1,""gathering_profession"":""Herbalism""}]"
542,Enchanting,,7,Artifact,Mighty Servant of Leuk-o,Wondrous Item,enchant_misc,Crafted item (Artifact).,Crafting output for Enchanting.,1,2000000,2000000,1000000,Aether Sand (T7),1,Arcane Extraction,Mythic Alloy (T7),1,Mining,Bitterthorn Berry (T7),1,Herbalism,"[{""name"":""Aether Sand (T7)"",""qty"":1,""gathering_profession"":""Arcane Extraction""},{""name"":""Mythic Alloy (T7)"",""qty"":1,""gathering_profession"":""Mining""},{""name"":""Bitterthorn Berry (T7)"",""qty"":1,""gathering_profession"":""Herbalism""}]"
543,Enchanting,,7,Artifact,Morningstar,Wondrous Item,enchant_misc,Crafted item (Artifact).,Crafting output for Enchanting.,1,2000000,2000000,1000000,Aether Sand (T7),1,Arcane Extraction,Deepvein Ore (T7),1,Mining,Silvermint Sprig (T7),1,Herbalism,"[{""name"":""Aether Sand (T7)"",""qty"":1,""gathering_profession"":""Arcane Extraction""},{""name"":""Deepvein Ore (T7)"",""qty"":1,""gathering_profession"":""Mining""},{""name"":""Silvermint Sprig (T7)"",""qty"":1,""gathering_profession"":""Herbalism""}]"
544,Enchanting,,7,Artifact,Musket,Wondrous Item,enchant_misc,Crafted item (Artifact).,Crafting output for Enchanting.,1,2000000,2000000,1000000,Aether Sand (T7),1,Arcane Extraction,Mythic Alloy (T7),1,Mining,Phoenixheart Seed (T7),1,Herbalism,"[{""name"":""Aether Sand (T7)"",""qty"":1,""gathering_profession"":""Arcane Extraction""},{""name"":""Mythic Alloy (T7)"",""qty"":1,""gathering_profession"":""Mining""},{""name"":""Phoenixheart Seed (T7)"",""qty"":1,""gathering_profession"":""Herbalism""}]"
545,Enchanting,,7,Artifact,Orb of Dragonkind,Wondrous Item,focus_gem,Crafted item (Artifact).,Crafting output for Enchanting.,1,2000000,2000000,1000000,Spell Soot (T7),1,Arcane Extraction,Mythic Alloy (T7),1,Mining,Moonshade Orchid (T7),1,Herbalism,"[{""name"":""Spell Soot (T7)"",""qty"":1,""gathering_profession"":""Arcane Extraction""},{""name"":""Mythic Alloy (T7)"",""qty"":1,""gathering_profession"":""Mining""},{""name"":""Moonshade Orchid (T7)"",""qty"":1,""gathering_profession"":""Herbalism""}]"
546,Enchanting,,7,Artifact,Pike,Wondrous Item,enchant_weapon,Crafted item (Artifact).,Crafting output for Enchanting.,1,2000000,2000000,1000000,Rift Glass (T7),1,Arcane Extraction,Emberstone Chunk (T7),1,Mining,Sunpetal Bloom (T7),1,Herbalism,"[{""name"":""Rift Glass (T7)"",""qty"":1,""gathering_profession"":""Arcane Extraction""},{""name"":""Emberstone Chunk (T7)"",""qty"":1,""gathering_profession"":""Mining""},{""name"":""Sunpetal Bloom (T7)"",""qty"":1,""gathering_profession"":""Herbalism""}]"
547,Enchanting,,7,Artifact,Pistol,Wondrous Item,enchant_misc,Crafted item (Artifact).,Crafting output for Enchanting.,1,2000000,2000000,1000000,Aether Sand (T7),1,Arcane Extraction,Deepvein Ore (T7),1,Mining,Bitterthorn Berry (T7),1,Herbalism,"[{""name"":""Aether Sand (T7)"",""qty"":1,""gathering_profession"":""Arcane Extraction""},{""name"":""Deepvein Ore (T7)"",""qty"":1,""gathering_profession"":""Mining""},{""name"":""Bitterthorn Berry (T7)"",""qty"":1,""gathering_profession"":""Herbalism""}]"
548,Enchanting,,7,Artifact,Rapier,Wondrous Item,enchant_weapon,Crafted item (Artifact).,Crafting output for Enchanting.,1,2000000,2000000,1000000,Void Essence (T7),1,Arcane Extraction,Emberstone Chunk (T7),1,Mining,Sunpetal Bloom (T7),1,Herbalism,"[{""name"":""Void Essence (T7)"",""qty"":1,""gathering_profession"":""Arcane Extraction""},{""name"":""Emberstone Chunk (T7)"",""qty"":1,""gathering_profession"":""Mining""},{""name"":""Sunpetal Bloom (T7)"",""qty"":1,""gathering_profession"":""Herbalism""}]"
549,Enchanting,,7,Artifact,Scimitar,Wondrous Item,enchant_weapon,Crafted item (Artifact).,Crafting output for Enchanting.,1,2000000,2000000,1000000,Astral Prism (T7),1,Arcane Extraction,Emberstone Chunk (T7),1,Mining,Sunpetal Bloom (T7),1,Herbalism,"[{""name"":""Astral Prism (T7)"",""qty"":1,""gathering_profession"":""Arcane Extraction""},{""name"":""Emberstone Chunk (T7)"",""qty"":1,""gathering_profession"":""Mining""},{""name"":""Sunpetal Bloom (T7)"",""qty"":1,""gathering_profession"":""Herbalism""}]"
550,Enchanting,,7,Artifact,Spear,Wondrous Item,enchant_weapon,Crafted item (Artifact).,Crafting output for Enchanting.,1,2000000,2000000,1000000,Aether Sand (T7),1,Arcane Extraction,Emberstone Chunk (T7),1,Mining,Sunpetal Bloom (T7),1,Herbalism,"[{""name"":""Aether Sand (T7)"",""qty"":1,""gathering_profession"":""Arcane Extraction""},{""name"":""Emberstone Chunk (T7)"",""qty"":1,""gathering_profession"":""Mining""},{""name"":""Sunpetal Bloom (T7)"",""qty"":1,""gathering_profession"":""Herbalism""}]"
551,Enchanting,,7,Artifact,Teeth of Dahlver-Nar,Wondrous Item,enchant_misc,Crafted item (Artifact).,Crafting output for Enchanting.,1,2000000,2000000,1000000,Aether Sand (T7),1,Arcane Extraction,Forge Flux (T7),1,Mining,Silvermint Sprig (T7),1,Herbalism,"[{""name"":""Aether Sand (T7)"",""qty"":1,""gathering_profession"":""Arcane Extraction""},{""name"":""Forge Flux (T7)"",""qty"":1,""gathering_profession"":""Mining""},{""name"":""Silvermint Sprig (T7)"",""qty"":1,""gathering_profession"":""Herbalism""}]"
552,Enchanting,,7,Artifact,War Pick,Wondrous Item,enchant_misc,Crafted item (Artifact).,Crafting output for Enchanting.,1,2000000,2000000,1000000,Aether Sand (T7),1,Arcane Extraction,Mythic Alloy (T7),1,Mining,Sunpetal Bloom (T7),1,Herbalism,"[{""name"":""Aether Sand (T7)"",""qty"":1,""gathering_profession"":""Arcane Extraction""},{""name"":""Mythic Alloy (T7)"",""qty"":1,""gathering_profession"":""Mining""},{""name"":""Sunpetal Bloom (T7)"",""qty"":1,""gathering_profession"":""Herbalism""}]"
553,Enchanting,,7,Artifact,Wave,Wondrous Item,enchant_misc,Crafted item (Artifact).,Crafting output for Enchanting.,1,2000000,2000000,1000000,Aether Sand (T7),1,Arcane Extraction,Frostsalt Crystal (T7),1,Mining,Sunpetal Bloom (T7),1,Herbalism,"[{""name"":""Aether Sand (T7)"",""qty"":1,""gathering_profession"":""Arcane Extraction""},{""name"":""Frostsalt Crystal (T7)"",""qty"":1,""gathering_profession"":""Mining""},{""name"":""Sunpetal Bloom (T7)"",""qty"":1,""gathering_profession"":""Herbalism""}]"
554,Enchanting,,7,Artifact,Whip,Wondrous Item,enchant_weapon,Crafted item (Artifact).,Crafting output for Enchanting.,1,2000000,2000000,1000000,Rift Glass (T7),1,Arcane Extraction,Emberstone Chunk (T7),1,Mining,Moonshade Orchid (T7),1,Herbalism,"[{""name"":""Rift Glass (T7)"",""qty"":1,""gathering_profession"":""Arcane Extraction""},{""name"":""Emberstone Chunk (T7)"",""qty"":1,""gathering_profession"":""Mining""},{""name"":""Moonshade Orchid (T7)"",""qty"":1,""gathering_profession"":""Herbalism""}]"
555,Scribing,,1,Common,Spell Scroll (Level 1),Scroll,scroll_spell,Crafted item (Common).,Crafting output for Scribing.,1,20,20,10,Spell Soot (T1),1,Arcane Extraction,Silvermint Sprig (T1),1,Herbalism,Wild Heart (T1),1,Hunting,"[{""name"":""Spell Soot (T1)"",""qty"":1,""gathering_profession"":""Arcane Extraction""},{""name"":""Silvermint Sprig (T1)"",""qty"":1,""gathering_profession"":""Herbalism""},{""name"":""Wild Heart (T1)"",""qty"":1,""gathering_profession"":""Hunting""}]"
556,Scribing,,1,Common,Enduring spellbook,Wondrous Item,script_misc,Crafted item (Common).,Crafting output for Scribing.,1,20,20,10,Void Essence (T1),1,Arcane Extraction,Silvermint Sprig (T1),1,Herbalism,Wild Heart (T1),1,Hunting,"[{""name"":""Void Essence (T1)"",""qty"":1,""gathering_profession"":""Arcane Extraction""},{""name"":""Silvermint Sprig (T1)"",""qty"":1,""gathering_profession"":""Herbalism""},{""name"":""Wild Heart (T1)"",""qty"":1,""gathering_profession"":""Hunting""}]"
557,Scribing,,2,Uncommon,Spell Scroll (Level 2),Scroll,scroll_spell,Crafted item (Uncommon).,Crafting output for Scribing.,1,200,200,100,Rift Glass (T2),1,Arcane Extraction,Moonshade Orchid (T2),1,Herbalism,Feathered Wing (T2),1,Hunting,"[{""name"":""Rift Glass (T2)"",""qty"":1,""gathering_profession"":""Arcane Extraction""},{""name"":""Moonshade Orchid (T2)"",""qty"":1,""gathering_profession"":""Herbalism""},{""name"":""Feathered Wing (T2)"",""qty"":1,""gathering_profession"":""Hunting""}]"
558,Scribing,,3,Rare,Scroll of protection,Scroll,scroll_protection,Crafted item (Rare).,Crafting output for Scribing.,1,1500,1500,750,Void Essence (T3),1,Arcane Extraction,Duskleaf Frond (T3),1,Herbalism,Razor Fang (T3),1,Hunting,"[{""name"":""Void Essence (T3)"",""qty"":1,""gathering_profession"":""Arcane Extraction""},{""name"":""Duskleaf Frond (T3)"",""qty"":1,""gathering_profession"":""Herbalism""},{""name"":""Razor Fang (T3)"",""qty"":1,""gathering_profession"":""Hunting""}]"
559,Scribing,,3,Rare,Spell Scroll (Level 3),Scroll,scroll_spell,Crafted item (Rare).,Crafting output for Scribing.,1,1500,1500,750,Mana Thread (T3),1,Arcane Extraction,Phoenixheart Seed (T3),1,Herbalism,Chimera Horn (T3),1,Hunting,"[{""name"":""Mana Thread (T3)"",""qty"":1,""gathering_profession"":""Arcane Extraction""},{""name"":""Phoenixheart Seed (T3)"",""qty"":1,""gathering_profession"":""Herbalism""},{""name"":""Chimera Horn (T3)"",""qty"":1,""gathering_profession"":""Hunting""}]"
560,Scribing,,3,Uncommon+,Arcane Grimoire,Wondrous Item,script_misc,Crafted item (Uncommon+).,Crafting output for Scribing.,1,1000,1000,500,Void Essence (T3),1,Arcane Extraction,Duskleaf Frond (T3),1,Herbalism,Razor Fang (T3),1,Hunting,"[{""name"":""Void Essence (T3)"",""qty"":1,""gathering_profession"":""Arcane Extraction""},{""name"":""Duskleaf Frond (T3)"",""qty"":1,""gathering_profession"":""Herbalism""},{""name"":""Razor Fang (T3)"",""qty"":1,""gathering_profession"":""Hunting""}]"
561,Scribing,,3,Rare,Planecaller’s Codex,Wondrous Item,script_misc,Crafted item (Rare).,Crafting output for Scribing.,1,1500,1500,750,Aether Sand (T3),1,Arcane Extraction,Duskleaf Frond (T3),1,Herbalism,Razor Fang (T3),1,Hunting,"[{""name"":""Aether Sand (T3)"",""qty"":1,""gathering_profession"":""Arcane Extraction""},{""name"":""Duskleaf Frond (T3)"",""qty"":1,""gathering_profession"":""Herbalism""},{""name"":""Razor Fang (T3)"",""qty"":1,""gathering_profession"":""Hunting""}]"
562,Scribing,,4,Very Rare,Spell Scroll (Level 4),Scroll,scroll_spell,Crafted item (Very Rare).,Crafting output for Scribing.,1,7500,7500,3750,Mana Thread (T4),1,Arcane Extraction,Bitterthorn Berry (T4),1,Herbalism,Keen Eye (T4),1,Hunting,"[{""name"":""Mana Thread (T4)"",""qty"":1,""gathering_profession"":""Arcane Extraction""},{""name"":""Bitterthorn Berry (T4)"",""qty"":1,""gathering_profession"":""Herbalism""},{""name"":""Keen Eye (T4)"",""qty"":1,""gathering_profession"":""Hunting""}]"
563,Scribing,,4,Rare,Atlas of Endless Horizons,Wondrous Item,map_arcane,Crafted item (Rare).,Crafting output for Scribing.,1,3750,3750,1875,Aether Sand (T4),1,Arcane Extraction,Moonshade Orchid (T4),1,Herbalism,Feathered Wing (T4),1,Hunting,"[{""name"":""Aether Sand (T4)"",""qty"":1,""gathering_profession"":""Arcane Extraction""},{""name"":""Moonshade Orchid (T4)"",""qty"":1,""gathering_profession"":""Herbalism""},{""name"":""Feathered Wing (T4)"",""qty"":1,""gathering_profession"":""Hunting""}]"
564,Scribing,,4,Very Rare,Manual of Bodily Health,Wondrous Item,script_misc,Crafted item (Very Rare).,Crafting output for Scribing.,1,7500,7500,3750,Rift Glass (T4),1,Arcane Extraction,Rootcap Mushroom (T4),1,Herbalism,Sturdy Hide (T4),1,Hunting,"[{""name"":""Rift Glass (T4)"",""qty"":1,""gathering_profession"":""Arcane Extraction""},{""name"":""Rootcap Mushroom (T4)"",""qty"":1,""gathering_profession"":""Herbalism""},{""name"":""Sturdy Hide (T4)"",""qty"":1,""gathering_profession"":""Hunting""}]"
565,Scribing,,4,Very Rare,Tome of Clear Thought,Wondrous Item,script_misc,Crafted item (Very Rare).,Crafting output for Scribing.,1,7500,7500,3750,Astral Prism (T4),1,Arcane Extraction,Rootcap Mushroom (T4),1,Herbalism,Sturdy Hide (T4),1,Hunting,"[{""name"":""Astral Prism (T4)"",""qty"":1,""gathering_profession"":""Arcane Extraction""},{""name"":""Rootcap Mushroom (T4)"",""qty"":1,""gathering_profession"":""Herbalism""},{""name"":""Sturdy Hide (T4)"",""qty"":1,""gathering_profession"":""Hunting""}]"
566,Scribing,,5,Very Rare,Spell Scroll (Level 5),Scroll,scroll_spell,Crafted item (Very Rare).,Crafting output for Scribing.,1,15000,15000,7500,Void Essence (T5),1,Arcane Extraction,Silvermint Sprig (T5),1,Herbalism,Wild Heart (T5),1,Hunting,"[{""name"":""Void Essence (T5)"",""qty"":1,""gathering_profession"":""Arcane Extraction""},{""name"":""Silvermint Sprig (T5)"",""qty"":1,""gathering_profession"":""Herbalism""},{""name"":""Wild Heart (T5)"",""qty"":1,""gathering_profession"":""Hunting""}]"
567,Scribing,,5,Very Rare,Manual of Gainful Exercise,Wondrous Item,script_misc,Crafted item (Very Rare).,Crafting output for Scribing.,1,15000,15000,7500,Luminous Pearl (T5),1,Arcane Extraction,Moonshade Orchid (T5),1,Herbalism,Feathered Wing (T5),1,Hunting,"[{""name"":""Luminous Pearl (T5)"",""qty"":1,""gathering_profession"":""Arcane Extraction""},{""name"":""Moonshade Orchid (T5)"",""qty"":1,""gathering_profession"":""Herbalism""},{""name"":""Feathered Wing (T5)"",""qty"":1,""gathering_profession"":""Hunting""}]"
568,Scribing,,5,Very Rare,Manual of Golems,Wondrous Item,script_misc,Crafted item (Very Rare).,Crafting output for Scribing.,1,15000,15000,7500,Astral Prism (T5),1,Arcane Extraction,Moonshade Orchid (T5),1,Herbalism,Feathered Wing (T5),1,Hunting,"[{""name"":""Astral Prism (T5)"",""qty"":1,""gathering_profession"":""Arcane Extraction""},{""name"":""Moonshade Orchid (T5)"",""qty"":1,""gathering_profession"":""Herbalism""},{""name"":""Feathered Wing (T5)"",""qty"":1,""gathering_profession"":""Hunting""}]"
569,Scribing,,5,Very Rare,Manual of Quickness of Action,Wondrous Item,script_misc,Crafted item (Very Rare).,Crafting output for Scribing.,1,15000,15000,7500,Mana Thread (T5),1,Arcane Extraction,Moonshade Orchid (T5),1,Herbalism,Feathered Wing (T5),1,Hunting,"[{""name"":""Mana Thread (T5)"",""qty"":1,""gathering_profession"":""Arcane Extraction""},{""name"":""Moonshade Orchid (T5)"",""qty"":1,""gathering_profession"":""Herbalism""},{""name"":""Feathered Wing (T5)"",""qty"":1,""gathering_profession"":""Hunting""}]"
570,Scribing,,5,Very Rare,Tome of Leadership and Influence,Wondrous Item,script_misc,Crafted item (Very Rare).,Crafting output for Scribing.,1,15000,15000,7500,Void Essence (T5),1,Arcane Extraction,Moonshade Orchid (T5),1,Herbalism,Feathered Wing (T5),1,Hunting,"[{""name"":""Void Essence (T5)"",""qty"":1,""gathering_profession"":""Arcane Extraction""},{""name"":""Moonshade Orchid (T5)"",""qty"":1,""gathering_profession"":""Herbalism""},{""name"":""Feathered Wing (T5)"",""qty"":1,""gathering_profession"":""Hunting""}]"
571,Scribing,,5,Very Rare,Tome of Understanding,Wondrous Item,script_misc,Crafted item (Very Rare).,Crafting output for Scribing.,1,15000,15000,7500,Spell Soot (T5),1,Arcane Extraction,Moonshade Orchid (T5),1,Herbalism,Feathered Wing (T5),1,Hunting,"[{""name"":""Spell Soot (T5)"",""qty"":1,""gathering_profession"":""Arcane Extraction""},{""name"":""Moonshade Orchid (T5)"",""qty"":1,""gathering_profession"":""Herbalism""},{""name"":""Feathered Wing (T5)"",""qty"":1,""gathering_profession"":""Hunting""}]"
572,Scribing,,6,Legendary,Spell Scroll (Level 6),Scroll,scroll_spell,Crafted item (Legendary).,Crafting output for Scribing.,1,160000,160000,80000,Astral Prism (T6),1,Arcane Extraction,Moonshade Orchid (T6),1,Herbalism,Feathered Wing (T6),1,Hunting,"[{""name"":""Astral Prism (T6)"",""qty"":1,""gathering_profession"":""Arcane Extraction""},{""name"":""Moonshade Orchid (T6)"",""qty"":1,""gathering_profession"":""Herbalism""},{""name"":""Feathered Wing (T6)"",""qty"":1,""gathering_profession"":""Hunting""}]"
573,Scribing,,6,Legendary,Tome of the stilled tongue,Wondrous Item,script_misc,Crafted item (Legendary).,Crafting output for Scribing.,1,160000,160000,80000,Void Essence (T6),1,Arcane Extraction,Phoenixheart Seed (T6),1,Herbalism,Chimera Horn (T6),1,Hunting,"[{""name"":""Void Essence (T6)"",""qty"":1,""gathering_profession"":""Arcane Extraction""},{""name"":""Phoenixheart Seed (T6)"",""qty"":1,""gathering_profession"":""Herbalism""},{""name"":""Chimera Horn (T6)"",""qty"":1,""gathering_profession"":""Hunting""}]"
574,Scribing,,7,Artifact,Spell Scroll (Level 7),Scroll,scroll_spell,Crafted item (Artifact).,Crafting output for Scribing.,1,2000000,2000000,1000000,Spell Soot (T7),1,Arcane Extraction,Duskleaf Frond (T7),1,Herbalism,Razor Fang (T7),1,Hunting,"[{""name"":""Spell Soot (T7)"",""qty"":1,""gathering_profession"":""Arcane Extraction""},{""name"":""Duskleaf Frond (T7)"",""qty"":1,""gathering_profession"":""Herbalism""},{""name"":""Razor Fang (T7)"",""qty"":1,""gathering_profession"":""Hunting""}]"
575,Scribing,,7,Artifact,Book of Exalted Deeds,Wondrous Item,script_misc,Crafted item (Artifact).,Crafting output for Scribing.,1,2000000,2000000,1000000,Rift Glass (T7),1,Arcane Extraction,Duskleaf Frond (T7),1,Herbalism,Razor Fang (T7),1,Hunting,"[{""name"":""Rift Glass (T7)"",""qty"":1,""gathering_profession"":""Arcane Extraction""},{""name"":""Duskleaf Frond (T7)"",""qty"":1,""gathering_profession"":""Herbalism""},{""name"":""Razor Fang (T7)"",""qty"":1,""gathering_profession"":""Hunting""}]"
576,Scribing,,7,Artifact,Book of Vile Darkness,Wondrous Item,script_misc,Crafted item (Artifact).,Crafting output for Scribing.,1,2000000,2000000,1000000,Astral Prism (T7),1,Arcane Extraction,Duskleaf Frond (T7),1,Herbalism,Razor Fang (T7),1,Hunting,"[{""name"":""Astral Prism (T7)"",""qty"":1,""gathering_profession"":""Arcane Extraction""},{""name"":""Duskleaf Frond (T7)"",""qty"":1,""gathering_profession"":""Herbalism""},{""name"":""Razor Fang (T7)"",""qty"":1,""gathering_profession"":""Hunting""}]"
577,Tailoring,,1,Common,Boots of false tracks,Wearable,boots,Crafted item (Common).,Crafting output for Tailoring.,1,20,20,10,Keen Eye (T1),1,Hunting,Sunpetal Bloom (T1),1,Herbalism,Astral Prism (T1),1,Arcane Extraction,"[{""name"":""Keen Eye (T1)"",""qty"":1,""gathering_profession"":""Hunting""},{""name"":""Sunpetal Bloom (T1)"",""qty"":1,""gathering_profession"":""Herbalism""},{""name"":""Astral Prism (T1)"",""qty"":1,""gathering_profession"":""Arcane Extraction""}]"
578,Tailoring,,1,Common,Cloak of Billowing,Wearable,cloak,Crafted item (Common).,Crafting output for Tailoring.,1,20,20,10,Feathered Wing (T1),1,Hunting,Phoenixheart Seed (T1),1,Herbalism,Void Essence (T1),1,Arcane Extraction,"[{""name"":""Feathered Wing (T1)"",""qty"":1,""gathering_profession"":""Hunting""},{""name"":""Phoenixheart Seed (T1)"",""qty"":1,""gathering_profession"":""Herbalism""},{""name"":""Void Essence (T1)"",""qty"":1,""gathering_profession"":""Arcane Extraction""}]"
579,Tailoring,,1,Common,Cloak of Many Fashions,Wearable,cloak,Crafted item (Common).,Crafting output for Tailoring.,1,20,20,10,Chimera Horn (T1),1,Hunting,Phoenixheart Seed (T1),1,Herbalism,Void Essence (T1),1,Arcane Extraction,"[{""name"":""Chimera Horn (T1)"",""qty"":1,""gathering_profession"":""Hunting""},{""name"":""Phoenixheart Seed (T1)"",""qty"":1,""gathering_profession"":""Herbalism""},{""name"":""Void Essence (T1)"",""qty"":1,""gathering_profession"":""Arcane Extraction""}]"
580,Tailoring,,1,Common,Dread helm,Wearable,headwear,Crafted item (Common).,Crafting output for Tailoring.,1,20,20,10,Dragon Gland (T1),1,Hunting,Moonshade Orchid (T1),1,Herbalism,Luminous Pearl (T1),1,Arcane Extraction,"[{""name"":""Dragon Gland (T1)"",""qty"":1,""gathering_profession"":""Hunting""},{""name"":""Moonshade Orchid (T1)"",""qty"":1,""gathering_profession"":""Herbalism""},{""name"":""Luminous Pearl (T1)"",""qty"":1,""gathering_profession"":""Arcane Extraction""}]"
581,Tailoring,,1,Common,Hat of Vermin,Wearable,headwear,Crafted item (Common).,Crafting output for Tailoring.,1,20,20,10,Wild Heart (T1),1,Hunting,Moonshade Orchid (T1),1,Herbalism,Luminous Pearl (T1),1,Arcane Extraction,"[{""name"":""Wild Heart (T1)"",""qty"":1,""gathering_profession"":""Hunting""},{""name"":""Moonshade Orchid (T1)"",""qty"":1,""gathering_profession"":""Herbalism""},{""name"":""Luminous Pearl (T1)"",""qty"":1,""gathering_profession"":""Arcane Extraction""}]"
582,Tailoring,,1,Common,Hat of Wizardry,Wearable,headwear,Crafted item (Common).,Crafting output for Tailoring.,1,20,20,10,Keen Eye (T1),1,Hunting,Moonshade Orchid (T1),1,Herbalism,Luminous Pearl (T1),1,Arcane Extraction,"[{""name"":""Keen Eye (T1)"",""qty"":1,""gathering_profession"":""Hunting""},{""name"":""Moonshade Orchid (T1)"",""qty"":1,""gathering_profession"":""Herbalism""},{""name"":""Luminous Pearl (T1)"",""qty"":1,""gathering_profession"":""Arcane Extraction""}]"
583,Tailoring,,2,Uncommon,Boots of Striding and Springing,Ring,boots,Crafted item (Uncommon).,Crafting output for Tailoring.,1,200,200,100,Keen Eye (T2),1,Hunting,Rootcap Mushroom (T2),1,Herbalism,Aether Sand (T2),1,Arcane Extraction,"[{""name"":""Keen Eye (T2)"",""qty"":1,""gathering_profession"":""Hunting""},{""name"":""Rootcap Mushroom (T2)"",""qty"":1,""gathering_profession"":""Herbalism""},{""name"":""Aether Sand (T2)"",""qty"":1,""gathering_profession"":""Arcane Extraction""}]"
584,Tailoring,,2,Uncommon,Gloves of Missile Snaring,Ring,gloves,Crafted item (Uncommon).,Crafting output for Tailoring.,1,200,200,100,Sturdy Hide (T2),1,Hunting,Sunpetal Bloom (T2),1,Herbalism,Astral Prism (T2),1,Arcane Extraction,"[{""name"":""Sturdy Hide (T2)"",""qty"":1,""gathering_profession"":""Hunting""},{""name"":""Sunpetal Bloom (T2)"",""qty"":1,""gathering_profession"":""Herbalism""},{""name"":""Astral Prism (T2)"",""qty"":1,""gathering_profession"":""Arcane Extraction""}]"
585,Tailoring,,2,Uncommon,Belt of Giant Strength (Hill),Wearable,belt,Crafted item (Uncommon).,Crafting output for Tailoring.,1,200,200,100,Razor Fang (T2),1,Hunting,Phoenixheart Seed (T2),1,Herbalism,Void Essence (T2),1,Arcane Extraction,"[{""name"":""Razor Fang (T2)"",""qty"":1,""gathering_profession"":""Hunting""},{""name"":""Phoenixheart Seed (T2)"",""qty"":1,""gathering_profession"":""Herbalism""},{""name"":""Void Essence (T2)"",""qty"":1,""gathering_profession"":""Arcane Extraction""}]"
586,Tailoring,,2,Uncommon,Boots of Elvenkind,Wearable,boots,Crafted item (Uncommon).,Crafting output for Tailoring.,1,200,200,100,Wild Heart (T2),1,Hunting,Rootcap Mushroom (T2),1,Herbalism,Aether Sand (T2),1,Arcane Extraction,"[{""name"":""Wild Heart (T2)"",""qty"":1,""gathering_profession"":""Hunting""},{""name"":""Rootcap Mushroom (T2)"",""qty"":1,""gathering_profession"":""Herbalism""},{""name"":""Aether Sand (T2)"",""qty"":1,""gathering_profession"":""Arcane Extraction""}]"
587,Tailoring,,2,Uncommon,Boots of striding and springing,Wearable,boots,Crafted item (Uncommon).,Crafting output for Tailoring.,1,200,200,100,Sturdy Hide (T2),1,Hunting,Rootcap Mushroom (T2),1,Herbalism,Aether Sand (T2),1,Arcane Extraction,"[{""name"":""Sturdy Hide (T2)"",""qty"":1,""gathering_profession"":""Hunting""},{""name"":""Rootcap Mushroom (T2)"",""qty"":1,""gathering_profession"":""Herbalism""},{""name"":""Aether Sand (T2)"",""qty"":1,""gathering_profession"":""Arcane Extraction""}]"
588,Tailoring,,2,Uncommon,Boots of the Winterlands,Wearable,boots,Crafted item (Uncommon).,Crafting output for Tailoring.,1,200,200,100,Razor Fang (T2),1,Hunting,Rootcap Mushroom (T2),1,Herbalism,Aether Sand (T2),1,Arcane Extraction,"[{""name"":""Razor Fang (T2)"",""qty"":1,""gathering_profession"":""Hunting""},{""name"":""Rootcap Mushroom (T2)"",""qty"":1,""gathering_profession"":""Herbalism""},{""name"":""Aether Sand (T2)"",""qty"":1,""gathering_profession"":""Arcane Extraction""}]"
589,Tailoring,,2,Uncommon,Bracers of Archery,Wearable,tailor_misc,Crafted item (Uncommon).,Crafting output for Tailoring.,1,200,200,100,Feathered Wing (T2),1,Hunting,Sunpetal Bloom (T2),1,Herbalism,Astral Prism (T2),1,Arcane Extraction,"[{""name"":""Feathered Wing (T2)"",""qty"":1,""gathering_profession"":""Hunting""},{""name"":""Sunpetal Bloom (T2)"",""qty"":1,""gathering_profession"":""Herbalism""},{""name"":""Astral Prism (T2)"",""qty"":1,""gathering_profession"":""Arcane Extraction""}]"
590,Tailoring,,2,Uncommon,Circlet of Blasting,Wearable,tailor_misc,Crafted item (Uncommon).,Crafting output for Tailoring.,1,200,200,100,Chimera Horn (T2),1,Hunting,Sunpetal Bloom (T2),1,Herbalism,Astral Prism (T2),1,Arcane Extraction,"[{""name"":""Chimera Horn (T2)"",""qty"":1,""gathering_profession"":""Hunting""},{""name"":""Sunpetal Bloom (T2)"",""qty"":1,""gathering_profession"":""Herbalism""},{""name"":""Astral Prism (T2)"",""qty"":1,""gathering_profession"":""Arcane Extraction""}]"
591,Tailoring,,2,Uncommon,Cloak of Elvenkind,Wearable,cloak,Crafted item (Uncommon).,Crafting output for Tailoring.,1,200,200,100,Keen Eye (T2),1,Hunting,Rootcap Mushroom (T2),1,Herbalism,Aether Sand (T2),1,Arcane Extraction,"[{""name"":""Keen Eye (T2)"",""qty"":1,""gathering_profession"":""Hunting""},{""name"":""Rootcap Mushroom (T2)"",""qty"":1,""gathering_profession"":""Herbalism""},{""name"":""Aether Sand (T2)"",""qty"":1,""gathering_profession"":""Arcane Extraction""}]"
592,Tailoring,,2,Uncommon,Cloak of Protection,Wearable,cloak,Crafted item (Uncommon).,Crafting output for Tailoring.,1,200,200,100,Feathered Wing (T2),1,Hunting,Rootcap Mushroom (T2),1,Herbalism,Aether Sand (T2),1,Arcane Extraction,"[{""name"":""Feathered Wing (T2)"",""qty"":1,""gathering_profession"":""Hunting""},{""name"":""Rootcap Mushroom (T2)"",""qty"":1,""gathering_profession"":""Herbalism""},{""name"":""Aether Sand (T2)"",""qty"":1,""gathering_profession"":""Arcane Extraction""}]"
593,Tailoring,,2,Uncommon,Cloak of the Manta Ray,Wearable,cloak,Crafted item (Uncommon).,Crafting output for Tailoring.,1,200,200,100,Wild Heart (T2),1,Hunting,Rootcap Mushroom (T2),1,Herbalism,Aether Sand (T2),1,Arcane Extraction,"[{""name"":""Wild Heart (T2)"",""qty"":1,""gathering_profession"":""Hunting""},{""name"":""Rootcap Mushroom (T2)"",""qty"":1,""gathering_profession"":""Herbalism""},{""name"":""Aether Sand (T2)"",""qty"":1,""gathering_profession"":""Arcane Extraction""}]"
594,Tailoring,,2,Uncommon,Gauntlets of Ogre Power,Wearable,tailor_misc,Crafted item (Uncommon).,Crafting output for Tailoring.,1,200,200,100,Dragon Gland (T2),1,Hunting,Sunpetal Bloom (T2),1,Herbalism,Astral Prism (T2),1,Arcane Extraction,"[{""name"":""Dragon Gland (T2)"",""qty"":1,""gathering_profession"":""Hunting""},{""name"":""Sunpetal Bloom (T2)"",""qty"":1,""gathering_profession"":""Herbalism""},{""name"":""Astral Prism (T2)"",""qty"":1,""gathering_profession"":""Arcane Extraction""}]"
595,Tailoring,,2,Uncommon,Gloves of Swimming and Climbing,Wearable,gloves,Crafted item (Uncommon).,Crafting output for Tailoring.,1,200,200,100,Razor Fang (T2),1,Hunting,Sunpetal Bloom (T2),1,Herbalism,Astral Prism (T2),1,Arcane Extraction,"[{""name"":""Razor Fang (T2)"",""qty"":1,""gathering_profession"":""Hunting""},{""name"":""Sunpetal Bloom (T2)"",""qty"":1,""gathering_profession"":""Herbalism""},{""name"":""Astral Prism (T2)"",""qty"":1,""gathering_profession"":""Arcane Extraction""}]"
596,Tailoring,,2,Uncommon,Gloves of Thievery,Wearable,gloves,Crafted item (Uncommon).,Crafting output for Tailoring.,1,200,200,100,Wild Heart (T2),1,Hunting,Sunpetal Bloom (T2),1,Herbalism,Astral Prism (T2),1,Arcane Extraction,"[{""name"":""Wild Heart (T2)"",""qty"":1,""gathering_profession"":""Hunting""},{""name"":""Sunpetal Bloom (T2)"",""qty"":1,""gathering_profession"":""Herbalism""},{""name"":""Astral Prism (T2)"",""qty"":1,""gathering_profession"":""Arcane Extraction""}]"
597,Tailoring,,2,Uncommon,Gloves of missile snaring,Wearable,gloves,Crafted item (Uncommon).,Crafting output for Tailoring.,1,200,200,100,Keen Eye (T2),1,Hunting,Sunpetal Bloom (T2),1,Herbalism,Astral Prism (T2),1,Arcane Extraction,"[{""name"":""Keen Eye (T2)"",""qty"":1,""gathering_profession"":""Hunting""},{""name"":""Sunpetal Bloom (T2)"",""qty"":1,""gathering_profession"":""Herbalism""},{""name"":""Astral Prism (T2)"",""qty"":1,""gathering_profession"":""Arcane Extraction""}]"
598,Tailoring,,2,Uncommon,Hat of Disguise,Wearable,headwear,Crafted item (Uncommon).,Crafting output for Tailoring.,1,200,200,100,Dragon Gland (T2),1,Hunting,Phoenixheart Seed (T2),1,Herbalism,Void Essence (T2),1,Arcane Extraction,"[{""name"":""Dragon Gland (T2)"",""qty"":1,""gathering_profession"":""Hunting""},{""name"":""Phoenixheart Seed (T2)"",""qty"":1,""gathering_profession"":""Herbalism""},{""name"":""Void Essence (T2)"",""qty"":1,""gathering_profession"":""Arcane Extraction""}]"
599,Tailoring,,2,Uncommon,Helm of Comprehending Languages,Wearable,headwear,Crafted item (Uncommon).,Crafting output for Tailoring.,1,200,200,100,Wild Heart (T2),1,Hunting,Phoenixheart Seed (T2),1,Herbalism,Void Essence (T2),1,Arcane Extraction,"[{""name"":""Wild Heart (T2)"",""qty"":1,""gathering_profession"":""Hunting""},{""name"":""Phoenixheart Seed (T2)"",""qty"":1,""gathering_profession"":""Herbalism""},{""name"":""Void Essence (T2)"",""qty"":1,""gathering_profession"":""Arcane Extraction""}]"
600,Tailoring,,2,Uncommon,Helm of Telepathy,Wearable,headwear,Crafted item (Uncommon).,Crafting output for Tailoring.,1,200,200,100,Chimera Horn (T2),1,Hunting,Phoenixheart Seed (T2),1,Herbalism,Void Essence (T2),1,Arcane Extraction,"[{""name"":""Chimera Horn (T2)"",""qty"":1,""gathering_profession"":""Hunting""},{""name"":""Phoenixheart Seed (T2)"",""qty"":1,""gathering_profession"":""Herbalism""},{""name"":""Void Essence (T2)"",""qty"":1,""gathering_profession"":""Arcane Extraction""}]"
601,Tailoring,,2,Uncommon,Nature's Mantle,Wearable,tailor_misc,Crafted item (Uncommon).,Crafting output for Tailoring.,1,200,200,100,Keen Eye (T2),1,Hunting,Sunpetal Bloom (T2),1,Herbalism,Astral Prism (T2),1,Arcane Extraction,"[{""name"":""Keen Eye (T2)"",""qty"":1,""gathering_profession"":""Hunting""},{""name"":""Sunpetal Bloom (T2)"",""qty"":1,""gathering_profession"":""Herbalism""},{""name"":""Astral Prism (T2)"",""qty"":1,""gathering_profession"":""Arcane Extraction""}]"
602,Tailoring,,2,Uncommon,Robe of Useful Items,Wearable,robe,Crafted item (Uncommon).,Crafting output for Tailoring.,1,200,200,100,Chimera Horn (T2),1,Hunting,Sunpetal Bloom (T2),1,Herbalism,Astral Prism (T2),1,Arcane Extraction,"[{""name"":""Chimera Horn (T2)"",""qty"":1,""gathering_profession"":""Hunting""},{""name"":""Sunpetal Bloom (T2)"",""qty"":1,""gathering_profession"":""Herbalism""},{""name"":""Astral Prism (T2)"",""qty"":1,""gathering_profession"":""Arcane Extraction""}]"
603,Tailoring,,2,Uncommon,Slippers of Spider Climbing,Wearable,tailor_misc,Crafted item (Uncommon).,Crafting output for Tailoring.,1,200,200,100,Wild Heart (T2),1,Hunting,Sunpetal Bloom (T2),1,Herbalism,Astral Prism (T2),1,Arcane Extraction,"[{""name"":""Wild Heart (T2)"",""qty"":1,""gathering_profession"":""Hunting""},{""name"":""Sunpetal Bloom (T2)"",""qty"":1,""gathering_profession"":""Herbalism""},{""name"":""Astral Prism (T2)"",""qty"":1,""gathering_profession"":""Arcane Extraction""}]"
604,Tailoring,,2,Uncommon,Winged Boots,Wearable,boots,Crafted item (Uncommon).,Crafting output for Tailoring.,1,200,200,100,Dragon Gland (T2),1,Hunting,Rootcap Mushroom (T2),1,Herbalism,Aether Sand (T2),1,Arcane Extraction,"[{""name"":""Dragon Gland (T2)"",""qty"":1,""gathering_profession"":""Hunting""},{""name"":""Rootcap Mushroom (T2)"",""qty"":1,""gathering_profession"":""Herbalism""},{""name"":""Aether Sand (T2)"",""qty"":1,""gathering_profession"":""Arcane Extraction""}]"
605,Tailoring,,3,Rare,Belt of Giant Strength(hill),Wearable,belt,Crafted item (Rare).,Crafting output for Tailoring.,1,1500,1500,750,Feathered Wing (T3),1,Hunting,Silvermint Sprig (T3),1,Herbalism,Spell Soot (T3),1,Arcane Extraction,"[{""name"":""Feathered Wing (T3)"",""qty"":1,""gathering_profession"":""Hunting""},{""name"":""Silvermint Sprig (T3)"",""qty"":1,""gathering_profession"":""Herbalism""},{""name"":""Spell Soot (T3)"",""qty"":1,""gathering_profession"":""Arcane Extraction""}]"
606,Tailoring,,3,Rare,Boots of Levitation,Wearable,boots,Crafted item (Rare).,Crafting output for Tailoring.,1,1500,1500,750,Razor Fang (T3),1,Hunting,Sunpetal Bloom (T3),1,Herbalism,Astral Prism (T3),1,Arcane Extraction,"[{""name"":""Razor Fang (T3)"",""qty"":1,""gathering_profession"":""Hunting""},{""name"":""Sunpetal Bloom (T3)"",""qty"":1,""gathering_profession"":""Herbalism""},{""name"":""Astral Prism (T3)"",""qty"":1,""gathering_profession"":""Arcane Extraction""}]"
607,Tailoring,,3,Rare,Cloak of Displacement,Wearable,cloak,Crafted item (Rare).,Crafting output for Tailoring.,1,1500,1500,750,Razor Fang (T3),1,Hunting,Phoenixheart Seed (T3),1,Herbalism,Void Essence (T3),1,Arcane Extraction,"[{""name"":""Razor Fang (T3)"",""qty"":1,""gathering_profession"":""Hunting""},{""name"":""Phoenixheart Seed (T3)"",""qty"":1,""gathering_profession"":""Herbalism""},{""name"":""Void Essence (T3)"",""qty"":1,""gathering_profession"":""Arcane Extraction""}]"
608,Tailoring,,3,Rare,Cloak of the Bat,Wearable,cloak,Crafted item (Rare).,Crafting output for Tailoring.,1,1500,1500,750,Chimera Horn (T3),1,Hunting,Phoenixheart Seed (T3),1,Herbalism,Void Essence (T3),1,Arcane Extraction,"[{""name"":""Chimera Horn (T3)"",""qty"":1,""gathering_profession"":""Hunting""},{""name"":""Phoenixheart Seed (T3)"",""qty"":1,""gathering_profession"":""Herbalism""},{""name"":""Void Essence (T3)"",""qty"":1,""gathering_profession"":""Arcane Extraction""}]"
609,Tailoring,,3,Rare,Mantle of Spell Resistance,Wearable,tailor_misc,Crafted item (Rare).,Crafting output for Tailoring.,1,1500,1500,750,Keen Eye (T3),1,Hunting,Phoenixheart Seed (T3),1,Herbalism,Void Essence (T3),1,Arcane Extraction,"[{""name"":""Keen Eye (T3)"",""qty"":1,""gathering_profession"":""Hunting""},{""name"":""Phoenixheart Seed (T3)"",""qty"":1,""gathering_profession"":""Herbalism""},{""name"":""Void Essence (T3)"",""qty"":1,""gathering_profession"":""Arcane Extraction""}]"
610,Tailoring,,3,Rare,Robe of Eyes,Wearable,robe,Crafted item (Rare).,Crafting output for Tailoring.,1,1500,1500,750,Sturdy Hide (T3),1,Hunting,Phoenixheart Seed (T3),1,Herbalism,Void Essence (T3),1,Arcane Extraction,"[{""name"":""Sturdy Hide (T3)"",""qty"":1,""gathering_profession"":""Hunting""},{""name"":""Phoenixheart Seed (T3)"",""qty"":1,""gathering_profession"":""Herbalism""},{""name"":""Void Essence (T3)"",""qty"":1,""gathering_profession"":""Arcane Extraction""}]"
611,Tailoring,,4,Rare,Glamoured studded leather,Armor/Shield,armor,Crafted item (Rare).,Crafting output for Tailoring.,1,3750,3750,1875,Feathered Wing (T4),1,Hunting,Phoenixheart Seed (T4),1,Herbalism,Void Essence (T4),1,Arcane Extraction,"[{""name"":""Feathered Wing (T4)"",""qty"":1,""gathering_profession"":""Hunting""},{""name"":""Phoenixheart Seed (T4)"",""qty"":1,""gathering_profession"":""Herbalism""},{""name"":""Void Essence (T4)"",""qty"":1,""gathering_profession"":""Arcane Extraction""}]"
612,Tailoring,,4,Rare,Belt of Dwarvenkind,Wearable,belt,Crafted item (Rare).,Crafting output for Tailoring.,1,3750,3750,1875,Wild Heart (T4),1,Hunting,Duskleaf Frond (T4),1,Herbalism,Mana Thread (T4),1,Arcane Extraction,"[{""name"":""Wild Heart (T4)"",""qty"":1,""gathering_profession"":""Hunting""},{""name"":""Duskleaf Frond (T4)"",""qty"":1,""gathering_profession"":""Herbalism""},{""name"":""Mana Thread (T4)"",""qty"":1,""gathering_profession"":""Arcane Extraction""}]"
613,Tailoring,,4,Rare,Belt of hill giant strength,Wearable,belt,Crafted item (Rare).,Crafting output for Tailoring.,1,3750,3750,1875,Chimera Horn (T4),1,Hunting,Duskleaf Frond (T4),1,Herbalism,Mana Thread (T4),1,Arcane Extraction,"[{""name"":""Chimera Horn (T4)"",""qty"":1,""gathering_profession"":""Hunting""},{""name"":""Duskleaf Frond (T4)"",""qty"":1,""gathering_profession"":""Herbalism""},{""name"":""Mana Thread (T4)"",""qty"":1,""gathering_profession"":""Arcane Extraction""}]"
614,Tailoring,,4,Rare,Boots of Speed,Wearable,boots,Crafted item (Rare).,Crafting output for Tailoring.,1,3750,3750,1875,Chimera Horn (T4),1,Hunting,Moonshade Orchid (T4),1,Herbalism,Luminous Pearl (T4),1,Arcane Extraction,"[{""name"":""Chimera Horn (T4)"",""qty"":1,""gathering_profession"":""Hunting""},{""name"":""Moonshade Orchid (T4)"",""qty"":1,""gathering_profession"":""Herbalism""},{""name"":""Luminous Pearl (T4)"",""qty"":1,""gathering_profession"":""Arcane Extraction""}]"
615,Tailoring,,4,Rare,Bracers of Defense,Wearable,tailor_misc,Crafted item (Rare).,Crafting output for Tailoring.,1,3750,3750,1875,Keen Eye (T4),1,Hunting,Silvermint Sprig (T4),1,Herbalism,Spell Soot (T4),1,Arcane Extraction,"[{""name"":""Keen Eye (T4)"",""qty"":1,""gathering_profession"":""Hunting""},{""name"":""Silvermint Sprig (T4)"",""qty"":1,""gathering_profession"":""Herbalism""},{""name"":""Spell Soot (T4)"",""qty"":1,""gathering_profession"":""Arcane Extraction""}]"
616,Tailoring,,4,Very Rare,Cloak of Arachnida,Wearable,cloak,Crafted item (Very Rare).,Crafting output for Tailoring.,1,7500,7500,3750,Razor Fang (T4),1,Hunting,Bitterthorn Berry (T4),1,Herbalism,Rift Glass (T4),1,Arcane Extraction,"[{""name"":""Razor Fang (T4)"",""qty"":1,""gathering_profession"":""Hunting""},{""name"":""Bitterthorn Berry (T4)"",""qty"":1,""gathering_profession"":""Herbalism""},{""name"":""Rift Glass (T4)"",""qty"":1,""gathering_profession"":""Arcane Extraction""}]"
617,Tailoring,,4,Rare,Helm of Teleportation,Wearable,headwear,Crafted item (Rare).,Crafting output for Tailoring.,1,3750,3750,1875,Keen Eye (T4),1,Hunting,Bitterthorn Berry (T4),1,Herbalism,Rift Glass (T4),1,Arcane Extraction,"[{""name"":""Keen Eye (T4)"",""qty"":1,""gathering_profession"":""Hunting""},{""name"":""Bitterthorn Berry (T4)"",""qty"":1,""gathering_profession"":""Herbalism""},{""name"":""Rift Glass (T4)"",""qty"":1,""gathering_profession"":""Arcane Extraction""}]"
618,Tailoring,,4,Very Rare,Robe of Stars,Wearable,robe,Crafted item (Very Rare).,Crafting output for Tailoring.,1,7500,7500,3750,Keen Eye (T4),1,Hunting,Duskleaf Frond (T4),1,Herbalism,Mana Thread (T4),1,Arcane Extraction,"[{""name"":""Keen Eye (T4)"",""qty"":1,""gathering_profession"":""Hunting""},{""name"":""Duskleaf Frond (T4)"",""qty"":1,""gathering_profession"":""Herbalism""},{""name"":""Mana Thread (T4)"",""qty"":1,""gathering_profession"":""Arcane Extraction""}]"
619,Tailoring,,5,Very Rare,"Belt of Giant Strength(Cloud, Stone)",Wearable,belt,Crafted item (Very Rare).,Crafting output for Tailoring.,1,15000,15000,7500,Sturdy Hide (T5),1,Hunting,Rootcap Mushroom (T5),1,Herbalism,Aether Sand (T5),1,Arcane Extraction,"[{""name"":""Sturdy Hide (T5)"",""qty"":1,""gathering_profession"":""Hunting""},{""name"":""Rootcap Mushroom (T5)"",""qty"":1,""gathering_profession"":""Herbalism""},{""name"":""Aether Sand (T5)"",""qty"":1,""gathering_profession"":""Arcane Extraction""}]"
620,Tailoring,,5,Very Rare,Belt of fire giant strength,Wearable,belt,Crafted item (Very Rare).,Crafting output for Tailoring.,1,15000,15000,7500,Dragon Gland (T5),1,Hunting,Rootcap Mushroom (T5),1,Herbalism,Aether Sand (T5),1,Arcane Extraction,"[{""name"":""Dragon Gland (T5)"",""qty"":1,""gathering_profession"":""Hunting""},{""name"":""Rootcap Mushroom (T5)"",""qty"":1,""gathering_profession"":""Herbalism""},{""name"":""Aether Sand (T5)"",""qty"":1,""gathering_profession"":""Arcane Extraction""}]"
621,Tailoring,,5,Very Rare,Belt of giant strength (frost/stone),Wearable,belt,Crafted item (Very Rare).,Crafting output for Tailoring.,1,15000,15000,7500,Keen Eye (T5),1,Hunting,Rootcap Mushroom (T5),1,Herbalism,Aether Sand (T5),1,Arcane Extraction,"[{""name"":""Keen Eye (T5)"",""qty"":1,""gathering_profession"":""Hunting""},{""name"":""Rootcap Mushroom (T5)"",""qty"":1,""gathering_profession"":""Herbalism""},{""name"":""Aether Sand (T5)"",""qty"":1,""gathering_profession"":""Arcane Extraction""}]"
622,Tailoring,,5,Very Rare,Helm of Brilliance,Wearable,headwear,Crafted item (Very Rare).,Crafting output for Tailoring.,1,15000,15000,7500,Dragon Gland (T5),1,Hunting,Moonshade Orchid (T5),1,Herbalism,Luminous Pearl (T5),1,Arcane Extraction,"[{""name"":""Dragon Gland (T5)"",""qty"":1,""gathering_profession"":""Hunting""},{""name"":""Moonshade Orchid (T5)"",""qty"":1,""gathering_profession"":""Herbalism""},{""name"":""Luminous Pearl (T5)"",""qty"":1,""gathering_profession"":""Arcane Extraction""}]"
623,Tailoring,,5,Very Rare,Robe of Scintillating Colors,Wearable,robe,Crafted item (Very Rare).,Crafting output for Tailoring.,1,15000,15000,7500,Dragon Gland (T5),1,Hunting,Moonshade Orchid (T5),1,Herbalism,Luminous Pearl (T5),1,Arcane Extraction,"[{""name"":""Dragon Gland (T5)"",""qty"":1,""gathering_profession"":""Hunting""},{""name"":""Moonshade Orchid (T5)"",""qty"":1,""gathering_profession"":""Herbalism""},{""name"":""Luminous Pearl (T5)"",""qty"":1,""gathering_profession"":""Arcane Extraction""}]"
624,Tailoring,,6,Legendary,Belt of Giant Strength (Storm),Wearable,belt,Crafted item (Legendary).,Crafting output for Tailoring.,1,160000,160000,80000,Feathered Wing (T6),1,Hunting,Duskleaf Frond (T6),1,Herbalism,Mana Thread (T6),1,Arcane Extraction,"[{""name"":""Feathered Wing (T6)"",""qty"":1,""gathering_profession"":""Hunting""},{""name"":""Duskleaf Frond (T6)"",""qty"":1,""gathering_profession"":""Herbalism""},{""name"":""Mana Thread (T6)"",""qty"":1,""gathering_profession"":""Arcane Extraction""}]"
625,Tailoring,,6,Legendary,Belt of cloud giant strength,Wearable,belt,Crafted item (Legendary).,Crafting output for Tailoring.,1,160000,160000,80000,Dragon Gland (T6),1,Hunting,Duskleaf Frond (T6),1,Herbalism,Mana Thread (T6),1,Arcane Extraction,"[{""name"":""Dragon Gland (T6)"",""qty"":1,""gathering_profession"":""Hunting""},{""name"":""Duskleaf Frond (T6)"",""qty"":1,""gathering_profession"":""Herbalism""},{""name"":""Mana Thread (T6)"",""qty"":1,""gathering_profession"":""Arcane Extraction""}]"
626,Tailoring,,6,Legendary,Belt of storm giant strength,Wearable,belt,Crafted item (Legendary).,Crafting output for Tailoring.,1,160000,160000,80000,Sturdy Hide (T6),1,Hunting,Duskleaf Frond (T6),1,Herbalism,Mana Thread (T6),1,Arcane Extraction,"[{""name"":""Sturdy Hide (T6)"",""qty"":1,""gathering_profession"":""Hunting""},{""name"":""Duskleaf Frond (T6)"",""qty"":1,""gathering_profession"":""Herbalism""},{""name"":""Mana Thread (T6)"",""qty"":1,""gathering_profession"":""Arcane Extraction""}]"
627,Tailoring,,6,Legendary,Cloak of Invisibility,Wearable,cloak,Crafted item (Legendary).,Crafting output for Tailoring.,1,160000,160000,80000,Wild Heart (T6),1,Hunting,Phoenixheart Seed (T6),1,Herbalism,Void Essence (T6),1,Arcane Extraction,"[{""name"":""Wild Heart (T6)"",""qty"":1,""gathering_profession"":""Hunting""},{""name"":""Phoenixheart Seed (T6)"",""qty"":1,""gathering_profession"":""Herbalism""},{""name"":""Void Essence (T6)"",""qty"":1,""gathering_profession"":""Arcane Extraction""}]"
628,Tailoring,,6,Legendary,Robe of the Archmagi,Wearable,robe,Crafted item (Legendary).,Crafting output for Tailoring.,1,160000,160000,80000,Razor Fang (T6),1,Hunting,Sunpetal Bloom (T6),1,Herbalism,Astral Prism (T6),1,Arcane Extraction,"[{""name"":""Razor Fang (T6)"",""qty"":1,""gathering_profession"":""Hunting""},{""name"":""Sunpetal Bloom (T6)"",""qty"":1,""gathering_profession"":""Herbalism""},{""name"":""Astral Prism (T6)"",""qty"":1,""gathering_profession"":""Arcane Extraction""}]"
629,Tailoring,,7,Artifact,Studded Leather Armour,Armor/Shield,armor,Crafted item (Artifact).,Crafting output for Tailoring.,1,2000000,2000000,1000000,Wild Heart (T7),1,Hunting,Bitterthorn Berry (T7),1,Herbalism,Rift Glass (T7),1,Arcane Extraction,"[{""name"":""Wild Heart (T7)"",""qty"":1,""gathering_profession"":""Hunting""},{""name"":""Bitterthorn Berry (T7)"",""qty"":1,""gathering_profession"":""Herbalism""},{""name"":""Rift Glass (T7)"",""qty"":1,""gathering_profession"":""Arcane Extraction""}]"
630,Tailoring,,7,Artifact,Whelm,Wearable,headwear,Crafted item (Artifact).,Crafting output for Tailoring.,1,2000000,2000000,1000000,Razor Fang (T7),1,Hunting,Bitterthorn Berry (T7),1,Herbalism,Rift Glass (T7),1,Arcane Extraction,"[{""name"":""Razor Fang (T7)"",""qty"":1,""gathering_profession"":""Hunting""},{""name"":""Bitterthorn Berry (T7)"",""qty"":1,""gathering_profession"":""Herbalism""},{""name"":""Rift Glass (T7)"",""qty"":1,""gathering_profession"":""Arcane Extraction""}]"
631,Woodcrafter,,1,Common,Instrument of Illusions,Instrument,instrument,Crafted item (Common).,Crafting output for Woodcrafter.,1,20,20,10,Feathered Wing (T1),1,Hunting,Astral Prism (T1),1,Arcane Extraction,Moonshade Orchid (T1),1,Herbalism,"[{""name"":""Feathered Wing (T1)"",""qty"":1,""gathering_profession"":""Hunting""},{""name"":""Astral Prism (T1)"",""qty"":1,""gathering_profession"":""Arcane Extraction""},{""name"":""Moonshade Orchid (T1)"",""qty"":1,""gathering_profession"":""Herbalism""}]"
632,Woodcrafter,,1,Common,Instrument of Scribing,Instrument,instrument,Crafted item (Common).,Crafting output for Woodcrafter.,1,20,20,10,Chimera Horn (T1),1,Hunting,Astral Prism (T1),1,Arcane Extraction,Moonshade Orchid (T1),1,Herbalism,"[{""name"":""Chimera Horn (T1)"",""qty"":1,""gathering_profession"":""Hunting""},{""name"":""Astral Prism (T1)"",""qty"":1,""gathering_profession"":""Arcane Extraction""},{""name"":""Moonshade Orchid (T1)"",""qty"":1,""gathering_profession"":""Herbalism""}]"
633,Woodcrafter,,1,Common,Staff of Adornment,Staff,staff_magic,Crafted item (Common).,Crafting output for Woodcrafter.,1,20,20,10,Chimera Horn (T1),1,Hunting,Luminous Pearl (T1),1,Arcane Extraction,Bitterthorn Berry (T1),1,Herbalism,"[{""name"":""Chimera Horn (T1)"",""qty"":1,""gathering_profession"":""Hunting""},{""name"":""Luminous Pearl (T1)"",""qty"":1,""gathering_profession"":""Arcane Extraction""},{""name"":""Bitterthorn Berry (T1)"",""qty"":1,""gathering_profession"":""Herbalism""}]"
634,Woodcrafter,,1,Common,Staff of Birdcalls,Staff,staff_magic,Crafted item (Common).,Crafting output for Woodcrafter.,1,20,20,10,Razor Fang (T1),1,Hunting,Luminous Pearl (T1),1,Arcane Extraction,Bitterthorn Berry (T1),1,Herbalism,"[{""name"":""Razor Fang (T1)"",""qty"":1,""gathering_profession"":""Hunting""},{""name"":""Luminous Pearl (T1)"",""qty"":1,""gathering_profession"":""Arcane Extraction""},{""name"":""Bitterthorn Berry (T1)"",""qty"":1,""gathering_profession"":""Herbalism""}]"
635,Woodcrafter,,1,Common,Staff of Flowers,Staff,staff_magic,Crafted item (Common).,Crafting output for Woodcrafter.,1,20,20,10,Keen Eye (T1),1,Hunting,Luminous Pearl (T1),1,Arcane Extraction,Bitterthorn Berry (T1),1,Herbalism,"[{""name"":""Keen Eye (T1)"",""qty"":1,""gathering_profession"":""Hunting""},{""name"":""Luminous Pearl (T1)"",""qty"":1,""gathering_profession"":""Arcane Extraction""},{""name"":""Bitterthorn Berry (T1)"",""qty"":1,""gathering_profession"":""Herbalism""}]"
636,Woodcrafter,,1,Common,Heward's Handy Spice Pouch,Utility/Container,wood_misc,Crafted item (Common).,Crafting output for Woodcrafter.,1,20,20,10,Wild Heart (T1),1,Hunting,Spell Soot (T1),1,Arcane Extraction,Duskleaf Frond (T1),1,Herbalism,"[{""name"":""Wild Heart (T1)"",""qty"":1,""gathering_profession"":""Hunting""},{""name"":""Spell Soot (T1)"",""qty"":1,""gathering_profession"":""Arcane Extraction""},{""name"":""Duskleaf Frond (T1)"",""qty"":1,""gathering_profession"":""Herbalism""}]"
637,Woodcrafter,,1,Common,Rope of Mending,Utility/Container,wood_misc,Crafted item (Common).,Crafting output for Woodcrafter.,1,20,20,10,Chimera Horn (T1),1,Hunting,Spell Soot (T1),1,Arcane Extraction,Duskleaf Frond (T1),1,Herbalism,"[{""name"":""Chimera Horn (T1)"",""qty"":1,""gathering_profession"":""Hunting""},{""name"":""Spell Soot (T1)"",""qty"":1,""gathering_profession"":""Arcane Extraction""},{""name"":""Duskleaf Frond (T1)"",""qty"":1,""gathering_profession"":""Herbalism""}]"
638,Woodcrafter,,2,Uncommon,Instrument of the Bards,Instrument,instrument,Crafted item (Uncommon).,Crafting output for Woodcrafter.,1,200,200,100,Dragon Gland (T2),1,Hunting,Void Essence (T2),1,Arcane Extraction,Silvermint Sprig (T2),1,Herbalism,"[{""name"":""Dragon Gland (T2)"",""qty"":1,""gathering_profession"":""Hunting""},{""name"":""Void Essence (T2)"",""qty"":1,""gathering_profession"":""Arcane Extraction""},{""name"":""Silvermint Sprig (T2)"",""qty"":1,""gathering_profession"":""Herbalism""}]"
639,Woodcrafter,,2,Uncommon,Instrument of the bards (Doss lute),Instrument,instrument,Crafted item (Uncommon).,Crafting output for Woodcrafter.,1,200,200,100,Sturdy Hide (T2),1,Hunting,Void Essence (T2),1,Arcane Extraction,Silvermint Sprig (T2),1,Herbalism,"[{""name"":""Sturdy Hide (T2)"",""qty"":1,""gathering_profession"":""Hunting""},{""name"":""Void Essence (T2)"",""qty"":1,""gathering_profession"":""Arcane Extraction""},{""name"":""Silvermint Sprig (T2)"",""qty"":1,""gathering_profession"":""Herbalism""}]"
640,Woodcrafter,,2,Uncommon,Instrument of the bards (Fochlucan bandore),Instrument,instrument,Crafted item (Uncommon).,Crafting output for Woodcrafter.,1,200,200,100,Feathered Wing (T2),1,Hunting,Void Essence (T2),1,Arcane Extraction,Silvermint Sprig (T2),1,Herbalism,"[{""name"":""Feathered Wing (T2)"",""qty"":1,""gathering_profession"":""Hunting""},{""name"":""Void Essence (T2)"",""qty"":1,""gathering_profession"":""Arcane Extraction""},{""name"":""Silvermint Sprig (T2)"",""qty"":1,""gathering_profession"":""Herbalism""}]"
641,Woodcrafter,,2,Uncommon,Instrument of the bards (Mac-Fuirmidh cittern),Instrument,instrument,Crafted item (Uncommon).,Crafting output for Woodcrafter.,1,200,200,100,Razor Fang (T2),1,Hunting,Void Essence (T2),1,Arcane Extraction,Silvermint Sprig (T2),1,Herbalism,"[{""name"":""Razor Fang (T2)"",""qty"":1,""gathering_profession"":""Hunting""},{""name"":""Void Essence (T2)"",""qty"":1,""gathering_profession"":""Arcane Extraction""},{""name"":""Silvermint Sprig (T2)"",""qty"":1,""gathering_profession"":""Herbalism""}]"
642,Woodcrafter,,2,Uncommon,Pipes of Haunting,Instrument,instrument,Crafted item (Uncommon).,Crafting output for Woodcrafter.,1,200,200,100,Keen Eye (T2),1,Hunting,Void Essence (T2),1,Arcane Extraction,Silvermint Sprig (T2),1,Herbalism,"[{""name"":""Keen Eye (T2)"",""qty"":1,""gathering_profession"":""Hunting""},{""name"":""Void Essence (T2)"",""qty"":1,""gathering_profession"":""Arcane Extraction""},{""name"":""Silvermint Sprig (T2)"",""qty"":1,""gathering_profession"":""Herbalism""}]"
643,Woodcrafter,,2,Uncommon,Pipes of the Sewers,Instrument,instrument,Crafted item (Uncommon).,Crafting output for Woodcrafter.,1,200,200,100,Wild Heart (T2),1,Hunting,Void Essence (T2),1,Arcane Extraction,Silvermint Sprig (T2),1,Herbalism,"[{""name"":""Wild Heart (T2)"",""qty"":1,""gathering_profession"":""Hunting""},{""name"":""Void Essence (T2)"",""qty"":1,""gathering_profession"":""Arcane Extraction""},{""name"":""Silvermint Sprig (T2)"",""qty"":1,""gathering_profession"":""Herbalism""}]"
644,Woodcrafter,,2,Uncommon,Enspelled Staff (Level 1),Staff,staff_nonmagic,Crafted item (Uncommon).,Crafting output for Woodcrafter.,1,200,200,100,Chimera Horn (T2),1,Hunting,Mana Thread (T2),1,Arcane Extraction,Sunpetal Bloom (T2),1,Herbalism,"[{""name"":""Chimera Horn (T2)"",""qty"":1,""gathering_profession"":""Hunting""},{""name"":""Mana Thread (T2)"",""qty"":1,""gathering_profession"":""Arcane Extraction""},{""name"":""Sunpetal Bloom (T2)"",""qty"":1,""gathering_profession"":""Herbalism""}]"
645,Woodcrafter,,2,Uncommon,Staff of the Adder,Staff,staff_magic,Crafted item (Uncommon).,Crafting output for Woodcrafter.,1,200,200,100,Dragon Gland (T2),1,Hunting,Luminous Pearl (T2),1,Arcane Extraction,Bitterthorn Berry (T2),1,Herbalism,"[{""name"":""Dragon Gland (T2)"",""qty"":1,""gathering_profession"":""Hunting""},{""name"":""Luminous Pearl (T2)"",""qty"":1,""gathering_profession"":""Arcane Extraction""},{""name"":""Bitterthorn Berry (T2)"",""qty"":1,""gathering_profession"":""Herbalism""}]"
646,Woodcrafter,,2,Uncommon,Staff of the Python,Staff,staff_magic,Crafted item (Uncommon).,Crafting output for Woodcrafter.,1,200,200,100,Wild Heart (T2),1,Hunting,Luminous Pearl (T2),1,Arcane Extraction,Bitterthorn Berry (T2),1,Herbalism,"[{""name"":""Wild Heart (T2)"",""qty"":1,""gathering_profession"":""Hunting""},{""name"":""Luminous Pearl (T2)"",""qty"":1,""gathering_profession"":""Arcane Extraction""},{""name"":""Bitterthorn Berry (T2)"",""qty"":1,""gathering_profession"":""Herbalism""}]"
647,Woodcrafter,,2,Uncommon,Alchemy Jug,Utility/Container,wood_misc,Crafted item (Uncommon).,Crafting output for Woodcrafter.,1,200,200,100,Chimera Horn (T2),1,Hunting,Aether Sand (T2),1,Arcane Extraction,Phoenixheart Seed (T2),1,Herbalism,"[{""name"":""Chimera Horn (T2)"",""qty"":1,""gathering_profession"":""Hunting""},{""name"":""Aether Sand (T2)"",""qty"":1,""gathering_profession"":""Arcane Extraction""},{""name"":""Phoenixheart Seed (T2)"",""qty"":1,""gathering_profession"":""Herbalism""}]"
648,Woodcrafter,,2,Uncommon,Bag of Holding,Utility/Container,wood_misc,Crafted item (Uncommon).,Crafting output for Woodcrafter.,1,200,200,100,Dragon Gland (T2),1,Hunting,Aether Sand (T2),1,Arcane Extraction,Phoenixheart Seed (T2),1,Herbalism,"[{""name"":""Dragon Gland (T2)"",""qty"":1,""gathering_profession"":""Hunting""},{""name"":""Aether Sand (T2)"",""qty"":1,""gathering_profession"":""Arcane Extraction""},{""name"":""Phoenixheart Seed (T2)"",""qty"":1,""gathering_profession"":""Herbalism""}]"
649,Woodcrafter,,2,Uncommon,Bag of Tricks,Utility/Container,wood_misc,Crafted item (Uncommon).,Crafting output for Woodcrafter.,1,200,200,100,Razor Fang (T2),1,Hunting,Aether Sand (T2),1,Arcane Extraction,Phoenixheart Seed (T2),1,Herbalism,"[{""name"":""Razor Fang (T2)"",""qty"":1,""gathering_profession"":""Hunting""},{""name"":""Aether Sand (T2)"",""qty"":1,""gathering_profession"":""Arcane Extraction""},{""name"":""Phoenixheart Seed (T2)"",""qty"":1,""gathering_profession"":""Herbalism""}]"
650,Woodcrafter,,2,Uncommon,Deck of Illusions,Utility/Container,wood_misc,Crafted item (Uncommon).,Crafting output for Woodcrafter.,1,200,200,100,Sturdy Hide (T2),1,Hunting,Aether Sand (T2),1,Arcane Extraction,Phoenixheart Seed (T2),1,Herbalism,"[{""name"":""Sturdy Hide (T2)"",""qty"":1,""gathering_profession"":""Hunting""},{""name"":""Aether Sand (T2)"",""qty"":1,""gathering_profession"":""Arcane Extraction""},{""name"":""Phoenixheart Seed (T2)"",""qty"":1,""gathering_profession"":""Herbalism""}]"
651,Woodcrafter,,2,Uncommon,Eversmoking Bottle,Utility/Container,wood_misc,Crafted item (Uncommon).,Crafting output for Woodcrafter.,1,200,200,100,Keen Eye (T2),1,Hunting,Aether Sand (T2),1,Arcane Extraction,Phoenixheart Seed (T2),1,Herbalism,"[{""name"":""Keen Eye (T2)"",""qty"":1,""gathering_profession"":""Hunting""},{""name"":""Aether Sand (T2)"",""qty"":1,""gathering_profession"":""Arcane Extraction""},{""name"":""Phoenixheart Seed (T2)"",""qty"":1,""gathering_profession"":""Herbalism""}]"
652,Woodcrafter,,2,Uncommon,Lantern of Revealing,Utility/Container,wood_misc,Crafted item (Uncommon).,Crafting output for Woodcrafter.,1,200,200,100,Feathered Wing (T2),1,Hunting,Aether Sand (T2),1,Arcane Extraction,Phoenixheart Seed (T2),1,Herbalism,"[{""name"":""Feathered Wing (T2)"",""qty"":1,""gathering_profession"":""Hunting""},{""name"":""Aether Sand (T2)"",""qty"":1,""gathering_profession"":""Arcane Extraction""},{""name"":""Phoenixheart Seed (T2)"",""qty"":1,""gathering_profession"":""Herbalism""}]"
653,Woodcrafter,,2,Uncommon,Quiver of Ehlonna,Utility/Container,wood_misc,Crafted item (Uncommon).,Crafting output for Woodcrafter.,1,200,200,100,Wild Heart (T2),1,Hunting,Aether Sand (T2),1,Arcane Extraction,Phoenixheart Seed (T2),1,Herbalism,"[{""name"":""Wild Heart (T2)"",""qty"":1,""gathering_profession"":""Hunting""},{""name"":""Aether Sand (T2)"",""qty"":1,""gathering_profession"":""Arcane Extraction""},{""name"":""Phoenixheart Seed (T2)"",""qty"":1,""gathering_profession"":""Herbalism""}]"
654,Woodcrafter,,2,Uncommon,Rope of Climbing,Utility/Container,wood_misc,Crafted item (Uncommon).,Crafting output for Woodcrafter.,1,200,200,100,Razor Fang (T2),1,Hunting,Aether Sand (T2),1,Arcane Extraction,Sunpetal Bloom (T2),1,Herbalism,"[{""name"":""Razor Fang (T2)"",""qty"":1,""gathering_profession"":""Hunting""},{""name"":""Aether Sand (T2)"",""qty"":1,""gathering_profession"":""Arcane Extraction""},{""name"":""Sunpetal Bloom (T2)"",""qty"":1,""gathering_profession"":""Herbalism""}]"
655,Woodcrafter,,3,Rare,Instrument of the bards (Canaith mandolin),Instrument,instrument,Crafted item (Rare).,Crafting output for Woodcrafter.,1,1500,1500,750,Feathered Wing (T3),1,Hunting,Astral Prism (T3),1,Arcane Extraction,Moonshade Orchid (T3),1,Herbalism,"[{""name"":""Feathered Wing (T3)"",""qty"":1,""gathering_profession"":""Hunting""},{""name"":""Astral Prism (T3)"",""qty"":1,""gathering_profession"":""Arcane Extraction""},{""name"":""Moonshade Orchid (T3)"",""qty"":1,""gathering_profession"":""Herbalism""}]"
656,Woodcrafter,,3,Rare,Instrument of the bards (Cli lyre),Instrument,instrument,Crafted item (Rare).,Crafting output for Woodcrafter.,1,1500,1500,750,Dragon Gland (T3),1,Hunting,Astral Prism (T3),1,Arcane Extraction,Moonshade Orchid (T3),1,Herbalism,"[{""name"":""Dragon Gland (T3)"",""qty"":1,""gathering_profession"":""Hunting""},{""name"":""Astral Prism (T3)"",""qty"":1,""gathering_profession"":""Arcane Extraction""},{""name"":""Moonshade Orchid (T3)"",""qty"":1,""gathering_profession"":""Herbalism""}]"
657,Woodcrafter,,3,Rare,Enspelled Staff (Level 3),Staff,staff_nonmagic,Crafted item (Rare).,Crafting output for Woodcrafter.,1,1500,1500,750,Chimera Horn (T3),1,Hunting,Mana Thread (T3),1,Arcane Extraction,Sunpetal Bloom (T3),1,Herbalism,"[{""name"":""Chimera Horn (T3)"",""qty"":1,""gathering_profession"":""Hunting""},{""name"":""Mana Thread (T3)"",""qty"":1,""gathering_profession"":""Arcane Extraction""},{""name"":""Sunpetal Bloom (T3)"",""qty"":1,""gathering_profession"":""Herbalism""}]"
658,Woodcrafter,,3,Rare,Staff of Charming,Staff,staff_magic,Crafted item (Rare).,Crafting output for Woodcrafter.,1,1500,1500,750,Feathered Wing (T3),1,Hunting,Rift Glass (T3),1,Arcane Extraction,Rootcap Mushroom (T3),1,Herbalism,"[{""name"":""Feathered Wing (T3)"",""qty"":1,""gathering_profession"":""Hunting""},{""name"":""Rift Glass (T3)"",""qty"":1,""gathering_profession"":""Arcane Extraction""},{""name"":""Rootcap Mushroom (T3)"",""qty"":1,""gathering_profession"":""Herbalism""}]"
659,Woodcrafter,,3,Rare,Staff of Healing,Staff,staff_magic,Crafted item (Rare).,Crafting output for Woodcrafter.,1,1500,1500,750,Chimera Horn (T3),1,Hunting,Rift Glass (T3),1,Arcane Extraction,Rootcap Mushroom (T3),1,Herbalism,"[{""name"":""Chimera Horn (T3)"",""qty"":1,""gathering_profession"":""Hunting""},{""name"":""Rift Glass (T3)"",""qty"":1,""gathering_profession"":""Arcane Extraction""},{""name"":""Rootcap Mushroom (T3)"",""qty"":1,""gathering_profession"":""Herbalism""}]"
660,Woodcrafter,,3,Rare,Staff of the Woodlands,Staff,staff_magic,Crafted item (Rare).,Crafting output for Woodcrafter.,1,1500,1500,750,Keen Eye (T3),1,Hunting,Rift Glass (T3),1,Arcane Extraction,Rootcap Mushroom (T3),1,Herbalism,"[{""name"":""Keen Eye (T3)"",""qty"":1,""gathering_profession"":""Hunting""},{""name"":""Rift Glass (T3)"",""qty"":1,""gathering_profession"":""Arcane Extraction""},{""name"":""Rootcap Mushroom (T3)"",""qty"":1,""gathering_profession"":""Herbalism""}]"
661,Woodcrafter,,3,Rare,Bag of Beans,Utility/Container,wood_misc,Crafted item (Rare).,Crafting output for Woodcrafter.,1,1500,1500,750,Feathered Wing (T3),1,Hunting,Aether Sand (T3),1,Arcane Extraction,Phoenixheart Seed (T3),1,Herbalism,"[{""name"":""Feathered Wing (T3)"",""qty"":1,""gathering_profession"":""Hunting""},{""name"":""Aether Sand (T3)"",""qty"":1,""gathering_profession"":""Arcane Extraction""},{""name"":""Phoenixheart Seed (T3)"",""qty"":1,""gathering_profession"":""Herbalism""}]"
662,Woodcrafter,,3,Rare,Rope of Entanglement,Utility/Container,wood_misc,Crafted item (Rare).,Crafting output for Woodcrafter.,1,1500,1500,750,Wild Heart (T3),1,Hunting,Aether Sand (T3),1,Arcane Extraction,Phoenixheart Seed (T3),1,Herbalism,"[{""name"":""Wild Heart (T3)"",""qty"":1,""gathering_profession"":""Hunting""},{""name"":""Aether Sand (T3)"",""qty"":1,""gathering_profession"":""Arcane Extraction""},{""name"":""Phoenixheart Seed (T3)"",""qty"":1,""gathering_profession"":""Herbalism""}]"
663,Woodcrafter,,4,Rare,Instrument of the Bards,Instrument,instrument,Crafted item (Rare).,Crafting output for Woodcrafter.,1,3750,3750,1875,Dragon Gland (T4),1,Hunting,Mana Thread (T4),1,Arcane Extraction,Sunpetal Bloom (T4),1,Herbalism,"[{""name"":""Dragon Gland (T4)"",""qty"":1,""gathering_profession"":""Hunting""},{""name"":""Mana Thread (T4)"",""qty"":1,""gathering_profession"":""Arcane Extraction""},{""name"":""Sunpetal Bloom (T4)"",""qty"":1,""gathering_profession"":""Herbalism""}]"
664,Woodcrafter,,4,Very Rare,Instrument of the Bards (Anstruth Harp),Instrument,instrument,Crafted item (Very Rare).,Crafting output for Woodcrafter.,1,7500,7500,3750,Chimera Horn (T4),1,Hunting,Mana Thread (T4),1,Arcane Extraction,Sunpetal Bloom (T4),1,Herbalism,"[{""name"":""Chimera Horn (T4)"",""qty"":1,""gathering_profession"":""Hunting""},{""name"":""Mana Thread (T4)"",""qty"":1,""gathering_profession"":""Arcane Extraction""},{""name"":""Sunpetal Bloom (T4)"",""qty"":1,""gathering_profession"":""Herbalism""}]"
665,Woodcrafter,,4,Very Rare,Lute of Thunderous Thumping,Instrument,instrument,Crafted item (Very Rare).,Crafting output for Woodcrafter.,1,7500,7500,3750,Razor Fang (T4),1,Hunting,Mana Thread (T4),1,Arcane Extraction,Sunpetal Bloom (T4),1,Herbalism,"[{""name"":""Razor Fang (T4)"",""qty"":1,""gathering_profession"":""Hunting""},{""name"":""Mana Thread (T4)"",""qty"":1,""gathering_profession"":""Arcane Extraction""},{""name"":""Sunpetal Bloom (T4)"",""qty"":1,""gathering_profession"":""Herbalism""}]"
666,Woodcrafter,,4,Rare,Enspelled Staff (Level 2),Staff,staff_nonmagic,Crafted item (Rare).,Crafting output for Woodcrafter.,1,3750,3750,1875,Sturdy Hide (T4),1,Hunting,Void Essence (T4),1,Arcane Extraction,Silvermint Sprig (T4),1,Herbalism,"[{""name"":""Sturdy Hide (T4)"",""qty"":1,""gathering_profession"":""Hunting""},{""name"":""Void Essence (T4)"",""qty"":1,""gathering_profession"":""Arcane Extraction""},{""name"":""Silvermint Sprig (T4)"",""qty"":1,""gathering_profession"":""Herbalism""}]"
667,Woodcrafter,,4,Rare,Staff of Swarming Insects,Staff,staff_magic,Crafted item (Rare).,Crafting output for Woodcrafter.,1,3750,3750,1875,Sturdy Hide (T4),1,Hunting,Astral Prism (T4),1,Arcane Extraction,Moonshade Orchid (T4),1,Herbalism,"[{""name"":""Sturdy Hide (T4)"",""qty"":1,""gathering_profession"":""Hunting""},{""name"":""Astral Prism (T4)"",""qty"":1,""gathering_profession"":""Arcane Extraction""},{""name"":""Moonshade Orchid (T4)"",""qty"":1,""gathering_profession"":""Herbalism""}]"
668,Woodcrafter,,4,Rare,Staff of Withering,Staff,staff_magic,Crafted item (Rare).,Crafting output for Woodcrafter.,1,3750,3750,1875,Chimera Horn (T4),1,Hunting,Astral Prism (T4),1,Arcane Extraction,Moonshade Orchid (T4),1,Herbalism,"[{""name"":""Chimera Horn (T4)"",""qty"":1,""gathering_profession"":""Hunting""},{""name"":""Astral Prism (T4)"",""qty"":1,""gathering_profession"":""Arcane Extraction""},{""name"":""Moonshade Orchid (T4)"",""qty"":1,""gathering_profession"":""Herbalism""}]"
669,Woodcrafter,,5,Very Rare,Instrument of the bards (Anstruth harp),Instrument,instrument,Crafted item (Very Rare).,Crafting output for Woodcrafter.,1,15000,15000,7500,Feathered Wing (T5),1,Hunting,Aether Sand (T5),1,Arcane Extraction,Phoenixheart Seed (T5),1,Herbalism,"[{""name"":""Feathered Wing (T5)"",""qty"":1,""gathering_profession"":""Hunting""},{""name"":""Aether Sand (T5)"",""qty"":1,""gathering_profession"":""Arcane Extraction""},{""name"":""Phoenixheart Seed (T5)"",""qty"":1,""gathering_profession"":""Herbalism""}]"
670,Woodcrafter,,5,Very Rare,Enspelled Staff (Level 4),Staff,staff_nonmagic,Crafted item (Very Rare).,Crafting output for Woodcrafter.,1,15000,15000,7500,Feathered Wing (T5),1,Hunting,Void Essence (T5),1,Arcane Extraction,Silvermint Sprig (T5),1,Herbalism,"[{""name"":""Feathered Wing (T5)"",""qty"":1,""gathering_profession"":""Hunting""},{""name"":""Void Essence (T5)"",""qty"":1,""gathering_profession"":""Arcane Extraction""},{""name"":""Silvermint Sprig (T5)"",""qty"":1,""gathering_profession"":""Herbalism""}]"
671,Woodcrafter,,5,Very Rare,Enspelled Staff (Level 5),Staff,staff_nonmagic,Crafted item (Very Rare).,Crafting output for Woodcrafter.,1,15000,15000,7500,Keen Eye (T5),1,Hunting,Void Essence (T5),1,Arcane Extraction,Silvermint Sprig (T5),1,Herbalism,"[{""name"":""Keen Eye (T5)"",""qty"":1,""gathering_profession"":""Hunting""},{""name"":""Void Essence (T5)"",""qty"":1,""gathering_profession"":""Arcane Extraction""},{""name"":""Silvermint Sprig (T5)"",""qty"":1,""gathering_profession"":""Herbalism""}]"
672,Woodcrafter,,5,Very Rare,Quarterstaff of the Acrobat,Staff,staff_magic,Crafted item (Very Rare).,Crafting output for Woodcrafter.,1,15000,15000,7500,Dragon Gland (T5),1,Hunting,Spell Soot (T5),1,Arcane Extraction,Duskleaf Frond (T5),1,Herbalism,"[{""name"":""Dragon Gland (T5)"",""qty"":1,""gathering_profession"":""Hunting""},{""name"":""Spell Soot (T5)"",""qty"":1,""gathering_profession"":""Arcane Extraction""},{""name"":""Duskleaf Frond (T5)"",""qty"":1,""gathering_profession"":""Herbalism""}]"
673,Woodcrafter,,5,Very Rare,Staff of Fire,Staff,staff_magic,Crafted item (Very Rare).,Crafting output for Woodcrafter.,1,15000,15000,7500,Feathered Wing (T5),1,Hunting,Spell Soot (T5),1,Arcane Extraction,Duskleaf Frond (T5),1,Herbalism,"[{""name"":""Feathered Wing (T5)"",""qty"":1,""gathering_profession"":""Hunting""},{""name"":""Spell Soot (T5)"",""qty"":1,""gathering_profession"":""Arcane Extraction""},{""name"":""Duskleaf Frond (T5)"",""qty"":1,""gathering_profession"":""Herbalism""}]"
674,Woodcrafter,,5,Very Rare,Staff of Frost,Staff,staff_magic,Crafted item (Very Rare).,Crafting output for Woodcrafter.,1,15000,15000,7500,Sturdy Hide (T5),1,Hunting,Spell Soot (T5),1,Arcane Extraction,Duskleaf Frond (T5),1,Herbalism,"[{""name"":""Sturdy Hide (T5)"",""qty"":1,""gathering_profession"":""Hunting""},{""name"":""Spell Soot (T5)"",""qty"":1,""gathering_profession"":""Arcane Extraction""},{""name"":""Duskleaf Frond (T5)"",""qty"":1,""gathering_profession"":""Herbalism""}]"
675,Woodcrafter,,5,Very Rare,Staff of Power,Staff,staff_magic,Crafted item (Very Rare).,Crafting output for Woodcrafter.,1,15000,15000,7500,Razor Fang (T5),1,Hunting,Spell Soot (T5),1,Arcane Extraction,Duskleaf Frond (T5),1,Herbalism,"[{""name"":""Razor Fang (T5)"",""qty"":1,""gathering_profession"":""Hunting""},{""name"":""Spell Soot (T5)"",""qty"":1,""gathering_profession"":""Arcane Extraction""},{""name"":""Duskleaf Frond (T5)"",""qty"":1,""gathering_profession"":""Herbalism""}]"
676,Woodcrafter,,5,Very Rare,Staff of Striking,Staff,staff_magic,Crafted item (Very Rare).,Crafting output for Woodcrafter.,1,15000,15000,7500,Chimera Horn (T5),1,Hunting,Spell Soot (T5),1,Arcane Extraction,Duskleaf Frond (T5),1,Herbalism,"[{""name"":""Chimera Horn (T5)"",""qty"":1,""gathering_profession"":""Hunting""},{""name"":""Spell Soot (T5)"",""qty"":1,""gathering_profession"":""Arcane Extraction""},{""name"":""Duskleaf Frond (T5)"",""qty"":1,""gathering_profession"":""Herbalism""}]"
677,Woodcrafter,,5,Very Rare,Staff of Thunder and Lightning,Staff,staff_magic,Crafted item (Very Rare).,Crafting output for Woodcrafter.,1,15000,15000,7500,Keen Eye (T5),1,Hunting,Spell Soot (T5),1,Arcane Extraction,Duskleaf Frond (T5),1,Herbalism,"[{""name"":""Keen Eye (T5)"",""qty"":1,""gathering_profession"":""Hunting""},{""name"":""Spell Soot (T5)"",""qty"":1,""gathering_profession"":""Arcane Extraction""},{""name"":""Duskleaf Frond (T5)"",""qty"":1,""gathering_profession"":""Herbalism""}]"
678,Woodcrafter,,5,Very Rare,Efreeti Bottle,Utility/Container,wood_misc,Crafted item (Very Rare).,Crafting output for Woodcrafter.,1,15000,15000,7500,Dragon Gland (T5),1,Hunting,Void Essence (T5),1,Arcane Extraction,Silvermint Sprig (T5),1,Herbalism,"[{""name"":""Dragon Gland (T5)"",""qty"":1,""gathering_profession"":""Hunting""},{""name"":""Void Essence (T5)"",""qty"":1,""gathering_profession"":""Arcane Extraction""},{""name"":""Silvermint Sprig (T5)"",""qty"":1,""gathering_profession"":""Herbalism""}]"
679,Woodcrafter,,6,Legendary,Instrument of the Bards (Ollamh Harp),Instrument,instrument,Crafted item (Legendary).,Crafting output for Woodcrafter.,1,160000,160000,80000,Keen Eye (T6),1,Hunting,Rift Glass (T6),1,Arcane Extraction,Rootcap Mushroom (T6),1,Herbalism,"[{""name"":""Keen Eye (T6)"",""qty"":1,""gathering_profession"":""Hunting""},{""name"":""Rift Glass (T6)"",""qty"":1,""gathering_profession"":""Arcane Extraction""},{""name"":""Rootcap Mushroom (T6)"",""qty"":1,""gathering_profession"":""Herbalism""}]"
680,Woodcrafter,,6,Legendary,Instrument of the bards (Ollamh harp),Instrument,instrument,Crafted item (Legendary).,Crafting output for Woodcrafter.,1,160000,160000,80000,Feathered Wing (T6),1,Hunting,Rift Glass (T6),1,Arcane Extraction,Rootcap Mushroom (T6),1,Herbalism,"[{""name"":""Feathered Wing (T6)"",""qty"":1,""gathering_profession"":""Hunting""},{""name"":""Rift Glass (T6)"",""qty"":1,""gathering_profession"":""Arcane Extraction""},{""name"":""Rootcap Mushroom (T6)"",""qty"":1,""gathering_profession"":""Herbalism""}]"
681,Woodcrafter,,6,Legendary,Enspelled Staff (Level 6),Staff,staff_nonmagic,Crafted item (Legendary).,Crafting output for Woodcrafter.,1,160000,160000,80000,Dragon Gland (T6),1,Hunting,Luminous Pearl (T6),1,Arcane Extraction,Bitterthorn Berry (T6),1,Herbalism,"[{""name"":""Dragon Gland (T6)"",""qty"":1,""gathering_profession"":""Hunting""},{""name"":""Luminous Pearl (T6)"",""qty"":1,""gathering_profession"":""Arcane Extraction""},{""name"":""Bitterthorn Berry (T6)"",""qty"":1,""gathering_profession"":""Herbalism""}]"
682,Woodcrafter,,6,Legendary,Enspelled Staff (Level 7),Staff,staff_nonmagic,Crafted item (Legendary).,Crafting output for Woodcrafter.,1,160000,160000,80000,Sturdy Hide (T6),1,Hunting,Luminous Pearl (T6),1,Arcane Extraction,Bitterthorn Berry (T6),1,Herbalism,"[{""name"":""Sturdy Hide (T6)"",""qty"":1,""gathering_profession"":""Hunting""},{""name"":""Luminous Pearl (T6)"",""qty"":1,""gathering_profession"":""Arcane Extraction""},{""name"":""Bitterthorn Berry (T6)"",""qty"":1,""gathering_profession"":""Herbalism""}]"
683,Woodcrafter,,6,Legendary,Enspelled Staff (Level 8),Staff,staff_nonmagic,Crafted item (Legendary).,Crafting output for Woodcrafter.,1,160000,160000,80000,Chimera Horn (T6),1,Hunting,Luminous Pearl (T6),1,Arcane Extraction,Bitterthorn Berry (T6),1,Herbalism,"[{""name"":""Chimera Horn (T6)"",""qty"":1,""gathering_profession"":""Hunting""},{""name"":""Luminous Pearl (T6)"",""qty"":1,""gathering_profession"":""Arcane Extraction""},{""name"":""Bitterthorn Berry (T6)"",""qty"":1,""gathering_profession"":""Herbalism""}]"
684,Woodcrafter,,6,Legendary,Staff of the Magi,Staff,staff_magic,Crafted item (Legendary).,Crafting output for Woodcrafter.,1,160000,160000,80000,Keen Eye (T6),1,Hunting,Mana Thread (T6),1,Arcane Extraction,Sunpetal Bloom (T6),1,Herbalism,"[{""name"":""Keen Eye (T6)"",""qty"":1,""gathering_profession"":""Hunting""},{""name"":""Mana Thread (T6)"",""qty"":1,""gathering_profession"":""Arcane Extraction""},{""name"":""Sunpetal Bloom (T6)"",""qty"":1,""gathering_profession"":""Herbalism""}]"
685,Woodcrafter,,6,Legendary,Deck of Many Things,Utility/Container,wood_misc,Crafted item (Legendary).,Crafting output for Woodcrafter.,1,160000,160000,80000,Wild Heart (T6),1,Hunting,Spell Soot (T6),1,Arcane Extraction,Duskleaf Frond (T6),1,Herbalism,"[{""name"":""Wild Heart (T6)"",""qty"":1,""gathering_profession"":""Hunting""},{""name"":""Spell Soot (T6)"",""qty"":1,""gathering_profession"":""Arcane Extraction""},{""name"":""Duskleaf Frond (T6)"",""qty"":1,""gathering_profession"":""Herbalism""}]"
686,Woodcrafter,,7,Artifact,Quarterstaff,Staff,staff_nonmagic,Crafted item (Artifact).,Crafting output for Woodcrafter.,1,2000000,2000000,1000000,Keen Eye (T7),1,Hunting,Void Essence (T7),1,Arcane Extraction,Silvermint Sprig (T7),1,Herbalism,"[{""name"":""Keen Eye (T7)"",""qty"":1,""gathering_profession"":""Hunting""},{""name"":""Void Essence (T7)"",""qty"":1,""gathering_profession"":""Arcane Extraction""},{""name"":""Silvermint Sprig (T7)"",""qty"":1,""gathering_profession"":""Herbalism""}]"
